participant_id,question_number,question_text,transcript,designed_kcs,adaptive_kcs,question_correct,kc1_sample_space,kc2_conditioning,kc3_joint_chain,kc4_total_probability,kc5_bayes_update,conjunction,inverse,time_axis,denominator_neglect,base_rate_neglect,annotation_rationale
P01,0,A bag holds three red marbles and one blue marble. One marble is drawn at random. What is the probability that it is red? Explain your reasoning.,"Because you are drawing 1 marble at random, and you have a total of 4 marbles, and there are 3 red marbles, so the probability that you get a red marble is 3 over 4.",,,NA,NA,NA,NA,NA,NA,NA,NA,NA,NA,NA,"Warm-up, excluded from every channel by ruling, all cells NA."
P02,0,A bag holds three red marbles and one blue marble. One marble is drawn at random. What is the probability that it is red? Explain your reasoning.,"Okay, so we have three red marbles and one blue, so the total is four. If we draw one, the chance of drawing a red marble is three out of four. So at the end, the final answer is 0.75.",,,NA,NA,NA,NA,NA,NA,NA,NA,NA,NA,NA,"Warm-up, excluded from every channel by ruling, all cells NA."
P03,0,A bag holds three red marbles and one blue marble. One marble is drawn at random. What is the probability that it is red? Explain your reasoning.,"Okay, so the question is, a bag holds three red marbles and one blue marble, and what's the probability that the marble drawn is red as the first marble that we pick? Since there's four marbles in total, the probability that it is a red one is three out of four, because there's four in total and three at the start, like three red marbles at the start, so that's the probability. That's my reasoning.",,,NA,NA,NA,NA,NA,NA,NA,NA,NA,NA,NA,"Warm-up, excluded from every channel by ruling, all cells NA."
P04,0,A bag holds three red marbles and one blue marble. One marble is drawn at random. What is the probability that it is red? Explain your reasoning.,"So there's a total of four marbles, and the probability of one being red is a quarter. So the probability is 0.25. That's my answer and my reasoning.",,,NA,NA,NA,NA,NA,NA,NA,NA,NA,NA,NA,"Warm-up, excluded from every channel by ruling, all cells NA. Data note, the warm-up answer is wrong, 0.25 where the three-red bag gives 0.75, the cohort's only warm-up error, structurally excluded by design, recorded for the instrument section."
P05,0,A bag holds three red marbles and one blue marble. One marble is drawn at random. What is the probability that it is red? Explain your reasoning.,"The answer is 3 over 4, because in total there are 4 marbles, and then if you draw 1 at random, there's 3 red marbles, so it's 3 over 4, because 4 is the total, and there's 3 red ones.",,,NA,NA,NA,NA,NA,NA,NA,NA,NA,NA,NA,"Warm-up, excluded from every channel by ruling, all cells NA."
P06,0,A bag holds three red marbles and one blue marble. One marble is drawn at random. What is the probability that it is red? Explain your reasoning.,"So there are four marbles in the bag overall, and if we draw one at random, the chances that it is red is three quarters, because there are three red marbles and one blue marble in the bag.",,,NA,NA,NA,NA,NA,NA,NA,NA,NA,NA,NA,"Warm-up, excluded from every channel by ruling, all cells NA."
P07,0,A bag holds three red marbles and one blue marble. One marble is drawn at random. What is the probability that it is red? Explain your reasoning.,okay so we have four marbles in the bag and three of them are red and one of them are blue so if we draw one at random so the probability it is red is that 3 divided by 4 and it is 75%,,,NA,NA,NA,NA,NA,NA,NA,NA,NA,NA,NA,"Warm-up, excluded from every channel by ruling, all cells NA."
P08,0,A bag holds three red marbles and one blue marble. One marble is drawn at random. What is the probability that it is red? Explain your reasoning.,"There are four marbles in the bag, three of them are red, so three out of four marbles are red. So the probability is three out of four or 0.75.",,,NA,NA,NA,NA,NA,NA,NA,NA,NA,NA,NA,"Warm-up, excluded from every channel by ruling, all cells NA."
P09,0,A bag holds three red marbles and one blue marble. One marble is drawn at random. What is the probability that it is red? Explain your reasoning.,"The probability of drawing a red ball is one-third, because the probability of picking a ball in the bag is totally random. So there's three balls in the bag, and picking one ball in the bag will lead to a probability equal to one-third.",,,NA,NA,NA,NA,NA,NA,NA,NA,NA,NA,NA,"Warm-up, excluded from every channel by ruling, all cells NA. Data note, the warm-up misstates the bag, three balls and one-third against the four-marble stem, the second warm-up anomaly beside P04's, excluded by design, logged for the instrument section."
P10,0,A bag holds three red marbles and one blue marble. One marble is drawn at random. What is the probability that it is red? Explain your reasoning.,"Okay, so we have three marbles and one blue one overall we have four in total. So one fourth is the probability",,,NA,NA,NA,NA,NA,NA,NA,NA,NA,NA,NA,"Warm-up, excluded from every channel by ruling, all cells NA. Data note, the warm-up answers one-fourth against the three-red bag, the third warm-up anomaly beside P04 and P09, excluded by design, consolidated for the instrument section."
P11,0,A bag holds three red marbles and one blue marble. One marble is drawn at random. What is the probability that it is red? Explain your reasoning.,"There are 3 red marbles and 1 blue marble. In total, there are 4 marbles. Of the 4 marbles, 3 of those are red, so the probability that the randomly selected marble is red is 3 out of 4, or 75%.",,,NA,NA,NA,NA,NA,NA,NA,NA,NA,NA,NA,"Warm-up, excluded from every channel by ruling, all cells NA."
P12,0,A bag holds three red marbles and one blue marble. One marble is drawn at random. What is the probability that it is red? Explain your reasoning.,"So now it's recording, so you have to... Oh, okay, so the probability is 3 out of 4. We can model this as being without repetition, and there is some complicated formula for that, but it's not required in this simple case.",,,NA,NA,NA,NA,NA,NA,NA,NA,NA,NA,NA,"Warm-up, excluded from every channel by ruling, all cells NA."
P13,0,A bag holds three red marbles and one blue marble. One marble is drawn at random. What is the probability that it is red? Explain your reasoning.,"So it's in progress, right? Yeah. Well, I think for this answer, the probability that it's red should be three-fourth, as I think there are four marbles inside the bags. So the probability to pick each of them, since there are three red marbles inside, so I think there should be three multiplied one-fourth. So it should be three-fourth. Yeah. And now I need to end the conversation.",,,NA,NA,NA,NA,NA,NA,NA,NA,NA,NA,NA,"Warm-up, excluded from every channel by ruling, all cells NA."
P14,0,A bag holds three red marbles and one blue marble. One marble is drawn at random. What is the probability that it is red? Explain your reasoning.,"Since there are 4 marbles overall, and 3 red marbles, the probability that the marble drawn is red is 3 out of 4, or 3 divided by 4, or 75%.",,,NA,NA,NA,NA,NA,NA,NA,NA,NA,NA,NA,"Warm-up, excluded from every channel by ruling, all cells NA."
P15,0,A bag holds three red marbles and one blue marble. One marble is drawn at random. What is the probability that it is red? Explain your reasoning.,"So let's assume that these events are kind of independent, like random So the probability, like we total have four marbles, right? so the probability of The red marble being drawn is three Wait Yeah, so the probability that it's Red, it's 3 divided by 4 we multiply it by blue one, 1 divided by 4 and it's gonna be three-sixteenth or 0.1875.",,,NA,NA,NA,NA,NA,NA,NA,NA,NA,NA,NA,"Warm-up, excluded from every channel by ruling, all cells NA. Data note, the warm-up multiplies the red and blue shares to 0.1875, the fourth warm-up anomaly and the most diagnostic, their multiply signature at the floor item, consolidated for the instrument section."
P16,0,A bag holds three red marbles and one blue marble. One marble is drawn at random. What is the probability that it is red? Explain your reasoning.,"So, we have three red marbles and one blue, so there are four options might come out of the bag. And because we want to know the probability of the red one, it is three by four.",,,NA,NA,NA,NA,NA,NA,NA,NA,NA,NA,NA,"Warm-up, excluded from every channel by ruling, all cells NA."
P17,0,A bag holds three red marbles and one blue marble. One marble is drawn at random. What is the probability that it is red? Explain your reasoning.,so in the back there's a total four marbles out of three which is red so the probability that the random drawing model being read is three out of four which is 75 percent.,,,NA,NA,NA,NA,NA,NA,NA,NA,NA,NA,NA,"Warm-up, excluded from every channel by ruling, all cells NA."
P18,0,A bag holds three red marbles and one blue marble. One marble is drawn at random. What is the probability that it is red? Explain your reasoning.,"The probability that the marble is red is 75% because there are four marbles in the back total, three of them are red, three over four, 75%.",,,NA,NA,NA,NA,NA,NA,NA,NA,NA,NA,NA,"Warm-up, excluded from every channel by ruling, all cells NA."
P19,0,A bag holds three red marbles and one blue marble. One marble is drawn at random. What is the probability that it is red? Explain your reasoning.,"Okay, so the question asks, what is the probability that the marble you draw at random is red? So from the question, we know that there's a total of four marbles in the bag. And we know that three of those would be red. So that means out of the four possible options, three of them are red. So the probability that we draw a red marble at random would be three-fourths or 75%.",,,NA,NA,NA,NA,NA,NA,NA,NA,NA,NA,NA,"Warm-up, excluded from every channel by ruling, all cells NA."
P20,0,A bag holds three red marbles and one blue marble. One marble is drawn at random. What is the probability that it is red? Explain your reasoning.,"So, the answer is 1 over 4, and for my explanation, because there are totally 4 marbles in this bag, it's red, oh sorry, that is 3 over 4, because there are totally 4 marbles in the bag, and 3 of them are red, so it's 3 over 4.",,,NA,NA,NA,NA,NA,NA,NA,NA,NA,NA,NA,"Warm-up, excluded from every channel by ruling, all cells NA."
P21,0,A bag holds three red marbles and one blue marble. One marble is drawn at random. What is the probability that it is red? Explain your reasoning.,okay we have three red one blue so totall we have four marble. and three out of three four of them are red so it's 0.75,,,NA,NA,NA,NA,NA,NA,NA,NA,NA,NA,NA,"Warm-up, excluded from every channel by ruling, all cells NA."
P22,0,A bag holds three red marbles and one blue marble. One marble is drawn at random. What is the probability that it is red? Explain your reasoning.,"So, the probability of drawing a ball that is red out of the bag that has 4 balls is going to be 3 out of 4, or 75%. And the reason is that the probability is the probability of the number of red balls over the total number of balls, which is going to be 3 over 4.",,,NA,NA,NA,NA,NA,NA,NA,NA,NA,NA,NA,"Warm-up, excluded from every channel by ruling, all cells NA."
P23,0,A bag holds three red marbles and one blue marble. One marble is drawn at random. What is the probability that it is red? Explain your reasoning.,"Yeah, so there are three red marbles, one blue marble. So in total there are four marbles and What is the probability of a marble is red? So basically three over four so which is 75%",,,NA,NA,NA,NA,NA,NA,NA,NA,NA,NA,NA,"Warm-up, excluded from every channel by ruling, all cells NA."
P24,0,A bag holds three red marbles and one blue marble. One marble is drawn at random. What is the probability that it is red? Explain your reasoning.,"Now again, right? So since there are like three red marbles in the bag and there are four marbles in total I think that the probability is 75% because it's three red marbles divided by four number four Which is the number of marbles that are in total in the bag",,,NA,NA,NA,NA,NA,NA,NA,NA,NA,NA,NA,"Warm-up, excluded from every channel by ruling, all cells NA."
P25,0,A bag holds three red marbles and one blue marble. One marble is drawn at random. What is the probability that it is red? Explain your reasoning.,"Is it recording? Yes. Yeah. The probability that the marble is going to be red is going to be 3 by 4 because the total number of marbles is 4 and there are 3 marbles out of all the marbles, so 3 by 4. Is that a good explanation?",,,NA,NA,NA,NA,NA,NA,NA,NA,NA,NA,NA,"Warm-up, excluded from every channel by ruling, all cells NA."
P26,0,A bag holds three red marbles and one blue marble. One marble is drawn at random. What is the probability that it is red? Explain your reasoning.,"So the answer is 3 over 4, that is because in total you have 4 marbles in total. So the denominator for your probability should be 4, that corresponds to the total number. And comparing the ratio to red and blue, there are 3 times more red marbles than blue, so it would be 3 over 4, or simply just the total number of red marbles divided by the total number of marbles, which is just 3 over 4.",,,NA,NA,NA,NA,NA,NA,NA,NA,NA,NA,NA,"Warm-up, excluded from every channel by ruling, all cells NA."
P01,1,"A panel of psychologists interviewed 30 nurses and 70 accountants, all successful in their fields, and wrote short descriptions of each. One description has been drawn at random. Sam is warm and attentive, remembers colleagues' birthdays, and recently stayed late to comfort a distressed co-worker. What is the probability that Sam is one of the 30 nurses rather than one of the 70 accountants? Explain how you arrived at your answer.","I decided to use Bayes' Theorem to solve this problem. So the way I considered Bayes' Theorem was I calculated the probability of the nurse given the description. And as a result, when I used Bayes' Theorem, I flipped it around. So probability of nurse given description is equal to probability of description given nurse. And multiply by the probability of someone being a nurse divided by the probability of description. And I decided to take the probability of description given nurse to be 0.7, even though it wasn't necessarily given. Because the description that was given showed that it was more probable that Sam would be that the description came from a nurse. So I decided. To weight up the probability. And I took the probability of nurse to be 0.3. And I just took the probability of description to be 1. Because there was no other way of calculating the probability of description. So given this, I multiplied 0.7 times 0.3. And I divided it by 1. And I got 0.21 as a result.",kc1_sample_space;kc5_bayes_update,kc1_sample_space;kc5_bayes_update,wrong,correct,NA,NA,NA,wrong,NA,NA,NA,NA,quiet,"Attempted a genuine Bayes revision, prior 0.3 named, likelihood 0.7 estimated, but set the denominator to one and produced 0.21, revising downward on evidence they themself judged pro-nurse, an unsound judgment act, kc5 wrong, answer outside the key, wrong. The split itself was read faithfully, kc1 correct. The prior visibly entered their machinery, so base rate neglect is quiet."
P02,1,"A panel of psychologists interviewed 30 nurses and 70 accountants, all successful in their fields, and wrote short descriptions of each. One description has been drawn at random. Sam is warm and attentive, remembers colleagues' birthdays, and recently stayed late to comfort a distressed co-worker. What is the probability that Sam is one of the 30 nurses rather than one of the 70 accountants? Explain how you arrived at your answer.","Well, if we ignore the description, the probability is 0.3, which is 30 divided by the sum of total participating people, which is 30 plus 70. So overall, the answer is 0.3. But this answer ignored the provided evidence that Sam is warm and attentive. We cannot consider this evidence because we do not know the probability of warm and attentive people out of being a nurse or out of being an accountant. So my final answer is 0.3.",kc1_sample_space;kc5_bayes_update,kc1_sample_space;kc5_bayes_update,correct,correct,NA,NA,NA,correct,NA,NA,NA,NA,quiet,"Holds thirty percent from the split after explicitly weighing the description and rejecting it as unquantifiable, the licensed null update performed aloud, kc1 and kc5 correct, answer correct, prior-driven throughout, quiet."
P03,1,"A panel of psychologists interviewed 30 nurses and 70 accountants, all successful in their fields, and wrote short descriptions of each. One description has been drawn at random. Sam is warm and attentive, remembers colleagues' birthdays, and recently stayed late to comfort a distressed co-worker. What is the probability that Sam is one of the 30 nurses rather than one of the 70 accountants? Explain how you arrived at your answer.","Oh, I think there's a 30% chance that Sam is one of the 30 nurses rather than one of the 70 accountants, because the description doesn't really matter in this case, and since there is 100 participants in total, it's still a probability question, since Sam is the first participant that we choose, they can either be one of the 30 nurses or one of the 70 accountants, but since the total is 100, that's still 30 over 100, like 30 out of 100, so I'd say since the total is 100 and that's 100%, there is a 30% probability that Sam is one of the 30 nurses. And that's my response.",kc1_sample_space;kc5_bayes_update,kc1_sample_space;kc5_bayes_update,correct,correct,NA,NA,NA,correct,NA,NA,NA,NA,NA,"Thirty percent with the description evaluated as immaterial, sound evaluation and null update, all correct, quiet. Review, base_rate_neglect re-keyed to not-applicable, their route is a pure prior-read with the description dismissed unevaluated, no Bayes-shaped update ever faced, so the prior-weighing habitat never opens, the contrast with P01's Q1, where an update was run and the prior weighed inside it, drawing the line."
P04,1,"A panel of psychologists interviewed 30 nurses and 70 accountants, all successful in their fields, and wrote short descriptions of each. One description has been drawn at random. Sam is warm and attentive, remembers colleagues' birthdays, and recently stayed late to comfort a distressed co-worker. What is the probability that Sam is one of the 30 nurses rather than one of the 70 accountants? Explain how you arrived at your answer.","So, the answer is 0.03, no, sorry, the answer is 0.3, because this is drawn at random from a bundle of 100 responses, and there are 30 nurse responses and 70 accountant responses, so the chance of one of them being a nurse is 30 out of 100, which is equivalent to 0.3.",kc1_sample_space;kc5_bayes_update,kc1_sample_space,correct,correct,NA,NA,NA,NA,NA,NA,NA,NA,NA,"Bare sampling read, thirty of one hundred, the description never touched, so the judgment face was never engaged, kc5 NA, kc1 correct, answer correct, reasoning prior-driven, quiet. Review, base_rate_neglect not-applicable, the description never mentioned, a pure prior-read with no update faced, the habitat never opening."
P05,1,"A panel of psychologists interviewed 30 nurses and 70 accountants, all successful in their fields, and wrote short descriptions of each. One description has been drawn at random. Sam is warm and attentive, remembers colleagues' birthdays, and recently stayed late to comfort a distressed co-worker. What is the probability that Sam is one of the 30 nurses rather than one of the 70 accountants? Explain how you arrived at your answer.","The answer should be 30 over 100, because 100 is the total number of people interviewed, and 30 is the number of nurses, so him being one of the nurses, him being drawn as one of the nurses, would be 30 over 100.",kc1_sample_space;kc5_bayes_update,kc1_sample_space,correct,correct,NA,NA,NA,NA,NA,NA,NA,NA,NA,"Bare sampling read, kc5 not engaged, kc1 correct, answer correct, quiet. Review, base_rate_neglect not-applicable, a pure prior-read with the description never mentioned, no update faced, the habitat never opening."
P06,1,"A panel of psychologists interviewed 30 nurses and 70 accountants, all successful in their fields, and wrote short descriptions of each. One description has been drawn at random. Sam is warm and attentive, remembers colleagues' birthdays, and recently stayed late to comfort a distressed co-worker. What is the probability that Sam is one of the 30 nurses rather than one of the 70 accountants? Explain how you arrived at your answer.","The probability is three-tenths, I believe, because there are a hundred professionals overall. So chances of randomly drawing a nurse is 30 over 100 or 3 over 10. And then we're also given a bunch of descriptions about Sam as a person. But that has absolutely nothing to do with the amount of people being nurses and accountants. That's just a confounding description. So I believe it's 3 over 10.",kc1_sample_space;kc5_bayes_update,kc1_sample_space;kc5_bayes_update,correct,correct,NA,NA,NA,correct,NA,NA,NA,NA,NA,"Thirty percent with the description named a confound and dismissed, evaluation performed, kc5 correct, kc1 correct, answer correct, quiet. Review, base_rate_neglect not-applicable, the dismissal assertive rather than evaluated, nothing-to-do-with-the-amounts, no update faced, the kc5 credit for the sanctioned hold untouched."
P07,1,"A panel of psychologists interviewed 30 nurses and 70 accountants, all successful in their fields, and wrote short descriptions of each. One description has been drawn at random. Sam is warm and attentive, remembers colleagues' birthdays, and recently stayed late to comfort a distressed co-worker. What is the probability that Sam is one of the 30 nurses rather than one of the 70 accountants? Explain how you arrived at your answer.","There are 100 descriptions in the panel, and there are 30 nurses and 70 accountants, so the probability, and then they draw randomly one description. So the probability that a random description is a nurse is 30 divided by 100, and it is 30%.",kc1_sample_space;kc5_bayes_update,kc1_sample_space,correct,correct,NA,NA,NA,NA,NA,NA,NA,NA,NA,"Bare sampling read, thirty percent from the split, description untouched, kc5 NA, kc1 correct, answer correct, quiet. Review, base_rate_neglect not-applicable, a pure prior-read, the description never mentioned, no update faced."
P08,1,"A panel of psychologists interviewed 30 nurses and 70 accountants, all successful in their fields, and wrote short descriptions of each. One description has been drawn at random. Sam is warm and attentive, remembers colleagues' birthdays, and recently stayed late to comfort a distressed co-worker. What is the probability that Sam is one of the 30 nurses rather than one of the 70 accountants? Explain how you arrived at your answer.","I would say the probability is 30 out of 100, so 30%. I have prior knowledge that the nurses are probably more likely to meet that description. That's kind of my own knowledge from outside of this, but I haven't got any quantitative explanation to say one or the other, and how much more likely a nurse is to be based on that description or not. So I would stick with my 30 out of 100, because I can't quantify the prior knowledge.",kc1_sample_space;kc5_bayes_update,kc1_sample_space;kc5_bayes_update,correct,correct,NA,NA,NA,correct,NA,NA,NA,NA,quiet,"Acknowledges the stereotype pull, declines it as unquantifiable, holds the prior, a completed sound judgment act, all correct, quiet."
P09,1,"A panel of psychologists interviewed 30 nurses and 70 accountants, all successful in their fields, and wrote short descriptions of each. One description has been drawn at random. Sam is warm and attentive, remembers colleagues' birthdays, and recently stayed late to comfort a distressed co-worker. What is the probability that Sam is one of the 30 nurses rather than one of the 70 accountants? Explain how you arrived at your answer.","The probability is 30% because the personality of the person that sees them is totally irrelevant to their occupation. So those two things are called statistically independent events. So drawing from that distribution, the probability of Sam is the nurses is just 30%.",kc1_sample_space;kc5_bayes_update,kc1_sample_space;kc5_bayes_update,correct,correct,NA,NA,NA,correct,NA,NA,NA,NA,NA,"Asserts independence of traits and occupation and holds thirty percent, evaluation performed, all correct, quiet. Review, base_rate_neglect not-applicable, the dismissal assertive, totally irrelevant, statistically independent, a flat claim rather than an evaluation, no update faced."
P10,1,"A panel of psychologists interviewed 30 nurses and 70 accountants, all successful in their fields, and wrote short descriptions of each. One description has been drawn at random. Sam is warm and attentive, remembers colleagues' birthdays, and recently stayed late to comfort a distressed co-worker. What is the probability that Sam is one of the 30 nurses rather than one of the 70 accountants? Explain how you arrived at your answer.","If we take into account and look only at the numbers that we have, I'm not making sense of the claims. I don't know how to translate them into probabilities. We have 30 nurses, over 100 total options, and therefore for the description to be a nurse is three-tenths.",kc1_sample_space;kc5_bayes_update,kc1_sample_space;kc5_bayes_update,correct,correct,NA,NA,NA,correct,NA,NA,NA,NA,NA,"Judges the qualitative claims untranslatable to probabilities and holds the prior, sound evaluation, all correct, quiet. Review, base_rate_neglect not-applicable on ruling, the epistemic hold acknowledged but no update faced, the route a prior-read with the evidence declared untranslatable, the habitat never opening."
P11,1,"A panel of psychologists interviewed 30 nurses and 70 accountants, all successful in their fields, and wrote short descriptions of each. One description has been drawn at random. Sam is warm and attentive, remembers colleagues' birthdays, and recently stayed late to comfort a distressed co-worker. What is the probability that Sam is one of the 30 nurses rather than one of the 70 accountants? Explain how you arrived at your answer.","There are 30 nurses and 70 accountants. In total, there are 100 people who have been interviewed, and so, therefore, 100 short descriptions. One of the descriptions is drawn at random. We have no information on how the descriptions are related to either of the two fields, so we can assume that the description is independent of the field, and, therefore, that information is not really useful, what is in the description. So, now we're just doing the probabilities, assuming that the nurses and accountants are independent of each other as well. And so, there are 30 nurses out of 100, so the probability that this is a nurse is 30 out of 100, or 3 out of 10. So, 30 percent.",kc1_sample_space;kc5_bayes_update,kc1_sample_space;kc5_bayes_update,correct,correct,NA,NA,NA,correct,NA,NA,NA,NA,NA,"Explicit independence assumption stated, prior held, all correct, quiet. Review, base_rate_neglect not-applicable, the structured epistemic hold acknowledged, no update faced, the line set with P10's ruling, all no-update prior-holds reading not-applicable."
P12,1,"A panel of psychologists interviewed 30 nurses and 70 accountants, all successful in their fields, and wrote short descriptions of each. One description has been drawn at random. Sam is warm and attentive, remembers colleagues' birthdays, and recently stayed late to comfort a distressed co-worker. What is the probability that Sam is one of the 30 nurses rather than one of the 70 accountants? Explain how you arrived at your answer.","Okay, so the answer is 30%. And now we can arrive at the answer using the following way of thinking. We use Bayes' theorem with conditional probability, and we want to calculate the probability of the event that sum is inert, given two priors. The first prior is the given statistical distribution of nurses and accountants in our population, and this is a quantitative prior, therefore we can keep it. And the other prior that we get is sum's personality, and this prior is qualitative. And... Yes, but for computing probability, we can only use quantitative priors, so we reject this qualitative prior. And because of that, the probability is simply equal to the distribution of nurses in the population, which is 30%.",kc1_sample_space;kc5_bayes_update,kc1_sample_space;kc5_bayes_update,correct,correct,NA,NA,NA,correct,NA,NA,NA,NA,quiet,"Rejects the qualitative prior, keeps the quantitative one, thirty percent, sound evaluation, all correct, quiet. Review, base_rate_neglect held quiet on ruling, the prior's role explicitly reasoned, the base rate named as the quantitative prior and argued for retention while the qualitative one is rejected on a stated criterion, the articulated class, the refined line recorded, no-update holds read not-applicable unless the prior's role is explicitly reasoned."
P13,1,"A panel of psychologists interviewed 30 nurses and 70 accountants, all successful in their fields, and wrote short descriptions of each. One description has been drawn at random. Sam is warm and attentive, remembers colleagues' birthdays, and recently stayed late to comfort a distressed co-worker. What is the probability that Sam is one of the 30 nurses rather than one of the 70 accountants? Explain how you arrived at your answer.","Hi. Well, I think I forgot how to calculate the accurate probability from the Bayeson's theorem, but I think the probability that Sam is one of the 30 nurses rather than one of the 70 accountants should be higher rather than 3 by 10. If you didn't provide any context, just like I didn't know Sam is warm and attentive, since he remembers colleagues' birthdays as well as some other information. Well, this kind of context said that Sam is quite familiar with other colleagues. So it's more like that he should be one of the colleagues. So I think Sam should be one of the 30 nurses. Based on this kind of context, I think the probability of Sam is a nurse would be higher rather than just the guessing. If I'm just guessing whether Sam is one of the nurses or accountants, I think it should be the number of nurses divided the whole attendees or the number of accountants divided by the total people numbers. But actually, I think based on your context, I think Sam is quite familiar with colleagues. So I prefer that. The probability of Sam to be a nurse would be higher rather than the accountants. So I think the probability would be higher than 3 by 10.",kc1_sample_space;kc5_bayes_update,kc1_sample_space;kc5_bayes_update,wrong,correct,NA,NA,NA,wrong,NA,NA,NA,NA,quiet,"Weighs the description, judges it pro-nurse, and revises upward from the named baseline of three in ten without any licensed quantity, an unlicensed revision, kc5 wrong, and no admissible value stated, answer wrong. The prior demonstrably anchored the move, so the conception of prior-absent reasoning is absent, quiet, the (kc5 wrong, quiet) exemplar. Review, kc5 held wrong on ruling, the P08 contrast carrying it, the identical epistemic state, stereotype impressions acknowledged and unquantifiable, resolved there by holding the prior and here by shifting on the unlicensed evidence, higher than three-in-ten committed, the revision act performed and unsound, with base_rate_neglect quiet standing on the prior-as-anchor ground, the item's only bait-taker, underweighting without dismissal, the classic paradigm's broader reading noted for the discussion."
P14,1,"A panel of psychologists interviewed 30 nurses and 70 accountants, all successful in their fields, and wrote short descriptions of each. One description has been drawn at random. Sam is warm and attentive, remembers colleagues' birthdays, and recently stayed late to comfort a distressed co-worker. What is the probability that Sam is one of the 30 nurses rather than one of the 70 accountants? Explain how you arrived at your answer.","The information given about Sam matches more closely with stereotypes relating to nurses than relating to accountants. But that link is not spelled out in the question, so it is irrelevant. What is relevant is the proportion of nurses versus accountants. There are 100 people overall, of which 30 are nurses. So the probability that Sam is a nurse, since they were drawn at random, is 30 out of 100, or 30%.",kc1_sample_space;kc5_bayes_update,kc1_sample_space;kc5_bayes_update,correct,correct,NA,NA,NA,correct,NA,NA,NA,NA,quiet,"Notes the stereotype and rejects it as not spelled out in the question, holds thirty, the licensure reasoning performed explicitly, all correct, quiet."
P15,1,"A panel of psychologists interviewed 30 nurses and 70 accountants, all successful in their fields, and wrote short descriptions of each. One description has been drawn at random. Sam is warm and attentive, remembers colleagues' birthdays, and recently stayed late to comfort a distressed co-worker. What is the probability that Sam is one of the 30 nurses rather than one of the 70 accountants? Explain how you arrived at your answer.","so here it's really hard to see because basically someone can belong like him being warm attentive and remembering birthdays etc it can be characteristic attributed to both the nurses and both the accountants and that's kind of something independent one i would assume. so i would say 1 divided by 30 multiplied by 1 divided by 70 that's gonna be one divided by two thousand one hundred something. so it's gonna be 0.0004761, something like that maybe",kc1_sample_space;kc5_bayes_update,kc1_sample_space,wrong,wrong,NA,NA,NA,NA,NA,NA,NA,NA,NA,"Evaluates the description as attributable to both professions, a sound null evaluation, kc5 correct. But the split never becomes a prior, they multiplies reciprocals of the group counts into one in twenty-one hundred, a foundations failure, kc1 wrong, answer wrong. The description carried nothing, quiet. Review, kc5 re-keyed to not-applicable, the reciprocal product contains no update-shaped act, the wreckage charged at kc1, and base_rate_neglect not-applicable, no prior-role reasoning, the assertive independence line."
P16,1,"A panel of psychologists interviewed 30 nurses and 70 accountants, all successful in their fields, and wrote short descriptions of each. One description has been drawn at random. Sam is warm and attentive, remembers colleagues' birthdays, and recently stayed late to comfort a distressed co-worker. What is the probability that Sam is one of the 30 nurses rather than one of the 70 accountants? Explain how you arrived at your answer.","i believe the final probability for this is 9 over, 9 by 70 and how i arrived to this number is that the probability of being a nurse is 30 by 100, the probability of being an accountant it is 70 by 100. and the probability of being a nurse over being an accountant is 0.3 cross 0.3 by 0.7 so the final answer is 9 by 70.",kc1_sample_space;kc5_bayes_update,kc1_sample_space,wrong,wrong,NA,NA,NA,NA,NA,NA,NA,NA,NA,"Never touches the description, so the judgment face is not engaged, kc5 NA. Manufactures a quantity from the split, 0.3 times 0.3 over 0.7, an unsound foundations act, kc1 wrong, answer wrong. The answer is built from the split, however badly, quiet. Review, base_rate_neglect not-applicable, the odds-flavored chaos construction faces no update, no prior-role reasoning anywhere."
P17,1,"A panel of psychologists interviewed 30 nurses and 70 accountants, all successful in their fields, and wrote short descriptions of each. One description has been drawn at random. Sam is warm and attentive, remembers colleagues' birthdays, and recently stayed late to comfort a distressed co-worker. What is the probability that Sam is one of the 30 nurses rather than one of the 70 accountants? Explain how you arrived at your answer.","I think the answer is 30%, because there are a total of 100 persons, and of those 100, 30 are nurses. So when you draw something from random, I think the answer is 30. Although we have given a description about the given person, but there's no more information about connecting those descriptions to the nurses or accountants. So I think it does not matter, so the answer is 30%.",kc1_sample_space;kc5_bayes_update,kc1_sample_space;kc5_bayes_update,correct,correct,NA,NA,NA,correct,NA,NA,NA,NA,quiet,"No stated link between descriptions and professions, holds thirty, sound evaluation, all correct, quiet."
P18,1,"A panel of psychologists interviewed 30 nurses and 70 accountants, all successful in their fields, and wrote short descriptions of each. One description has been drawn at random. Sam is warm and attentive, remembers colleagues' birthdays, and recently stayed late to comfort a distressed co-worker. What is the probability that Sam is one of the 30 nurses rather than one of the 70 accountants? Explain how you arrived at your answer.","The probability that I was one of the 30 nurses is 30%, as a description was pulled at random from 100 total descriptions, 30 of which are from nurses, so 30 divided by 100 is 30%.",kc1_sample_space;kc5_bayes_update,kc1_sample_space,correct,correct,NA,NA,NA,NA,NA,NA,NA,NA,NA,"Bare sampling read, kc5 NA, kc1 correct, answer correct, quiet. Review, base_rate_neglect not-applicable, the description never mentioned, a pure counts read, no update faced."
P19,1,"A panel of psychologists interviewed 30 nurses and 70 accountants, all successful in their fields, and wrote short descriptions of each. One description has been drawn at random. Sam is warm and attentive, remembers colleagues' birthdays, and recently stayed late to comfort a distressed co-worker. What is the probability that Sam is one of the 30 nurses rather than one of the 70 accountants? Explain how you arrived at your answer.","So this question is asking us, what is the probability that Sam is a nurse? Because being a nurse and being an accountant are mutually exclusive. You can't be both at the same time. So to calculate the probability of Sam being a nurse, we look at the total number of people in the room, which is 100 people. And then out of these 100 people, we know that 30 of them are nurses. So the probability that a description drawn at random belongs to someone who is a nurse would be 0.3 or 30%.",kc1_sample_space;kc5_bayes_update,kc1_sample_space,correct,correct,NA,NA,NA,NA,NA,NA,NA,NA,NA,"Bare sampling read with a mutual-exclusivity framing, kc5 NA, kc1 correct, answer correct, quiet. Review, base_rate_neglect not-applicable, the description never mentioned, a pure counts read, no update faced."
P20,1,"A panel of psychologists interviewed 30 nurses and 70 accountants, all successful in their fields, and wrote short descriptions of each. One description has been drawn at random. Sam is warm and attentive, remembers colleagues' birthdays, and recently stayed late to comfort a distressed co-worker. What is the probability that Sam is one of the 30 nurses rather than one of the 70 accountants? Explain how you arrived at your answer.","My answer is 1 over 100. The reason is that I feel like the description for one person is not related to what kind of occupation he or she is. So, beyond this kind of description for this person, there are 100 people in this panel. There are 100 people, and 30, 30, oh, sorry, wait, I changed my answer, sorry. Oh, so the answer is, The answer is 3 over 10. The reason is, like, the description is not related to the occupation that this person is. So, basically, we totally have 100 people in the interviewee group, and 30 of them is nurses. So, he has... 3 over 10 probability to be the nurse.",kc1_sample_space;kc5_bayes_update,kc1_sample_space;kc5_bayes_update,correct,correct,NA,NA,NA,correct,NA,NA,NA,NA,NA,"Self-corrects from one in one hundred to three in ten and rules the description unrelated to occupation, evaluation performed, all correct, quiet. Review, base_rate_neglect not-applicable, the assertive not-related dismissal, no prior-role reasoning, no update faced."
P21,1,"A panel of psychologists interviewed 30 nurses and 70 accountants, all successful in their fields, and wrote short descriptions of each. One description has been drawn at random. Sam is warm and attentive, remembers colleagues' birthdays, and recently stayed late to comfort a distressed co-worker. What is the probability that Sam is one of the 30 nurses rather than one of the 70 accountants? Explain how you arrived at your answer.","Okay, we totally have 100 people, 30 nurses, and 70 accountants, so we totally have 100 people, and 30 out of 100 of them are nurses, so the answer is 0.3, 30 out of 100 people.",kc1_sample_space;kc5_bayes_update,kc1_sample_space,correct,correct,NA,NA,NA,NA,NA,NA,NA,NA,NA,"Bare sampling read, kc5 NA, kc1 correct, answer correct, quiet. Review, base_rate_neglect not-applicable, the pure counts read, the description never mentioned, no update faced."
P22,1,"A panel of psychologists interviewed 30 nurses and 70 accountants, all successful in their fields, and wrote short descriptions of each. One description has been drawn at random. Sam is warm and attentive, remembers colleagues' birthdays, and recently stayed late to comfort a distressed co-worker. What is the probability that Sam is one of the 30 nurses rather than one of the 70 accountants? Explain how you arrived at your answer.","So the question asks, what's the probability that Sam is one of the 30 nurses rather than the 70 accountants? So if we're not taking the description into account, and we just, I guess, pick randomly from the population, well, the probability of anyone being a nurse is going to be the number of nurses over the total number of people in the population, which is going to be 30 over 70 plus 30, which is 100, so 30 over 100, which is 30%. So the answer is 30%.",kc1_sample_space;kc5_bayes_update,kc1_sample_space;kc5_bayes_update,correct,correct,NA,NA,NA,correct,NA,NA,NA,NA,NA,"States discarding the description as the method, an explicit evaluation, all correct, quiet. Review, base_rate_neglect not-applicable, the hold a scope declaration, not an evaluation, no prior-role reasoning."
P23,1,"A panel of psychologists interviewed 30 nurses and 70 accountants, all successful in their fields, and wrote short descriptions of each. One description has been drawn at random. Sam is warm and attentive, remembers colleagues' birthdays, and recently stayed late to comfort a distressed co-worker. What is the probability that Sam is one of the 30 nurses rather than one of the 70 accountants? Explain how you arrived at your answer.",So basically there are 100 people in total and the question is what is the probability that Sam is one of the 30 nurses rather than one of the 70 accountants? So basically it is the probability of a single person belonging to nurses drawn from the population of 100 people. So it is 30 divided by 100 so it is 30%.,kc1_sample_space;kc5_bayes_update,kc1_sample_space,correct,correct,NA,NA,NA,NA,NA,NA,NA,NA,NA,"Bare sampling read, kc5 NA, kc1 correct, answer correct, quiet. Review, base_rate_neglect not-applicable, the pure counts read, no update faced."
P24,1,"A panel of psychologists interviewed 30 nurses and 70 accountants, all successful in their fields, and wrote short descriptions of each. One description has been drawn at random. Sam is warm and attentive, remembers colleagues' birthdays, and recently stayed late to comfort a distressed co-worker. What is the probability that Sam is one of the 30 nurses rather than one of the 70 accountants? Explain how you arrived at your answer.","The probability that Sam is one of the nurses, I believe it's 30%, because there have been 100 descriptions written in total, but there are only 30 related to nurses and 70 related to accountants. So 30, the number of nurses divided by the number of participants, which is 100, is 0.3, which gives a probability of 30% that Sam is a nurse. Thank you.",kc1_sample_space;kc5_bayes_update,kc1_sample_space,correct,correct,NA,NA,NA,NA,NA,NA,NA,NA,NA,"Bare sampling read, kc5 NA, kc1 correct, answer correct, quiet. Review, base_rate_neglect not-applicable, the pure counts read, no update faced."
P25,1,"A panel of psychologists interviewed 30 nurses and 70 accountants, all successful in their fields, and wrote short descriptions of each. One description has been drawn at random. Sam is warm and attentive, remembers colleagues' birthdays, and recently stayed late to comfort a distressed co-worker. What is the probability that Sam is one of the 30 nurses rather than one of the 70 accountants? Explain how you arrived at your answer.","So, since there are 30 nurses and 70 accountants, and you pick up a description out of random, we need to find what the probability is that that description belongs to a nurse and not an accountant. And the probability of Sam being a nurse rather than an accountant is 30 by 100, which simplifies to 0.3, and so the answer is 0.3, or 0.3.",kc1_sample_space;kc5_bayes_update,kc1_sample_space,correct,correct,NA,NA,NA,NA,NA,NA,NA,NA,NA,"Bare sampling read, kc5 NA, kc1 correct, answer correct, quiet. Review, base_rate_neglect not-applicable, the pure counts read, no update faced."
P26,1,"A panel of psychologists interviewed 30 nurses and 70 accountants, all successful in their fields, and wrote short descriptions of each. One description has been drawn at random. Sam is warm and attentive, remembers colleagues' birthdays, and recently stayed late to comfort a distressed co-worker. What is the probability that Sam is one of the 30 nurses rather than one of the 70 accountants? Explain how you arrived at your answer.","The probability would be 3 over 10, so 0.3. The reasoning is that the probability of Sam being a nurse would be the number of nurses currently present, which is 30, divided by the total number of people interviewed, which would be 30 plus 70, which is 100. So 30 divided by 100 just simplifies to 3 over 10.",kc1_sample_space;kc5_bayes_update,kc1_sample_space,correct,correct,NA,NA,NA,NA,NA,NA,NA,NA,NA,"Bare sampling read, kc5 NA, kc1 correct, answer correct, quiet. Review, base_rate_neglect not-applicable, the pure counts read, no update faced."
P01,2,"Suppose a tennis player reaches the Wimbledon final. He has to win 3 out of 5 sets to win the final. Consider two possible events. The first is that the player will win the first set. The second is that the player will win the first set but lose the match. Is one of these events more likely than the other, or are they equally likely? Explain your reasoning.","If the player just wins the first set, then I took the probability to be half because there's no probability. I just took it to be half for simplicity. And if the player wins the first set but loses the match, I took it to be... I considered a few different cases. So first, I considered that the player won the first set, won the second set, and he lost the third, fourth, and fifth set. And for my second case, I just considered that the player won the first set, lost the second set, third set, fourth set, and fifth set. And when I calculated the probability, because I took the probability of winning a game to be half, and I also had to consider the different permutations of it, so I just multiplied half to the power of 5. For the first case, I multiplied half to the power of 5 times 5 factorial over 3 factorial times 2 factorial. And in the second case, I took it to be half to the power of 5 times 5 factorial divided by 4 factorial. And I added the probabilities together, and I got 0.46875, which is lesser than half. So therefore, I considered the second event that the player will win the first set but lose the match to be more likely.",kc1_sample_space,kc1_sample_space;kc3_joint_chain,wrong,correct,NA,correct,NA,NA,quiet,NA,NA,NA,NA,"Slip ruling on event labels, they computed both probabilities and got 0.469 for winning-then-losing versus 0.5 for winning the first set, then announced the second event as more likely, which reads as swapping which event was which rather than a belief that a sub-event beats its parent, so the ranking concept is credited. Their path products, half to the fifth with permutation counts, are the product rule soundly conceived, kc3 correct, though the combinatorics execution is off, execution lives in question_correct, which is wrong because the stated final verdict names the wrong event. Flag, conjunction quiet. Their answer named the second event as more likely, which is the trap's answer token, but the reasoning shows why the flag does not fire, they computed both probabilities with arithmetic and then read their own comparison backwards, a mix-up of labels, not a judgment that the richer story felt more likely. The conjunction fallacy is about a vivid scenario feeling more probable than its parent, and there is no story-feeling anywhere in their reasoning, only calculation. So the trap was set, they did not fall in through the trap's mechanism, quiet. Review note, the closing more-likely verdict against their own computed 0.469-under-0.5 is adjudicated a speech slip, not the extensional ranking, their machinery displays the containment correctly and the conjunction flag stays quiet, the verdict's wrongness priced at the answer."
P02,2,"Suppose a tennis player reaches the Wimbledon final. He has to win 3 out of 5 sets to win the final. Consider two possible events. The first is that the player will win the first set. The second is that the player will win the first set but lose the match. Is one of these events more likely than the other, or are they equally likely? Explain your reasoning.","Yes, the first probability, which is just winning the first set, is more likely because winning a set probability is just 50%. The second one is a conditional probability, so winning the first set, that is a probability of 50%, and then losing the match. So the overall probability is the probability of losing the match given the fact that they have already won the first set, which is a smaller probability compared to the first one, which is just winning the first set. So the answer is that the first case is more likely.",kc1_sample_space,kc1_sample_space;kc3_joint_chain,correct,correct,NA,wrong,NA,NA,NA,NA,NA,NA,NA,"The verdict is right and reasoned, so question_correct and kc1 are correct. But they says the second event's overall probability IS the probability of losing given they already won the first set, equating the asked-for joint with a conditional. Their own restatement of the event was faithful, so the sentence was understood and the mathematics dropped the distinction, that distinction is kc3's own content, kc3 wrong. Flag, conjunction quiet. They ranked the parent event higher through a structural argument, so the trap was resisted. The vividness of the win-then-lose story played no part in their reasoning, the conception is absent, quiet. Review, conjunction re-keyed to not-applicable, their construal read the second event as a conditional, so the extensional habitat, conjunction ranked against parent, never opened, never tested."
P03,2,"Suppose a tennis player reaches the Wimbledon final. He has to win 3 out of 5 sets to win the final. Consider two possible events. The first is that the player will win the first set. The second is that the player will win the first set but lose the match. Is one of these events more likely than the other, or are they equally likely? Explain your reasoning.","Well, these events are actually interconnected, so the second event can happen without the first event already having happened, or like, having confirmed, so I would say they have the same probability, and it doesn't really change, so I would say they're equally likely because without the first one happening, so without the player winning the first set, the second event, which is that the player will win the first set but lose the match, that can't happen without the player first winning the match. So I would say one of the events is not more likely to happen than the other, just because they are linked events, and they're equally likely because one can't happen without the other one happening.",kc1_sample_space,kc1_sample_space,wrong,wrong,NA,NA,NA,NA,quiet,NA,NA,NA,NA,"Declares the two events equally likely because they are linked and one cannot happen without the other. Reading dependence as equality is an unsound event-structure act, the subset relation means the conjunction cannot exceed its parent, kc1 wrong, answer wrong. Flag, conjunction quiet. They declared the two events equally likely, which looks trap-adjacent, but their reason was that the events are linked and one cannot happen without the other, a confusion about dependence and structure, already charged to kc1. The fallacy's mechanism, a compelling story outweighing its parent event, is nowhere in their words, so the flag stays quiet rather than fired. Review, conjunction held quiet on ruling, the ranking habitat was entered and the fallacy's ordering never committed, their equal-claim being a containment error charged at kc1, the conception affirmatively absent from their committed verdict."
P04,2,"Suppose a tennis player reaches the Wimbledon final. He has to win 3 out of 5 sets to win the final. Consider two possible events. The first is that the player will win the first set. The second is that the player will win the first set but lose the match. Is one of these events more likely than the other, or are they equally likely? Explain your reasoning.",the event that the first player will win the first set is more likely than the second event because the second event is a sub event inside the main event so the eventuality that the player will win the first set and win the match is also a sub event of the first event so in that case the first event which is the first that the player will win the first set is more likely to happen than the second event,kc1_sample_space,kc1_sample_space,correct,correct,NA,NA,NA,NA,quiet,NA,NA,NA,NA,"Clean subset argument, the second event sits inside the first, so the first is more likely. Sound containment ranking, kc1 correct, answer correct. Flag, conjunction quiet. Clean subset reasoning, the trap resisted through structure, no scenario-weighing anywhere, quiet."
P05,2,"Suppose a tennis player reaches the Wimbledon final. He has to win 3 out of 5 sets to win the final. Consider two possible events. The first is that the player will win the first set. The second is that the player will win the first set but lose the match. Is one of these events more likely than the other, or are they equally likely? Explain your reasoning.",The probability that the player will win the first set is higher than the probability that the player will win the first set but lose the match. Because the probability of winning the first set can be split into the probability of winning the first set and losing the match. And the probability of winning the first set and winning the match. Which means that these two probabilities sum up to the probability of winning the first set. hence that the winning for the first set is more likely than any of the sub events.,kc1_sample_space,kc1_sample_space,correct,correct,NA,NA,NA,NA,quiet,NA,NA,NA,NA,"Ranks by decomposition, winning the first set splits exactly into winning-then-losing plus winning-then-winning, so the parent equals the sum of its parts and must exceed either part. That identity is the law of total probability in joint form, so kc4 is credited alongside a sound kc1 containment ranking. No products are ever built, kc3 not engaged. Flag, conjunction quiet. They decomposed the parent into its two parts and ranked by the sum, pure structure, the story's vividness did no work, quiet. Review, kc4 re-keyed to not-applicable, the partition argument is flat disjoint additivity, kc1's register under the flat-sum boundary, one act, one home, the credit standing at kc1."
P06,2,"Suppose a tennis player reaches the Wimbledon final. He has to win 3 out of 5 sets to win the final. Consider two possible events. The first is that the player will win the first set. The second is that the player will win the first set but lose the match. Is one of these events more likely than the other, or are they equally likely? Explain your reasoning.","So I think one important assumption for this one is that the probability of winning a set is 50-50 for each player and that winning a set previously doesn't affect one's chances in any way of winning a subsequent set. So I do not think that the two described probabilities are equal I think it is more likely to win the first set, that the first player will win the first set over the fact that the player will win the first set but then lose the match. The reason is, so I think the probability for winning the first set as I just kind of elaborated on I will assume to be exactly 50% and then for the second scenario the probability of winning the first set is 50% but the probabilities, as I mentioned, I don't think they will change just because the player won a previous set so there's no momentum or anything to be factored in. So regardless of the first player winning the first set then we have five sets left essentially and the probability of winning each of them is always 50-50 essentially. So what that means is that like how can I say like there's four sets left and it's 50-50 but given that the first player already won the first set in this scenario the first player would then also win the game. So for the other player to actually win the game despite the fact that the first player won the first set the probability needs to be like lower than 50% essentially. So I think chances of the latter described scenario are lower than of the first.",kc1_sample_space,kc1_sample_space,correct,correct,NA,NA,NA,NA,quiet,NA,NA,NA,NA,"Correct verdict with assumptions stated, equal set probabilities and no momentum, and a qualitative argument that the second scenario demands more. No computation performed, kc1 correct, answer correct. Flag, conjunction quiet. Ranked the parent higher with independence assumptions stated, no plausibility reasoning, quiet."
P07,2,"Suppose a tennis player reaches the Wimbledon final. He has to win 3 out of 5 sets to win the final. Consider two possible events. The first is that the player will win the first set. The second is that the player will win the first set but lose the match. Is one of these events more likely than the other, or are they equally likely? Explain your reasoning.","So, according to problem, let's call the event that the player wins the match is ""win"". So, the probability of he wins should be P win, and the probability that he lose would be P lose. So, for each set, we call the event that he wins each set is according to A, B, C, D, E. So, for example, if he wins the first set, the event happened would be A. So, the probability of that event happened would be P A. So, it is similar to B, C, D, E.  So, the event that the player wins the first set but loses the match would be P A  given  lose. And according to Bayes' theorem, it's equal to P  lose  given A, and multiplied by P A, and all of them are divided by P lose. And... The probability of he lose the match, given that he won the first set, is always less than the probability that he lose the match. So, P lose given A, divided by P lose, is always less than 1. So, the probability that P  A given  lose is always less than P A. So, finally, the probability that the player wins the first set, but lose the match will be less than the probability that the player wins the first set.",kc1_sample_space,kc1_sample_space;kc3_joint_chain;kc5_bayes_update,correct,correct,NA,wrong,NA,correct,NA,NA,NA,NA,NA,"Faithfully restates the joint event, then declares it equals P(first-set-win given match-loss) and runs Bayes on that conditional, the joint-for-conditional construal, kc3 wrong under the construal rule. The Bayes machinery itself is sound, they argues the posterior must sit below the prior because P(lose given A) is below P(lose), a correct updating act, kc5 correct. Their conclusion holds a fortiori since the true joint is smaller still, answer correct, kc1 correct for the event handling and ranking. Flag, conjunction quiet. Ranked the parent higher through a Bayes argument, structural throughout, the conception absent, quiet. Review, conjunction not-applicable, their construal runs Bayes on the conditional first-set-given-lose, the joint replaced before any ranking, the extensional habitat never tested, the trio's second member under the P02-Q2 ruling."
P08,2,"Suppose a tennis player reaches the Wimbledon final. He has to win 3 out of 5 sets to win the final. Consider two possible events. The first is that the player will win the first set. The second is that the player will win the first set but lose the match. Is one of these events more likely than the other, or are they equally likely? Explain your reasoning.","I would say that it's more likely that the player would win the first set than the second possible event. But I've had to make some assumptions. I guess the first assumption is that every set has the same probability of that player winning it, which may not be particularly true. In fitness, they might be less likely to win the last set than the first set, for example. There are a number of other reasons as well. So I've made some assumptions, but making that assumption that each set has the same probability of being won by the player, then I would go with the first event is more likely to be true.",kc1_sample_space,kc1_sample_space,correct,correct,NA,NA,NA,NA,quiet,NA,NA,NA,NA,"Correct ranking with thin reasoning, assumptions about equal set probabilities stated and then the verdict. No unsound act appears, kc1 correct on the ranking, nothing else engaged, answer correct. Flag, conjunction quiet. Correct ranking with thin but structural reasoning, nothing resembling story-weighing, quiet. Review, conjunction held quiet on the behavioral bar, the habitat entered, the committed ranking non-fallacious, their declared equal-probability model the ground."
P09,2,"Suppose a tennis player reaches the Wimbledon final. He has to win 3 out of 5 sets to win the final. Consider two possible events. The first is that the player will win the first set. The second is that the player will win the first set but lose the match. Is one of these events more likely than the other, or are they equally likely? Explain your reasoning.","The first event is more likely because the second event relies on the first event. A person can only achieve the second event only if they win the first set. The probability of the second event will be the probability of the first event times a certain probability, which leads to a less likely condition.",kc1_sample_space,kc1_sample_space;kc3_joint_chain,correct,correct,NA,correct,NA,NA,quiet,NA,NA,NA,NA,"The second event equals the first times a further probability, so it must be less likely. The chain-rule construction is a sound kc3 act, the ranking a sound kc1 act, answer correct. Flag, conjunction quiet. Ranked by the chain rule, the second event being the first times a further probability, structural, quiet."
P10,2,"Suppose a tennis player reaches the Wimbledon final. He has to win 3 out of 5 sets to win the final. Consider two possible events. The first is that the player will win the first set. The second is that the player will win the first set but lose the match. Is one of these events more likely than the other, or are they equally likely? Explain your reasoning.","So if we consider the possible events that we have here, we take the second set and we expand the full expression for it, meaning that the probability of winning the second set, given that you won the first, and overall for you winning, you need three wins, and this is a symmetric situation, where things will, replacing them, it will give an advantage of having won the first set. So overall I think you are more likely to win, given that you won the first set.",kc1_sample_space,kc1_sample_space;kc2_conditioning,wrong,wrong,correct,NA,NA,NA,NA,NA,NA,NA,NA,"Answers a different question, whether winning the first set makes winning the match more likely, and never ranks the posed pair, so the posed comparison was misread, kc1 wrong and answer wrong, the cells that consumed the misreading. The conditional-advantage reasoning they actually performs is a sound conditioning act on its own content, kc2 correct, the channels separating exactly as the concept-level design intends. Flag, conjunction quiet. They answered a different comparison, but their reasoning contains no trace of the conjunction conception, no ranking of a vivid scenario above its parent, so the trap, though set, was never fallen into, quiet. Review, conjunction not-applicable, the posed ranking never faced, their construal answering match-win-given-first instead, the never-tested closure."
P11,2,"Suppose a tennis player reaches the Wimbledon final. He has to win 3 out of 5 sets to win the final. Consider two possible events. The first is that the player will win the first set. The second is that the player will win the first set but lose the match. Is one of these events more likely than the other, or are they equally likely? Explain your reasoning.","Okay, so the first assumption is that he has an equal chance of winning and losing inside of each set, right? So that means that for any given set, there's a 50% chance that he wins, 50% chance that he loses. So the two possible events, the first is that the player will win the first set. The chance that he wins this set, another assumption is that it's independent of all other sets. The chance that he wins this set is 50%, so that's that one. The first possible event has a 50% chance of happening. The second event is that the player will win the first set and lose the match. To look at this, we have to look at all of the possibilities for how the match can play out if the player wins the first set. So if he wins the first set... Okay, now on to the second one. So if he wins the second set and this player needs two more wins to win the match, so let's assume that he wins the second set. And then he assumes that he wins the third set, so that's WW. If we assume that he wins the second set and then loses the third set but wins the fourth set, he's won. If we assume that he wins the second set, loses, loses, wins. And we can go through all of the permutations and you'll see that there are 10 permutations. Given that he's won the first set, there are 10 permutations, and four of these permutations end in him ultimately losing. So that's a 4 in 10 chance that after he won the first set that he ultimately loses the match. That's 4 over 10, or 2 over 5, or a 40% chance, which is less likely than him losing the match. That's 4 over 10, or 2 over 5, or a 40% chance that after he won the first set that he ultimately loses the match. So the question asked, is one of these events more likely than the other? It is more likely that he wins the first set than he wins the first set but loses the match.",kc1_sample_space,kc1_sample_space,correct,correct,NA,NA,NA,NA,quiet,NA,NA,NA,NA,"Enumerates continuations after a first-set win and counts four losing paths in ten, concluding the first event is more likely. Ruled an intended equiprobable enumeration with a counting slip in which paths qualify, not the outcome-weighting fallacy, benefit of the mumbled reasoning, kc1 correct, answer correct. Flag, conjunction quiet. Enumerated continuations and ranked by their counts, structural, no plausibility judgment, quiet."
P12,2,"Suppose a tennis player reaches the Wimbledon final. He has to win 3 out of 5 sets to win the final. Consider two possible events. The first is that the player will win the first set. The second is that the player will win the first set but lose the match. Is one of these events more likely than the other, or are they equally likely? Explain your reasoning.","Okay, so the answer is that the probability of winning the first set but losing the match is lower than the probability of winning the first set. So I assume that both players have the same chance of winning a set that is 50% given that we do not have any prior information about their ATP ranking. So the probability to win the first set is 1 out of 2. And now to calculate the probability of winning the first set but losing the match, I drew a tree, a binary tree. This is a binary tree of depth. It has 4, representing the potential outcomes of all 4 sets. The match has got 5 sets, but we already know that one player won the first set. So then we consider only the remaining 4 sets. And then we consider the leaf nodes of this binary tree. There are 16 leaves. We then calculate. I then wrote out numbers from 0 to 15 written in binary base, so base 2. And then for each of these 16 numbers I counted then the number of ones. And that is our end result. And the number of ones indicates how many sets player A won. And then I know that player A who won the first set needs to win only two out of four sets to win. Conversely player B needs to win at least three out of four sets to win. Which means that using my sum of one digits for any of these 16 binary numbers if I get a sum of digits which is zero or one this means that player A lost. But if I get two, three or four this means that player A won. And from these three I get that the probability for player A losing is five out of sixteen. And so I use that as my final number. And that's it.",kc1_sample_space,kc1_sample_space,correct,correct,NA,NA,NA,NA,quiet,NA,NA,NA,NA,"Builds the full-depth binary tree over the remaining four sets, sixteen equiprobable leaves, and counts. Outcome-ratio counting on an equiprobable space is kc1 content done soundly, answer correct. Flag, conjunction quiet. Full binary-tree enumeration and counting, structural, quiet."
P13,2,"Suppose a tennis player reaches the Wimbledon final. He has to win 3 out of 5 sets to win the final. Consider two possible events. The first is that the player will win the first set. The second is that the player will win the first set but lose the match. Is one of these events more likely than the other, or are they equally likely? Explain your reasoning.","Well, I think that one of these events is more likely than another. For example, I think the probability of the first event is equal to the second one. Since the first one is that the player will win the first set. Well, I think the probability of this one is just one half, that is 50%. He can win this set and he can lose this kind of set. So the probability should be 50%. But for the second one, the player will win the first set but lose the match. I think it is different because my calculation probability will be 25 by 48. The reason why is that I think we need to use a BSN. Well, the difference why it is not equal to 50% is that if you preset the guys who win this kind of first set, that means if you wanted to lose the match, that means in the last four trials, he must only win one set. If he can win two sets or three sets, that means he will win the set. But the problem is that if you preset, he must lose the match. So we must have given that he can only win one or even smaller than one. So I think the probability will be that one minus he lose four last trials, one minus he win all last four trials, and minus he can win three of the last four trials, and minus he can win any two of the four trials. And the final result will be 25 by 48. And I think it is kind of bigger rather than the... 50%. Yeah. But I think it is kind of weird. Yeah, since... It should be smaller than 50%, since he has to win the first trials. And that means the result of he win the whole set will be higher rather than 50%. But I don't know why I calculate the result. It's kind of weird. It's smaller than 50%. Yeah. But the reason is just like that. But I think my answer is that the probability of first event should be equal to the second event since you have preset he lose the first set. So it will influence the lasting reasoning.",kc1_sample_space,kc1_sample_space,wrong,wrong,NA,NA,NA,NA,quiet,NA,NA,NA,NA,"Computes a detour value they themself distrusts, then lands on equality because the first set being preset influences the rest, a conditioning confusion standing in for the containment relation. Final answer equality, wrong, and the ranking act is unsound, kc1 wrong. Flag, conjunction quiet. Their final answer was equality, a trap-adjacent token, but the reason they gave was that presetting the first set influences the remaining reasoning, a confusion about conditioning, and their own detour computed numbers they distrusted, which is the opposite of judging by how compelling a story feels. The fallacy's mechanism is absent, quiet."
P14,2,"Suppose a tennis player reaches the Wimbledon final. He has to win 3 out of 5 sets to win the final. Consider two possible events. The first is that the player will win the first set. The second is that the player will win the first set but lose the match. Is one of these events more likely than the other, or are they equally likely? Explain your reasoning.","Let the probability that the player wins the first set be X, and the probability that they lose the match, given that they win the first set, be Y. Since winning the match requires three out of five sets to be won, we can assume that the probability of the player winning the match, given that they win the first set, is less than one. Which means Y, the probability that they... I'm going to try that again. Let X be the probability that the player wins the first set, and Y be the probability that the player loses the match, given that they win the first set. Thus, the first event has probability X, and the second has probability XY, since both events, winning the first set and losing the match, given that they win the first set, have to both occur. We can assume that losing the match, given that they win the first set, is not guaranteed. So, the probability of the second event is X times Y, where Y is less than one. Hence, the first event has probability higher than the second event. Since if Y is less than one, then X times Y is less than one. Since if Y is less than one, then X times Y is less than one. Since if Y is less than one, then Y is less than one. So, the first event is more likely!",kc1_sample_space,kc1_sample_space;kc3_joint_chain,correct,correct,NA,correct,NA,NA,quiet,NA,NA,NA,NA,"Lets X be the first event and XY the second with Y below one, so XY is below X. Algebraic containment through a chain product, kc1 and kc3 both sound, answer correct. Flag, conjunction quiet. Algebraic containment, XY below X, structural, quiet."
P15,2,"Suppose a tennis player reaches the Wimbledon final. He has to win 3 out of 5 sets to win the final. Consider two possible events. The first is that the player will win the first set. The second is that the player will win the first set but lose the match. Is one of these events more likely than the other, or are they equally likely? Explain your reasoning.","i think uh for the uh first event it's more likely to to occur because uh for the first event after the match is won, we have uh two more games to win right and for uh uh four possible combinations that can happen that uh we have to win two matches and they can happen at any orde,  i think there are around four combinations so kind of more opportunities how we can combine our winning games to like win the game in five sets in five for what like rounds. For second one on contrast we only have three opportunities to win basically because we need to get two more games and we only have uh three rounds because uh the last one is loose and we can basically only manipulate those three ones and for those the combination is going to be just like three combinations so the first event is more likely to occur.",kc1_sample_space,kc1_sample_space,correct,wrong,NA,NA,NA,NA,quiet,NA,NA,NA,NA,"The stated verdict names the first event as more likely, matching the key, answer correct. But the reasoning compares continuation counts for winning versus losing the match after a first-set win, misconstruing event one as winning the match, an event-structure failure, kc1 wrong. Flag, conjunction quiet. They ranked the first event higher through continuation counting, muddled but structural, no story-weighing, quiet."
P16,2,"Suppose a tennis player reaches the Wimbledon final. He has to win 3 out of 5 sets to win the final. Consider two possible events. The first is that the player will win the first set. The second is that the player will win the first set but lose the match. Is one of these events more likely than the other, or are they equally likely? Explain your reasoning.","I think these events are equally likely because it doesn't give us more information. It's winning the first out of five and the second is also winning out of five. And for the rest of the sets, we know that to lose the match, it is like three losing and maybe four losing. So I think that they are the same probability.",kc1_sample_space,kc1_sample_space,wrong,wrong,NA,NA,NA,NA,quiet,NA,NA,NA,NA,"Declares the events equally likely because the setup gives no more information, the containment relation never registers, kc1 wrong, answer wrong. Flag, conjunction quiet. They declared equality, the trap's token, but their reason was that the setup gives no more information and both events read as the same kind of thing, an event-structure blur already charged to kc1. Their reasoning is readable and shows no trace of a vivid scenario judged more likely, so this is quiet, not fired, and not unreadable, since the verdict on the conception is clear from their words, it is absent."
P17,2,"Suppose a tennis player reaches the Wimbledon final. He has to win 3 out of 5 sets to win the final. Consider two possible events. The first is that the player will win the first set. The second is that the player will win the first set but lose the match. Is one of these events more likely than the other, or are they equally likely? Explain your reasoning.","I think the answer is the first one is more likely, because the second option, that the player will win the first set but lose the match is the subset of the first case, that the player will win the first set. There's also a chance the player will win the first set and also win the match. So, the second one, that the player will win the first set but lose the match is less likely.",kc1_sample_space,kc1_sample_space,correct,correct,NA,NA,NA,NA,quiet,NA,NA,NA,NA,"Subset argument stated cleanly, the second is a subset of the first and also excludes the win-win path, kc1 correct, answer correct. Flag, conjunction quiet. Subset argument, structural, quiet."
P18,2,"Suppose a tennis player reaches the Wimbledon final. He has to win 3 out of 5 sets to win the final. Consider two possible events. The first is that the player will win the first set. The second is that the player will win the first set but lose the match. Is one of these events more likely than the other, or are they equally likely? Explain your reasoning.","So the first event is more likely, as it includes more outcomes. So for the first event, after the player wins the first set, anything can happen. So they could win the set, whereas in the second event, if they win the first set, they either win one more or win zero more. They can't win two more or four more because then they would win, but they have to lose the match, if that makes sense. So yes, the first event is more likely.",kc1_sample_space,kc1_sample_space,correct,correct,NA,NA,NA,NA,quiet,NA,NA,NA,NA,"Outcome-inclusion argument, after the first-set win anything counts for event one while event two needs specific loss patterns, sound containment reasoning, kc1 correct, answer correct. Flag, conjunction quiet. Outcome-inclusion argument, structural, quiet."
P19,2,"Suppose a tennis player reaches the Wimbledon final. He has to win 3 out of 5 sets to win the final. Consider two possible events. The first is that the player will win the first set. The second is that the player will win the first set but lose the match. Is one of these events more likely than the other, or are they equally likely? Explain your reasoning.","okay so first we are given three possible events um the first is that the player will win the first set and the second is that the player will win the first set but lose the match now we are not given the probability of a win for this. so let's say that the probability that the player wins one set is a half or 0.5. so then the probability that the player will win the first set would simply be just a half or 50 percent. now let's look at scenario two which is the um scenario where the player wins the first set but loses the match so to do this let's calculate how many ways there are for him to win the first set but lose the match. so again the probability of winning is 0.5. so he will win the first set um and then for him to lose overall he has to win less than three out of the five sets and we know for a fact that he wins the first one so he can lose all of the following sets which would mean the probability of this happening is 0.5 times 0.5 times 0.5 0.5 0.5 so that would be 0.5 to the power of five. um alternatively we can say that he wins the first set and he wins the second set uh loses all of the others which again the probability of this happening would be 0.5 to the power of 5. um alternatively again win number one lose win lose lose or win lose lose win lose then finally win lose lose then finally win lose lose then finally win lose lose lose lose and then win so to calculate the overall odds of this happening we simply add it up so we add 0.5 to the power of 5 actually we can since all of the odds are exactly the same we can just times this by 5. so the odds of the tennis player winning the first set but losing the match would be 0.16 so the odds of the player winning the first set would be higher. now there's a caveat to this in which I made up the probability of him winning at 0.5 that's not given in the question. however this reasoning is you are likely to hold since the probability of him in the second round winning and then losing all of the matches would be times in decimals which decimals get smaller as you time. but let's try with the probability of him winning one set as 0.7. so this would be 0.7 times the probability of him losing which is 0.3 times 0.3 to the power of 4, plus 4 times 0.7 square so this is what happens if he wins two matches and then loses the rest 4... plus four times uh 0.7 squared times by 0.3 um cubed since there are three ways that he can lose which again comes out to be 0.05 which is smaller than him uh which is smaller than the two possible events. now let's flip this around and make the probability of him uh winning smaller so let's say that this is now equal to 0.3 so then we would have uh the first event probability as 0.3 and then the second probability the second event probability would be 0.3 times 0.7 to the power of four and then the second probability would be 0.3 times 0.7 which is again the scenario where he loses the first one but uh wins sorry wins the first one but loses the other four plus again four times uh 0.3 squared which is the odds of him winning two games times by 0.7 uh cubed which is the odds of him losing three games uh and then we will add them to get 0.19. so even in this scenario the odds of the second event is smaller. so my final answer would be is that the second event is uh less likely so the first event is more likely than the other.",kc1_sample_space,kc1_sample_space;kc3_joint_chain,correct,correct,NA,correct,NA,NA,quiet,NA,NA,NA,NA,"Full enumeration of the losing paths with explicit probability products, then a robustness check at win probabilities of 0.7 and 0.3 where the space is not equiprobable and only the product rule reaches the numbers. Sound kc1 ranking and exemplary kc3 products under stipulated independence, answer correct. Flag, conjunction quiet. Full enumeration with products and robustness checks, the most thoroughly structural transcript on the item, quiet."
P20,2,"Suppose a tennis player reaches the Wimbledon final. He has to win 3 out of 5 sets to win the final. Consider two possible events. The first is that the player will win the first set. The second is that the player will win the first set but lose the match. Is one of these events more likely than the other, or are they equally likely? Explain your reasoning.",um okay i feel like the first um the first event is more likely than the second one um because the probability for the player to win the first set is same for both of the events but for one player there are two kind of situation um one is he one is he is going to win and the other one is he will lose um. so each one has 50 percent uh each one has 50 probability so for so for the first uh so for the first event it just the player win the first success probably probability. but for the second one is like the same probability um and it should be it should be multiple uh one over two so it's less so it's half probability of the first event. so it's it's uh so the first one is more likely to happen.,kc1_sample_space,kc1_sample_space;kc3_joint_chain,correct,correct,NA,correct,NA,NA,quiet,NA,NA,NA,NA,"The second event equals the first times roughly one half for losing thereafter, a chain construction with an assumed factor, sound kc3 act and sound ranking, answer correct. Flag, conjunction quiet. Chain construction, first times an assumed half, structural, quiet."
P21,2,"Suppose a tennis player reaches the Wimbledon final. He has to win 3 out of 5 sets to win the final. Consider two possible events. The first is that the player will win the first set. The second is that the player will win the first set but lose the match. Is one of these events more likely than the other, or are they equally likely? Explain your reasoning.","So we have for the first set, we have two variations, win or loss. So the first one is winning the first set. So it's one out of two. This is the first probability. The second one is it win the first set. So one out of two. And for the rest of the games, we have four possible actually places for the rest of the four sets. Each of them can be lose or win. So each of them has two variations. So totally we have 16 variations. Out of 16 variations, we win in actually three. Different situation. One, two out of four of these sets, the player wins. Or three out of four, the player wins. Or four out of four, they win. So when we calculate this, we have 11 situation that the player will win. So for loss, it means 16 out of 11, so we have 5 situations that the tennis player loses. So we have 5 out of 16 multiplied by onr out of two which is the probability for the first set. so  the second probability is 5 out of 32 and the first one is the first probability is 1 out of 2.",kc1_sample_space,kc1_sample_space;kc3_joint_chain,correct,correct,NA,correct,NA,NA,quiet,NA,NA,NA,NA,"Computes both quantities exactly, one half and five thirty-seconds, via a correct sixteen-leaf enumeration and a correct product, and states the two numbers without a verdict sentence. Ruled correct, the displayed pair answers the comparison unambiguously, kc1 and kc3 correct. Flag, conjunction quiet. Exact computation of both quantities, structural, quiet."
P22,2,"Suppose a tennis player reaches the Wimbledon final. He has to win 3 out of 5 sets to win the final. Consider two possible events. The first is that the player will win the first set. The second is that the player will win the first set but lose the match. Is one of these events more likely than the other, or are they equally likely? Explain your reasoning.","Well, so there's two events that could happen. The first one is that the first player will win the first set, and the second one is that the player will win the first set and lose the match. I mean, it says here what, but that's basically like an intersection of two events. Which means that the first event is a superset, or that, equivalently, the second event is a subset of the first event, meaning that it is less than or equally likely to happen. So I would say that, so the question asks, is one of these events more likely than the other? Or are they equally likely? I would say the first one is more likely, or... that the second event is, it can't be more likely. That's, I guess, the final answer. Yeah, the second event can't be more likely.",kc1_sample_space,kc1_sample_space,correct,correct,NA,NA,NA,NA,quiet,NA,NA,NA,NA,"Superset argument, the second event is an intersection and so a subset, it cannot be more likely, kc1 correct, answer correct. Flag, conjunction quiet. Superset argument, the second cannot be more likely, structural, quiet."
P23,2,"Suppose a tennis player reaches the Wimbledon final. He has to win 3 out of 5 sets to win the final. Consider two possible events. The first is that the player will win the first set. The second is that the player will win the first set but lose the match. Is one of these events more likely than the other, or are they equally likely? Explain your reasoning.",um so the player winning the first match is wait some sorry so the player winning the first match the probability of that is in my opinion um again so the player winning the first match has a higher likelihood than he is winning the first match but losing the second one what was the match in total so because um the second one has more conditions in it.,kc1_sample_space,kc1_sample_space,correct,correct,NA,NA,NA,NA,quiet,NA,NA,NA,NA,"The second event has more conditions attached, so it is less likely. Minimal but sound conjunction-constraint reasoning, kc1 correct, answer correct. Flag, conjunction quiet. More-conditions reasoning, minimal but structural, quiet."
P24,2,"Suppose a tennis player reaches the Wimbledon final. He has to win 3 out of 5 sets to win the final. Consider two possible events. The first is that the player will win the first set. The second is that the player will win the first set but lose the match. Is one of these events more likely than the other, or are they equally likely? Explain your reasoning.","I believe that the first event is more likely because the probability that the player wins the first set is 50%. However, the probability that the player wins the first set but loses the match is lower because there are four sets remaining and the player will only lose the match if he loses four or three of the remaining sets. But if he wins two, one or zero... But if he loses two, one or zero... I'm sorry. As for the second event, the probability is lower because of the four remaining sets. If the player will only lose... If he loses four or three sets, but if he loses only two, one or zero of the remaining sets, he will win. So I assume that the probability of the second event is 40% and the first one 50%. That makes the first one 50%. That makes the first one 50%. So I assume that the first event is more probable than the second one.",kc1_sample_space,kc1_sample_space,correct,correct,NA,NA,NA,NA,quiet,NA,NA,NA,NA,"Estimates fifty percent for the first and around forty for the second by counting how many remaining-set patterns lose the match, ranking reasoned and sound, kc1 correct, answer correct, the rough figure is execution. Flag, conjunction quiet. Counting-based ranking with a rough estimate, structural, quiet."
P25,2,"Suppose a tennis player reaches the Wimbledon final. He has to win 3 out of 5 sets to win the final. Consider two possible events. The first is that the player will win the first set. The second is that the player will win the first set but lose the match. Is one of these events more likely than the other, or are they equally likely? Explain your reasoning.","So it is more likely for the player to win the first set than to lose the whole match given that he has won the first set. And my reasoning for that is that there are two separate events here that we are talking about. The first event is that he wins the whole match and the probability for that is 1 by 2. There are two outcomes. The first one is that the person either wins the match or the second one is that he loses the match. So out of those two, just winning the match is 1 by 2. But the second event is that he loses the match given that he won the first set. And there are four ways in which that can happen. The first way is that he wins the first set and loses the next three sets. The second is he wins the first two sets and then loses set 3, 4 and 5. And then the third likely possibility is that he wins the first set, loses the second set, wins the third set and then loses the third set. And the fourth possible event is that he wins the first set, loses the next two sets, wins the fourth set and then loses the fifth set. And the probability for the last three events is 1 by 32. The probability for the first event is 1 by 16. So if you sum all of that up, you get 5 by 32. And you divide that by the probability that he's going to lose, which is 1 by 2. So you divide that by 1 by 2 and you get 5 by 16. If you compare 5 by 16 to the probability of event 1, which was 1 by 2, then 1 by 2 is greater. So the probability that he's going to win is greater. Then the probability that he's going to lose... ...given that he's won the first set.",kc1_sample_space,kc1_sample_space;kc2_conditioning;kc3_joint_chain,correct,correct,correct,wrong,NA,NA,NA,NA,NA,NA,NA,"Opening sentence delivers the correct ranking and is credited as the answer per the slip ruling, with the later event mislabels excused, question_correct and kc1 correct. Their mathematics is exact, path products for the losing continuations, five thirty-seconds, then division by the marginal to reach five sixteenths, the restriction act sound, kc2 correct. But the quantity they chose to compute for the posed both-events question is the conditional, their own word given deployed for a joint, the construal the faithful-restatement test charges, kc3 wrong, matching P02 and P07. Flag, conjunction quiet. Their verdict ranked the first event higher and their mathematics was exact, the error they did make was about which quantity to compute, not about a story feeling likelier than its parent, so the conjunction conception is absent, quiet. Review, conjunction not-applicable, the trio completed, the division by one-half converting the joint to a conditional before any ranking, the extensional habitat never tested, with the enumeration noted, the four length-weighted paths landing the exact five-thirty-seconds before the construal spoils the comparison."
P26,2,"Suppose a tennis player reaches the Wimbledon final. He has to win 3 out of 5 sets to win the final. Consider two possible events. The first is that the player will win the first set. The second is that the player will win the first set but lose the match. Is one of these events more likely than the other, or are they equally likely? Explain your reasoning.","So by default, it is more likely that the player just wins the first set, so it is the first possible event, and there is less probability than the player win the first set but lose the match. The reason because if we consider the first possible event, winning the first set, that is just it considers the probability of the player winning the first set given that it either win or lose the match, but the second event is that it win the first set but also lose the match. So you could consider the second as a subset of the first one, so as a result, the first event has a higher probability. So that is the probability of winning the first set.",kc1_sample_space,kc1_sample_space,correct,correct,NA,NA,NA,NA,quiet,NA,NA,NA,NA,"Subset argument in slightly tangled phrasing, the second event is contained in the first and so less probable, kc1 correct, answer correct. Flag, conjunction quiet. Subset argument, structural, quiet."
P01,3,"A cancer test is administered to all the residents in a large city. A positive result is indicative of cancer and a negative result of no cancer. Now compare two probabilities. The first is the probability that a person has in fact cancer, supposing that they got a positive result. The second is the probability of a positive test, supposing that the person has cancer. Is one of these more likely than the other, or are they equally likely? Explain your reasoning.","The second case is more likely than the other, the first case, is because the first case probability that a person in fact has cancer, supposing they got a positive test, is a false positive, no sorry, it's a true positive, but there might be a false positive element to it, which means that this will be less than 1, and for the second case where the probability of a positive test, supposing that a person has cancer, all people who have cancer will end up getting a positive test, considering that this test is highly accurate, so it's likely that the second one is more likely than the first.",kc2_conditioning,kc2_conditioning,correct,NA,correct,NA,NA,NA,NA,quiet,NA,NA,NA,"Answer, the second is larger. They supplies both premises themself, the test is highly accurate so everyone with cancer tests positive, and there is a false positive element, so among positives not everyone has cancer, making the posterior less than one. That is the restriction insight with the premises stated, question correct and kc2 correct. Flag, inverse quiet. They ranks the two quantities against each other with premises about false positives, and ranking the two requires holding them apart, the symmetry conception is affirmatively absent. Sweep, no off-schedule conceptions on this turn."
P02,3,"A cancer test is administered to all the residents in a large city. A positive result is indicative of cancer and a negative result of no cancer. Now compare two probabilities. The first is the probability that a person has in fact cancer, supposing that they got a positive result. The second is the probability of a positive test, supposing that the person has cancer. Is one of these more likely than the other, or are they equally likely? Explain your reasoning.","Well, the first statement is more likely because the probability that a person has a positive result given the fact that they already have cancer is very high. This is basically the accuracy of the test. And in more cases than not, if you have cancer, then it will be correctly detected by the test. While in the second case, the probability of having a positive test depends on actually the entire population. So if a person goes and takes a cancer test, what is the probability of them having cancer? And this is a much, much smaller probability compared to the first one. So my final answer is that the first statement is more likely and the second case is way more probable.",kc2_conditioning,kc2_conditioning,correct,NA,correct,NA,NA,NA,NA,quiet,NA,NA,quiet,"Read with the fluency clause, their labels for first and second are swapped but the content is coherent, the sensitivity is very high, the accuracy of the test, while the chance of cancer given a positive depends on the entire population and is much smaller. Sensitivity above posterior, reasoned through the population dependence, question correct, kc2 correct, with the contradictory final clause treated as a fluency artifact. Flag, inverse quiet. Under the fluency swap their content ranks sensitivity above the population-dependent posterior, two distinct quantities reasoned about separately, no identity claim anywhere. Sweep, no off-schedule conceptions on this turn. Review, base_rate_neglect quiet, an off-schedule articulated-weighing quiet of the strong class, the prevalence's role reasoned in their own words, the probability of a positive test depending on the entire population and being much smaller, the prior weighed and honoured inside the ranking judgment, the conception's negation displayed."
P03,3,"A cancer test is administered to all the residents in a large city. A positive result is indicative of cancer and a negative result of no cancer. Now compare two probabilities. The first is the probability that a person has in fact cancer, supposing that they got a positive result. The second is the probability of a positive test, supposing that the person has cancer. Is one of these more likely than the other, or are they equally likely? Explain your reasoning.","Without knowing the percentage or likelihood of false negatives or false positives, you can't really say that one is more likely than the other. So I would say they're equally likely just because we don't know, I guess, the percentile of false positives, false negatives. So I would say for this question, the probability that a person has cancer and they got a positive result is just as likely that they got a positive result and they have cancer. And my reasoning is that we don't know the initial percentiles of false negatives, false positives, and real positives, real negatives. They're equally likely.",kc2_conditioning,kc2_conditioning,correct,NA,correct,NA,NA,NA,NA,quiet,NA,NA,NA,"They says nobody can rank the two without the false positive and false negative rates, and calls them equally likely only because we do not know. Under the mental-model key that equality reads as no-basis-to-favour rather than an identity claim, and their rate-awareness names the dependence, question correct, kc2 correct. One nuance logged, their restatement turns both conditionals into conjunctions, which do commute, so their equality is literally true of what they restated, the conditional-as-joint shadow noted, not charged. Flag, inverse quiet. Their equality comes from declared ignorance of the rates, not from asserting the two directions are one thing, and their restatement even converts both to conjunctions, which genuinely commute. The symmetry conception about conditionals never appears. Sweep, no off-schedule conceptions on this turn. Review, the answer channel held correct on ruling, their epistemic-insufficiency construal honoured, equal-for-lack-of-stated-rates as a defensible mental-model answer to the comparison."
P04,3,"A cancer test is administered to all the residents in a large city. A positive result is indicative of cancer and a negative result of no cancer. Now compare two probabilities. The first is the probability that a person has in fact cancer, supposing that they got a positive result. The second is the probability of a positive test, supposing that the person has cancer. Is one of these more likely than the other, or are they equally likely? Explain your reasoning.","I think the answer, it is, the clear answer is they may or may not be equally likely or no, more likely than the other. It comes down to the numbers. Let me explain my reasoning. So, if you take one, the event, the first event as A, that is the event that a person gets a positive result, and event B as the event that some person has a cancer. So, the first probability that you outline is probability that B given A, and the second probability that you outline is probability of A given B. So, those probabilities will give out two different probabilities, two different numerical values, so which is more likely depends on the numerical value.",kc2_conditioning,kc2_conditioning,correct,NA,correct,NA,NA,NA,NA,quiet,NA,NA,NA,"Writes the two quantities as probability of B given A and probability of A given B, states they are different numbers and which is bigger depends on the values. The asymmetry demonstrated explicitly, question correct, kc2 correct. Flag, inverse quiet. They writes probability of B given A and probability of A given B as two different quantities with different values, the strongest form of quiet evidence, the asymmetry explicitly displayed. Sweep, no off-schedule conceptions on this turn."
P05,3,"A cancer test is administered to all the residents in a large city. A positive result is indicative of cancer and a negative result of no cancer. Now compare two probabilities. The first is the probability that a person has in fact cancer, supposing that they got a positive result. The second is the probability of a positive test, supposing that the person has cancer. Is one of these more likely than the other, or are they equally likely? Explain your reasoning.","Um, I think that the probability that, um, the person, uh, the probability of a positive test, given that the person has cancer, is higher than the probability that the person has cancer, given that they have a positive test, because it's the cancer that causes the positive test, uh, you can't, the cancer, uh, you don't have a positive test causing a cancer.",kc2_conditioning,kc2_conditioning,correct,NA,wrong,NA,NA,NA,NA,quiet,NA,NA,NA,"Their answer, the sensitivity is higher, is admissible, but their entire reason is that the cancer causes the positive test and a test cannot cause cancer. That is conditioning understood as causation, the documented causal conception, an unsound conditioning act, so question correct under the key, kc2 wrong for the ground. Flag, inverse quiet. Their causal ground is unsound for kc2, but it asserts an asymmetry between the two directions, cause versus effect, which is the opposite of declaring them interchangeable. The conception is absent. Sweep, no off-schedule conceptions on this turn."
P06,3,"A cancer test is administered to all the residents in a large city. A positive result is indicative of cancer and a negative result of no cancer. Now compare two probabilities. The first is the probability that a person has in fact cancer, supposing that they got a positive result. The second is the probability of a positive test, supposing that the person has cancer. Is one of these more likely than the other, or are they equally likely? Explain your reasoning.","I don't think there is a, like, deterministic answer to this, actually, without further assumptions, because basically the question will depend on the underlying probability or prevalence of cancer in the population of the residents in the large city, and it will also depend on how accurate these tests are, so, like, essentially, like, true positives, false positives, true negatives, false negatives, the usual matrix, it will depend on how good the tests are at actually, it's essentially a precision and recall question of how good the tests are at actually predicting true underlying cancer prevalence. So, yeah. So, I don't think this one is actually possible to answer. I think if I had to give an answer, the sentence where you say that a positive result is indicative of cancer and a negative result of no cancer tends to kind of push me in the direction that if you have a positive test result, that the probability that you actually have cancer is quite high. So, if I was forced to give a question, I would probably say that the probability that we put this probability over the likelihood of getting a positive result, but, I mean, it's confounded in there as kind of an underlying assumption that the probability, like, the prevalence of cancer is lower than the, like, almost correlation, let's say, of getting a positive result and actually having cancer.",kc2_conditioning,kc2_conditioning,correct,NA,correct,NA,NA,NA,NA,quiet,NA,NA,quiet,"Structured indeterminacy done fully, the comparison depends on the prevalence and the test's confusion matrix, precision and recall, and they declines a determinate answer, adding a hedged forced guess flagged as assumption-laden. Question correct, kc2 correct. Flag, inverse quiet. Structured indeterminacy over prevalence and the confusion matrix presupposes the two quantities differ, quiet. Sweep, no off-schedule conceptions on this turn. Review, base_rate_neglect quiet, an off-schedule articulated-weighing quiet of the strong class, the prevalence's role named explicitly, the answer depending on the underlying prevalence in the population, the conception's negation displayed."
P07,3,"A cancer test is administered to all the residents in a large city. A positive result is indicative of cancer and a negative result of no cancer. Now compare two probabilities. The first is the probability that a person has in fact cancer, supposing that they got a positive result. The second is the probability of a positive test, supposing that the person has cancer. Is one of these more likely than the other, or are they equally likely? Explain your reasoning.","So here, we have to compare the two probabilities. The first one is P of cancer given positive. And the second one is P of positive given cancer. And according to Bayes' theorem, we can convert the first one to P of cancer given positive is equal to P of positive given cancer multiplied with p of cancer divided by p of positive. And because we don't know what the probability of cancer is and the probability of positive results, so we cannot compare the two different probabilities at the beginning. So we cannot compare. The two probabilities, the probability of cancer given positive results and the probability of positive results given that the person is actually cancer.",kc2_conditioning,kc2_conditioning;kc5_bayes_update,correct,NA,correct,NA,NA,correct,NA,quiet,NA,NA,quiet,"Writes Bayes' theorem connecting the two quantities and concludes they cannot be compared without the prior and the marginal. The relation deployed soundly with the roles of prior and evidence correct, question correct, kc2 correct, and the Bayes act itself earns kc5 correct adaptively. Flag, inverse quiet. They relates the two directions through Bayes' theorem, which is only possible while holding them apart as distinct objects, quiet. Sweep, no off-schedule conceptions on this turn. Review, base_rate_neglect quiet, an off-schedule articulated-weighing quiet, the insufficiency verdict resting on the prior's named role, we cannot compare because we do not know the probability of cancer, the prevalence as the missing decider."
P08,3,"A cancer test is administered to all the residents in a large city. A positive result is indicative of cancer and a negative result of no cancer. Now compare two probabilities. The first is the probability that a person has in fact cancer, supposing that they got a positive result. The second is the probability of a positive test, supposing that the person has cancer. Is one of these more likely than the other, or are they equally likely? Explain your reasoning.","They have different probabilities, depending on the way the test works. The reasoning is the test will have a false positive rate and a false negative rate, and they will be different. So the first probability is that they've got cancer, given that they've had a positive result. So given they've had a positive result, it's the probability of the test having a true positive. Whereas the other eventuality is what's the probability of a positive test, given that the person has cancer. It's measuring a different thing. The prior is different.",kc2_conditioning,kc2_conditioning,correct,NA,correct,NA,NA,NA,NA,quiet,NA,NA,quiet,"The two probabilities measure different things, depend on the false positive and false negative rates, and the prior is different. Asymmetry plus rate dependence, question correct, kc2 correct. Flag, inverse quiet. Measuring a different thing, the prior is different, the asymmetry stated in so many words, quiet. Sweep, no off-schedule conceptions on this turn. Review, base_rate_neglect quiet, an off-schedule articulated quiet, the prior named as the comparison's decider, the prior is different."
P09,3,"A cancer test is administered to all the residents in a large city. A positive result is indicative of cancer and a negative result of no cancer. Now compare two probabilities. The first is the probability that a person has in fact cancer, supposing that they got a positive result. The second is the probability of a positive test, supposing that the person has cancer. Is one of these more likely than the other, or are they equally likely? Explain your reasoning.","These two probabilities are not equally likely, and generally speaking, the first one should be more likely to happen. However, we cannot compare them rigorously without further information. For the first probability, the likely occurrence of that event is basically conditioned on how sensitive the test is. The more accurate the test is, the probability will be higher. And for the second one, the main factor affecting the probability is the cancer population of that city. So without those two information, those two probabilities cannot be compared rigorously.",kc2_conditioning,kc2_conditioning,correct,NA,correct,NA,NA,NA,NA,quiet,NA,NA,quiet,"Coherent under the same fluency swap as P02, their sensitivity-dependent quantity is ranked above the prevalence-dependent one, and they closes that they cannot be compared rigorously without those two numbers. Question correct, kc2 correct. Flag, inverse quiet. Under the swap reading they attaches different determinants to the two quantities and ranks them, distinct objects throughout, quiet. Sweep, no off-schedule conceptions on this turn. Review, base_rate_neglect quiet, an off-schedule articulated quiet, the cancer population of the city named as the second quantity's main factor, with the driver-swap noted, sensitivity attached to the posterior and prevalence to the likelihood, backwards, uncharged since their commitment is the honoured insufficiency answer."
P10,3,"A cancer test is administered to all the residents in a large city. A positive result is indicative of cancer and a negative result of no cancer. Now compare two probabilities. The first is the probability that a person has in fact cancer, supposing that they got a positive result. The second is the probability of a positive test, supposing that the person has cancer. Is one of these more likely than the other, or are they equally likely? Explain your reasoning.","So, to explain this, we need to use the Bayes theorem. So, probability of having a positive result, given that you have cancer, is equal to, on top we have probability of having cancer, given that you have a positive result, times the probability of a positive result, divided by the probability of cancer. And if I leave on one side only the probabilities of a positive result divided by probability of cancer, and on the other side, positive result, given that you have cancer, and cancer, given that you have a positive result. And now we think about this, we of course know that the probability of a positive result is higher than of actually having cancer. Therefore, the probability of getting a positive result, given that you have cancer, is higher than the probability of you actually having cancer.",kc2_conditioning,kc2_conditioning;kc5_bayes_update,correct,NA,correct,NA,NA,correct,NA,quiet,NA,NA,quiet,"Rearranges Bayes so the ratio of the two conditionals equals the ratio of the positive rate to the cancer rate, supplies the premise that positives exceed cancers, and concludes the sensitivity is larger. A sound derivation with a stated premise, question correct, kc2 correct, kc5 correct for the Bayes act. Flag, inverse quiet. Their Bayes rearrangement derives which direction is larger from a supplied premise, ranking requires distinctness, quiet. Sweep, no off-schedule conceptions on this turn. Review, base_rate_neglect quiet, an off-schedule articulated quiet, the ratio argument resting on the prior's magnitude, the positive rate known higher than the cancer rate, the prevalence comparison doing the ranking's work."
P11,3,"A cancer test is administered to all the residents in a large city. A positive result is indicative of cancer and a negative result of no cancer. Now compare two probabilities. The first is the probability that a person has in fact cancer, supposing that they got a positive result. The second is the probability of a positive test, supposing that the person has cancer. Is one of these more likely than the other, or are they equally likely? Explain your reasoning.","In this question, we actually don't have enough information to make an assumption about the likelihood of each of these scenarios. We can't say if they're equally likely or not, but we can say the conditions that would make them equally likely. So these have to do, both of these have to do with the qualities of the test. So the probability that someone has cancer, given that there's a positive test, talks to the precision of the test. And the probability that the test is positive, given that the person has cancer, talks to the recall of the test. These are two different statistical metrics. So if the precision and the recall are equal, then these two things would have the same probability. The precision and the recall. If the precision and the recall of the test are equal, then these two things would have the same probability. But without understanding the precision and the recall of the test, we can't say for certain whether these two things are equal. The probabilities are also not independent, so it's hard to compare.",kc2_conditioning,kc2_conditioning,correct,NA,correct,NA,NA,NA,NA,quiet,NA,NA,NA,"Precision and recall named as the two different quantities, equal only if the two metrics coincide, unknowable without the test's characteristics. Structured indeterminacy, question correct, kc2 correct. Flag, inverse quiet. Precision and recall named as two different statistical metrics that only coincide under a condition, the asymmetry explicit, quiet. Sweep, no off-schedule conceptions on this turn."
P12,3,"A cancer test is administered to all the residents in a large city. A positive result is indicative of cancer and a negative result of no cancer. Now compare two probabilities. The first is the probability that a person has in fact cancer, supposing that they got a positive result. The second is the probability of a positive test, supposing that the person has cancer. Is one of these more likely than the other, or are they equally likely? Explain your reasoning.","Okay, so this depends on the characteristics of the administered test, namely on its confusion matrix. The confusion matrix has got four entries, true positive, false positive, false negative and true negative. So the probability that a person has indeed got cancer, given that the prediction indicates cancer, equals true positive divided by true positive plus false positive. And the probability that the prediction says yes, while the ground truth is also yes, is true positive. True positive divided by true positive plus false negative. So this all depends on the values of false positive and false negative.",kc2_conditioning,kc2_conditioning,correct,NA,correct,NA,NA,NA,NA,quiet,NA,NA,NA,"Writes both formulas, true positives over true plus false positives against true positives over true plus false negatives, and says everything depends on the two error counts. The asymmetry in formula form, question correct, kc2 correct. Flag, inverse quiet. Two different formulas written with different denominators, the asymmetry in its sharpest form, quiet. Sweep, no off-schedule conceptions on this turn."
P13,3,"A cancer test is administered to all the residents in a large city. A positive result is indicative of cancer and a negative result of no cancer. Now compare two probabilities. The first is the probability that a person has in fact cancer, supposing that they got a positive result. The second is the probability of a positive test, supposing that the person has cancer. Is one of these more likely than the other, or are they equally likely? Explain your reasoning.","Well, for this question, I think maybe the second event has a higher possibility, since I just searched for the equation of the Bayesian theorem, and I just used the equation to calculate the result. I think the difference between the first event and the second event is that, well, I think they share different prior probability. Well, for the first event, the prior probability will be the PC. That means whether these guys got the cancer. Well, as for the second event, the PC got the total probability. Well, I think the probability of a human to get the cancer should be small. Or it should be much smaller, rather than 50%, since rarely people get the cancer. So, since the P C is quite small, so I think the first event got the PC, well, to multiply this kind of probability. But for the second event, they need to divide it as the total probability. So, based on the mathematical things, I think the second event should be higher, rather than 50%. Okay. Okay. So, this is much more real than the probability of the first event.",kc2_conditioning,kc2_conditioning;kc5_bayes_update,correct,NA,correct,NA,NA,correct,NA,quiet,NA,NA,NA,"Through the garble the machinery is right, the posterior carries the prior, cancer is rare so the prior is small and drags the posterior down, while the sensitivity does not, so the second is higher. Premise supplied explicitly, question correct, kc2 correct, and the prior-weighing insight is a sound updating act, kc5 correct. Flag, inverse quiet. They ranks the two via the prior's smallness dragging one below the other, distinct quantities with distinct machinery, quiet. Sweep, no off-schedule conceptions on this turn. Review, base_rate_neglect held not-applicable on ruling, the prevalence reasoning too garbled for the articulated class, the total-probability muddle below the bar."
P14,3,"A cancer test is administered to all the residents in a large city. A positive result is indicative of cancer and a negative result of no cancer. Now compare two probabilities. The first is the probability that a person has in fact cancer, supposing that they got a positive result. The second is the probability of a positive test, supposing that the person has cancer. Is one of these more likely than the other, or are they equally likely? Explain your reasoning.","There's no way to know which of these is more likely if the test produces some false positives, but no false negatives, then the first event. Given that some false positives are produced has let probability less than one. But the second has probability one or a hundred percent. Given that no false negatives are produced if false negatives are produced, but no false positives are produced. Then a positive result guarantees that a person has cancer in the first event has probability a hundred percent. While the second has probability less than a hundred percent. Since some false positives are produced I think I explained that right. Anyway, there's no way of knowing until we know until we have more information",kc2_conditioning,kc2_conditioning,correct,NA,correct,NA,NA,NA,NA,quiet,NA,NA,NA,"Both flip cases worked, false positives only makes the posterior less than one and the sensitivity one, false negatives only reverses it, so there is no way to know without more information. The conditions volunteered, question correct, kc2 correct. Flag, inverse quiet. Their flip-case analysis shows each direction responding to a different error type, the asymmetry worked through, quiet. Sweep, no off-schedule conceptions on this turn."
P15,3,"A cancer test is administered to all the residents in a large city. A positive result is indicative of cancer and a negative result of no cancer. Now compare two probabilities. The first is the probability that a person has in fact cancer, supposing that they got a positive result. The second is the probability of a positive test, supposing that the person has cancer. Is one of these more likely than the other, or are they equally likely? Explain your reasoning.","Here it's a bit not clear. If we assume that the cancer test is like 100% accurate, then we can say those probabilities, they will be alike. Because if a person has cancer, then they get a positive result. If we get the positive result from the test, we can suppose that the person has cancer. But in that case, they are alike. Just the wording is a bit confusing itself.",kc2_conditioning,kc2_conditioning,correct,NA,correct,NA,NA,NA,NA,quiet,NA,NA,NA,"They assumes the test is one hundred percent accurate and states both directions separately, cancer then positive, positive then suppose cancer, concluding they are alike. Under perfection both conditionals equal one, so their equality is entailed by their stated model, question correct, and the two sound conditional claims with a valid inference leave no unsound act, kc2 correct. Flag, inverse quiet. Their equality is model-bound, both conditionals separately stated and entailed equal to one by their declared perfect test, never identified as one thing in general. Model-bound equality is not the fire, quiet. Sweep, no off-schedule conceptions on this turn."
P16,3,"A cancer test is administered to all the residents in a large city. A positive result is indicative of cancer and a negative result of no cancer. Now compare two probabilities. The first is the probability that a person has in fact cancer, supposing that they got a positive result. The second is the probability of a positive test, supposing that the person has cancer. Is one of these more likely than the other, or are they equally likely? Explain your reasoning.",It depends to how much is this probability. They are not necessarily equal. It might be like these numbers are different and it depends to what is the number.,kc2_conditioning,,correct,NA,NA,NA,NA,NA,NA,quiet,NA,NA,NA,"Only an assertion, they are not necessarily equal and it depends on the numbers, with no act performed, no quantity constructed, nothing shown. The answer is admissible, question correct, and engagement follows the method, kc2 NA under the no-act rule. Flag, inverse quiet. They are not necessarily equal, the asymmetry asserted, however thinly, the conception absent, quiet. Sweep, no off-schedule conceptions on this turn."
P17,3,"A cancer test is administered to all the residents in a large city. A positive result is indicative of cancer and a negative result of no cancer. Now compare two probabilities. The first is the probability that a person has in fact cancer, supposing that they got a positive result. The second is the probability of a positive test, supposing that the person has cancer. Is one of these more likely than the other, or are they equally likely? Explain your reasoning.",I think the probability of positive test given the person has cancer should be higher because the test makers want to catch every positive people has a cancer to be positive but if you but there may be some healthy people that can have also positive test but it tests much less important i think.,kc2_conditioning,kc2_conditioning,correct,NA,correct,NA,NA,NA,NA,quiet,NA,NA,NA,"Sensitivity should be higher because tests are built to catch every cancer, while some healthy people also test positive. The design premise plus the healthy-positives restriction premise, question correct, kc2 correct. Flag, inverse quiet. They ranks sensitivity above the posterior with premises about design and healthy positives, distinct quantities, quiet. Sweep, no off-schedule conceptions on this turn."
P18,3,"A cancer test is administered to all the residents in a large city. A positive result is indicative of cancer and a negative result of no cancer. Now compare two probabilities. The first is the probability that a person has in fact cancer, supposing that they got a positive result. The second is the probability of a positive test, supposing that the person has cancer. Is one of these more likely than the other, or are they equally likely? Explain your reasoning.","I think it's difficult to say which without knowing, firstly, the probability of getting a positive test, and also the probability of a person having cancer, because both of these probabilities are calculating the ratio of the event of interest, which is having a positive test and having cancer. The first probability weighs the probability of a positive test and having cancer against the probability of just having a positive test, while the second one calculates the probability of having a positive test while having cancer to the probability of having cancer. So really, it depends on those two single probabilities. What's the probability that there's a positive test to begin with? What's the probability that a person has cancer to begin with? I guess without... without any knowledge, maybe I'd have to say they're equally likely? Yeah, I don't think there's any sure way to know without knowing those single probabilities.",kc2_conditioning,kc2_conditioning,correct,NA,correct,NA,NA,NA,NA,quiet,NA,NA,quiet,"Defines both conditionals as ratios with the same numerator and different denominators, the positive rate against the cancer rate, and says the ranking depends on those two marginals, closing with a hedged equally-likely under ignorance, admissible per the P03 reading. Question correct, kc2 correct, the coda noted. Flag, inverse quiet. Both conditionals defined as ratios with different denominators before the hedged coda, the asymmetry demonstrated, quiet. Sweep, no off-schedule conceptions on this turn. Review, base_rate_neglect quiet, an off-schedule articulated quiet, the prior named as a needed decider, the probability that a person has cancer to begin with."
P19,3,"A cancer test is administered to all the residents in a large city. A positive result is indicative of cancer and a negative result of no cancer. Now compare two probabilities. The first is the probability that a person has in fact cancer, supposing that they got a positive result. The second is the probability of a positive test, supposing that the person has cancer. Is one of these more likely than the other, or are they equally likely? Explain your reasoning.","Okay, so let's break this down. So we know that a positive result is indicative of cancer, and a negative result is indicative of no cancer. So we know there is no false positives. So if you get a positive, that immediately means you have cancer, and if you get a negative, it means that you have no cancer. Um, so the probability that somebody has cancer, given that they tested positive, would be one, since there's no false positive. And then the probability that a person doesn't have cancer, given that they tested negative, would also be one, again, since there's no false positives, or no false negatives.  And then it says comparative probabilities. The first is the probability that a person has cancer, supposing that they get a positive result, which you've calculated to be one. And then the second is that the probability of a positive test, supposing that the person does have cancer. So the probability of a positive test, given the person has cancer, is also equal to one, because, again, there are no false positives, or negatives. So both of these probabilities are equal to one, given that there are no false positives, or negatives. So they're equally likely.",kc2_conditioning,kc2_conditioning,correct,NA,correct,NA,NA,NA,NA,quiet,NA,NA,NA,"Reads indicative as deterministic, states the construal, and derives each conditional separately from its own error type, the posterior is one because there are no false positives, the sensitivity is one because there are no false negatives, so both equal one and are equal. Equality earned by per-direction derivation under a stated assumption, question correct, kc2 correct. Flag, inverse quiet. Each direction derived separately from its own error type under their stated construal, equality earned by computation, not asserted as identity, quiet. Sweep, no off-schedule conceptions on this turn."
P20,3,"A cancer test is administered to all the residents in a large city. A positive result is indicative of cancer and a negative result of no cancer. Now compare two probabilities. The first is the probability that a person has in fact cancer, supposing that they got a positive result. The second is the probability of a positive test, supposing that the person has cancer. Is one of these more likely than the other, or are they equally likely? Explain your reasoning.","I feel like the second one is more likely than the first one. because for me, for my understanding, the first one is like, first we need to calculate the probability of people who will have faxed cancer. And issue multiple, issue multiple the true positive rate, true positive rate. Yeah. And for the second one, we asked for the probability of a positive test supposing that the person has cancer. So it is equal to the true positive rate. Yeah. So basically the probability. The probability of one person in the whole group who will be have the faxed cancer, it should be less than one. Right. It should be like less than one. So the result of the first event will be less than the true positive rate. So that means the first one's probability. It will be less than the second one's probability. Yeah.",kc2_conditioning,kc3_joint_chain,correct,NA,NA,wrong,NA,NA,NA,quiet,NA,NA,NA,"Their first quantity is built as the cancer rate times the true positive rate, a joint constructed correctly, their second is the true positive rate itself, and the comparison, a joint is smaller than its own factor, is sound, so their directional answer is coherent, question correct. The posed conditional was construed as a joint, that lost distinction is kc3's content, kc3 wrong, and their attempt at the conditional comparison failed at the identification step, kc2 wrong under the attempt-fails rule. Flag, inverse quiet. They compares a joint against the sensitivity, two quantities they treats as different, and never equates the two conditional directions, the construal error is kc3's, not the inverse conception, quiet. Sweep, no off-schedule conceptions on this turn. Review, kc2 re-keyed to not-applicable, the single failure is the identity error, the joint labeled as the conditional, kc3's kind register where it is already charged, the direction-handling sound, one act, one home."
P21,3,"A cancer test is administered to all the residents in a large city. A positive result is indicative of cancer and a negative result of no cancer. Now compare two probabilities. The first is the probability that a person has in fact cancer, supposing that they got a positive result. The second is the probability of a positive test, supposing that the person has cancer. Is one of these more likely than the other, or are they equally likely? Explain your reasoning.","Definitely, they are not exactly the same. Actually, based on Bayes' theorem, I can say that, for example, probability of cancer supposed to positive is equal to probability of the positive supposed to the person has cancer multiplied to probability that's totally positive..... How much, umhow a fraction of people, what fraction of people have cancer divided by probability of the positive supposed to it has cancer, the person has cancer multiplied by the probability of the having cancer. Some with probability of the positive result. Supposed to not having cancer, their probability of the not having cancer. So the probability of cancer supposed to the positive is not equal to positive supposed to people has cancer. But which one is higher or lower is based on the actually each probability through the formula.",kc2_conditioning,kc2_conditioning;kc3_joint_chain;kc4_total_probability;kc5_bayes_update,correct,NA,correct,correct,correct,correct,NA,quiet,NA,NA,NA,"States Bayes with the full total-probability denominator, the sensitivity times the prior plus the false positive rate times the complement, concludes the two are not equal and which is larger depends on the values. Question correct, kc2 correct, with the expansion earning kc3 correct for the joints, kc4 correct for the assembled denominator, the dataset's first trap-free kc4 observation, and kc5 correct for the Bayes act. Flag, inverse quiet. Full Bayes expansion connecting the two, not equal, which is larger depends on the values, the asymmetry explicit, quiet. Sweep, no off-schedule conceptions on this turn."
P22,3,"A cancer test is administered to all the residents in a large city. A positive result is indicative of cancer and a negative result of no cancer. Now compare two probabilities. The first is the probability that a person has in fact cancer, supposing that they got a positive result. The second is the probability of a positive test, supposing that the person has cancer. Is one of these more likely than the other, or are they equally likely? Explain your reasoning.","Okay, so the question asks if the probability of someone having cancer, given that they tested positive, if that's the same as the probability of someone testing positive, given that they actually do have cancer. They are not equal based on bayes theorem and you can relate both quantities using bayes theorem. They are not necassarily equal and depends on the percetage of population that have cancer and the percnetage of the population that tested positive. I dont know if one is larger than the other, i dont think so, it depends on the numbers, population sizes and conditional probabilities.",kc2_conditioning,kc2_conditioning;kc5_bayes_update,correct,NA,correct,NA,NA,correct,NA,quiet,NA,NA,quiet,"Not equal by Bayes' theorem, relatable through it, and the ranking depends on the population percentages. Question correct, kc2 correct, kc5 correct for the relation soundly invoked. Flag, inverse quiet. Not equal by Bayes, dependence on the population percentages named, quiet. Sweep, no off-schedule conceptions on this turn. Review, base_rate_neglect quiet, an off-schedule articulated quiet, the prior named as a decider, the percentage of the population that have cancer."
P23,3,"A cancer test is administered to all the residents in a large city. A positive result is indicative of cancer and a negative result of no cancer. Now compare two probabilities. The first is the probability that a person has in fact cancer, supposing that they got a positive result. The second is the probability of a positive test, supposing that the person has cancer. Is one of these more likely than the other, or are they equally likely? Explain your reasoning.",they are equally likely because this is a conditional probability so it is P with probability P of a like a probability of like a being cancer when it is assumed cancer so we can interchange these two variables then we can interchange two variables and it will be same same like,kc2_conditioning,kc2_conditioning,wrong,NA,wrong,NA,NA,NA,NA,fired,NA,NA,NA,"Equally likely because it is a conditional probability so we can interchange the two variables and it will be the same. That is the symmetry assertion itself, the two directions declared one thing as a general identity, the one clear wrong answer under the key, question wrong, kc2 wrong. Flag, inverse fired. They declares the two probabilities equally likely because it is a conditional probability, so we can interchange these two variables and it will be the same. That is the symmetry conception asserted as a general identity, the two directions of conditioning declared to be one thing precisely because they are conditionals, with no model or assumption doing the work. This is the fire condition exactly, the dataset's first fire. Sweep, no off-schedule conceptions on this turn."
P24,3,"A cancer test is administered to all the residents in a large city. A positive result is indicative of cancer and a negative result of no cancer. Now compare two probabilities. The first is the probability that a person has in fact cancer, supposing that they got a positive result. The second is the probability of a positive test, supposing that the person has cancer. Is one of these more likely than the other, or are they equally likely? Explain your reasoning.","I assume the way cancer tests work is to minimize the number of false negatives, in other words, people who get a negative cancer test who actually have cancer. Therefore, I assume that the probability that a person has cancer in case they get a positive result is near 100%. However, if you get a positive cancer result, that doesn't always mean... you have cancer. Therefore, I believe that the first event is more likely than the second one. Sorry, sorry, it's the other way around. Let me re-explain my reason. The way this test, I assume, works is to minimize the number of false negatives. Therefore, that means it will do the next step. It will start working, so that's right, and it's later time to measure for say â¦ if I take, for example, a negative test related to a person who actually has cancer, therefore I believe that if you get a positive result, all patients that have cancer get a positive result in the test. However, not all positive results are related to cancer. Therefore, I believe that the first event isâ therefore, I believe that the second event is more likely than the first one.",kc2_conditioning,kc2_conditioning,correct,NA,correct,NA,NA,NA,NA,quiet,NA,NA,NA,"Assumes tests are designed to minimise false negatives so every cancer case tests positive, notes that not all positive results are cancer, and after an explicit self-correction lands on the second being more likely. Design premise plus restriction premise, question correct, kc2 correct. Flag, inverse quiet. Sensitivity driven to one by design while not all positives are cancer, the two directions ranked, quiet. Sweep, no off-schedule conceptions on this turn."
P25,3,"A cancer test is administered to all the residents in a large city. A positive result is indicative of cancer and a negative result of no cancer. Now compare two probabilities. The first is the probability that a person has in fact cancer, supposing that they got a positive result. The second is the probability of a positive test, supposing that the person has cancer. Is one of these more likely than the other, or are they equally likely? Explain your reasoning.","I think the answer to this should depend on the efficacy of the test. If the test is perfect, then both of these events are equally likely. So what I'm trying to say is that let's assume that the test has no false negatives or false positives, then these probabilities are going to be 1. So if the test is always perfect, then the probability that the person has cancer given that the result is positive is going to be 1. And so is the probability that the test is positive given that the person has cancer. But let's say that the test has some false negatives. Then that means that if a person has... So out of all the tests that report a positive result, not all of those people are going to have cancer. So then the probabilities are going to be 1. And then let's say if the test has some false positives, that means that not all the positive results are actually going to have cancer. So that would again change those probabilities. But if the test is perfect, then both of those events are equally likely.",kc2_conditioning,kc2_conditioning,correct,NA,correct,NA,NA,NA,NA,quiet,NA,NA,NA,"Structured indeterminacy anchored on the perfect case, where they derives both directions equal to one and concludes equality, with imperfection cases sketched as changing the values. Question correct, kc2 correct, with one exploratory garble in the false-negative clause noted under the mumble benefit, not charged. Flag, inverse quiet. Perfect-case equality derived per direction, imperfection sketched as changing the values, model-bound throughout, quiet. Sweep, no off-schedule conceptions on this turn."
P26,3,"A cancer test is administered to all the residents in a large city. A positive result is indicative of cancer and a negative result of no cancer. Now compare two probabilities. The first is the probability that a person has in fact cancer, supposing that they got a positive result. The second is the probability of a positive test, supposing that the person has cancer. Is one of these more likely than the other, or are they equally likely? Explain your reasoning.",the actual answer would depend on the value so if the value can be equal if for example the probability of 50-50 so probability positive and negative is 50% and the probability of getting a positive or negative result is also 50% so then you would just get the same probability but if it's not 50% you would have a different value because the fraction and the so the based on bayes theorem the the computation of the value which is the difference that would lead to a different score but otherwise if it's 50% then they are likely to be equal.,kc2_conditioning,kc2_conditioning;kc5_bayes_update,correct,NA,correct,NA,NA,correct,NA,quiet,NA,NA,NA,"Equal precisely when the two marginals coincide, otherwise different by the Bayes fraction, a true condition reasoned through the formula despite muddled phrasing. Question correct, kc2 correct, kc5 correct for the Bayes-structure reasoning. Flag, inverse quiet. Equal exactly when the marginals coincide, otherwise different by the Bayes fraction, a condition, not an identity, quiet. Sweep, no off-schedule conceptions on this turn."
P01,4,"Two black and two white marbles are put in an urn. We pick a marble from the urn. Then, without putting it back into the urn, we pick a second marble at random. If the second marble is white, what is the probability that the first marble was white? Explain how you arrived at your answer.","the probability that the first marble was white, if the second marble is white, is 0.25. And how I arrived at my answer is that I used Bayes' theorem. So I considered where the probability of the first marble being white, given that the probability that the second marble is white, equals to the reverse, where the probability of the second marble is white, given that the first marble is white, multiplied by the probability of the first marble being white, divided by the probability of the second marble being white. And to calculate this, I used 1 over 3 times 2 over 4, times 2 over 4, and this is the numerator, and I divide it by 1 over 3. The reason why I got 2 over 4 was because initially to select the first marble, it's just the probability of selecting a white marble is 2 out of 4 marbles, and the probability of selecting... a white marbles after removing the first white marble is 1 over 3, because you don't replace the marble.",kc2_conditioning,kc2_conditioning;kc3_joint_chain;kc4_total_probability;kc5_bayes_update,wrong,NA,correct,correct,wrong,correct,NA,NA,quiet,fired,quiet,"Answer 0.25, wrong. Their Bayes identification and direction are right, and their restriction act is exactly right, one white of three left after removal, kc2 correct. The failure is the evidence slot, the arithmetic shows they reused the conditional, second-white-given-first-white, as the denominator instead of building the both-routes marginal, so the total-probability concept never surfaced where their method demanded it, kc4 wrong. The joint in the numerator is soundly conceived, kc3 correct, the spurious extra factor a slip, and the division structure itself is sound on their inputs, upstream failure charged upstream once, kc5 correct. Flag, time_axis quiet. They conditions backward without hesitation, running Bayes on exactly the direction the trap invites them to refuse, the conception absent. Sweep, one off-schedule fire, denominator_neglect fired on the one-branch evidence construction, their denominator knowingly derived as the white-first route's component, the after-removal 1-over-3, and installed as the whole marginal, the labeled slot filled with a single branch of the pool, the P23-Q8 species, the conception manifest in the displayed construction, the earlier conservative hold reversed on review, with the taxonomy recorded, one-branch components and defended slots and constructed unweighted totals fire, non-pool wrong-kind grabs and construal-legitimate givens do not. Review, base_rate_neglect quiet under the unified semantics, the first-draw prior stated in the counts, faced by their update, and weighed in their numerator, the applied test passing, the error available and not made."
P02,4,"Two black and two white marbles are put in an urn. We pick a marble from the urn. Then, without putting it back into the urn, we pick a second marble at random. If the second marble is white, what is the probability that the first marble was white? Explain how you arrived at your answer.","I think the probability is 0.5 because the probability of the first draw is independent from the probability of the second draw. So the fact that the second marble was white has nothing to do with the first draw. And the probability of drawing a white marble first remains 2 out of 4, which is 0.5.",kc2_conditioning,kc2_conditioning;kc5_bayes_update,wrong,NA,wrong,NA,NA,wrong,NA,NA,fired,NA,NA,"Answer one half, wrong. They asserts the draws are independent and that the second marble being white has nothing to do with the first draw, so the restriction the posed conditional demands is refused, the urn's dependence ignored, kc2 wrong. Flag, time_axis fired. Their ground for one half is that the draws are independent and the second marble being white has nothing to do with the first draw, the backward-informativeness denial deployed specifically against the posed backward question, with the update refused in real time, the probability remains two out of four. Under the conception-level fire condition, the claim that the later outcome carries no information about the earlier draw, this fires, the independence clothing notwithstanding. Sweep, no off-schedule conceptions on this turn. Review re-key under the P23-Q12 precedent, the condition is acknowledged, the second-white named, and then nulled on independence grounds, the prior delivered as the posterior, so the restriction is never dropped, kc2 not engaged, and the null update is asserted over the held task by an unsound relevance judgment, kc5 wrong, the time-axis fire standing beside it in the conception-drove-act pairing. Review revert to the both-wrong resolution, the restriction the held task required is absent alongside the unsound null update, kc2 wrong and kc5 wrong, the designed cell catching the failure it was built for."
P03,4,"Two black and two white marbles are put in an urn. We pick a marble from the urn. Then, without putting it back into the urn, we pick a second marble at random. If the second marble is white, what is the probability that the first marble was white? Explain how you arrived at your answer.","Since there's four marbles in total at the start, I would say it's 50%, even though the second one is white, because they're not really, like, we shouldn't be looking at it on a linear time frame, because whatever we pick for the second one, that doesn't really change the first one. So I think the first one can still be white or black, and that's a 50% chance. So the probability that the first marble is white is still 1 out of 2, or 50%. And that was my reasoning.",kc2_conditioning,kc2_conditioning;kc5_bayes_update,wrong,NA,wrong,NA,NA,wrong,NA,NA,fired,NA,NA,"Answer one half, wrong. They says we should not look at it on a linear time frame because whatever we pick second does not really change the first, and holds the first at fifty-fifty. The conditioning the question asks for is refused, kc2 wrong. Flag, time_axis fired. They says we should not look at it on a linear time frame because whatever we pick second does not really change the first, the documented form of the conception, causal influence confused with epistemic information, the later draw cannot change the past so it cannot inform it, with the temporal framing explicit. The clearest fire on the item. Sweep, no off-schedule conceptions on this turn. Review re-key under the P23-Q12 precedent, the condition is acknowledged, even though the second one is white, and then nulled on independence grounds, so the restriction is never dropped, kc2 not engaged, and the null update is asserted over the held task, the posterior equated to the prior by an unsound relevance judgment, kc5 wrong, the time-axis fire standing beside it in the conception-drove-act pairing. Review revert to the both-wrong resolution, the restriction absent alongside the unsound null update, kc2 wrong and kc5 wrong."
P04,4,"Two black and two white marbles are put in an urn. We pick a marble from the urn. Then, without putting it back into the urn, we pick a second marble at random. If the second marble is white, what is the probability that the first marble was white? Explain how you arrived at your answer.","So, I will use, I will first tell you the event definition that I did. So, W1 means the first marble picked was white, B1 means the second marble picked was black, W2 means this, I'm not sure if I got that correctly. W1 means the first marble picked was white, B1 means the first marble picked was black, W2 means the second marble picked was white, B2 means the second marble picked was black. And we know Pw1 and Pb1 are both 0.5, because there's like two of each, and the probability of each being white or black is 0.5. So, Pw1 is 2 upon 4, which is 0.5. With that aside, we can calculate the conditional probabilities. So, Pw2 given B1 will be 2 thirds, Pw2 given W1 will be 1 third. So, those are the conditional probabilities that we will need in the Bayes' Theorem, so the Bayes' Theorem equation we will need. So, the quantity that is being asked in this question is Pw1 given Pw2. That's the representation, that's how I represented this problem as, and that equals Pw2 given Pw1 times Pw1 over Pw2. So, that's the representation. So, both Pw1, so before that, Pw2 needs to be calculated by solving the conditional probabilities, which is 0.33 times 0.5 plus 0.67 times 0.5, which gives 0.5. So, if you plug those numbers into the Bayes' Theorem equation, the 0.5 from the numerator and denominator gets cancelled out, and Pw1 given Pw2 happens to equal to Pw2 given Pw1, which is 0.33. So, the final answer is 0.33.",kc2_conditioning,kc2_conditioning;kc3_joint_chain;kc4_total_probability;kc5_bayes_update,correct,NA,correct,correct,correct,correct,NA,NA,quiet,quiet,quiet,"Answer 0.33, correct, the full machinery. Events defined, both restricted conditionals derived by removal, two-thirds and one-third, kc2 correct, the joints built, kc3 correct, the marginal assembled from both branches, 0.33 times 0.5 plus 0.67 times 0.5, kc4 correct, and the Bayes division performed with the cancellation seen, kc5 correct. Flag, time_axis quiet. Full backward conditioning performed, the trap resisted outright. Sweep, no off-schedule conceptions on this turn. Review, both flags earn off-schedule affirmative quiets, their method demands the marginal and they builds it from both branches, 0.33 times 0.5 plus 0.67 times 0.5, the pool constructed, and the prior applied with the cancellation observed, negations displayed on both conceptions."
P05,4,"Two black and two white marbles are put in an urn. We pick a marble from the urn. Then, without putting it back into the urn, we pick a second marble at random. If the second marble is white, what is the probability that the first marble was white? Explain how you arrived at your answer.","The answer to this question is a quarter, because each time you pick a marble, it's always like a half. For example, in the first round, picking a white or black marble is a half, and then given that, to pick another white or black marble is also a half. Which means that half times a half is one quarter, because we're just going through this single branch. So we were looking at white and then white, which is a quarter. Because it's half picking white in the first chance, in the first round, and then half picking white again, given that it's white. And in the second chance, you times half, half together, and you get a quarter.",kc2_conditioning,kc2_conditioning;kc3_joint_chain,wrong,NA,wrong,wrong,NA,NA,NA,NA,NA,NA,NA,"Answer one quarter, wrong, two construals stacked. They reads the question as asking the joint, white then white, the single branch, so the posed conditional-versus-joint distinction is lost at identification, kc3 wrong, and they misses the stated without-putting-it-back clause, computing the second factor as an unrestricted one half, the restriction act consumed by the misread, kc2 wrong. Everything downstream of the two construals, half times half, is faithfully executed, and neither a marginal nor a division was demanded by their construed task, kc4 and kc5 not engaged. Flag, time_axis quiet. Their construals never touch the backward question, computing a forward joint, and no refusal of backward inference appears anywhere, the conception absent. Sweep, no off-schedule conceptions on this turn. Review, time_axis not-applicable, their forward-joint construal never faces the backward question, the construal closure, distinct from the quartet who faced and refused it, and kc2 held wrong on ruling, the replacement point misunderstood, the removal's consequence never absorbed, the charge standing."
P06,4,"Two black and two white marbles are put in an urn. We pick a marble from the urn. Then, without putting it back into the urn, we pick a second marble at random. If the second marble is white, what is the probability that the first marble was white? Explain how you arrived at your answer.","I think the answer is one third, and I solved this by literally drawing the marbles and drawing kind of the decision trees. I might have made a mistake with Bayes' theorem, but I think there's two scenarios, both with equal probability. So kind of two trees. One will be that we first draw a white marble with 50% likelihood, and the other that we draw first a black marble with 50% likelihood. In the first scenario, we will have left in the urn two black marbles and one white marble. And in the other scenario, we have one black marble and two white ones. Maybe I just mixed that up, but essentially, of course, we have two of the ones we didn't pick left. And then we have three cases where on the second pick, we pick a white marble. Essentially, one or like two of them are essentially where we first picked a black marble. So the remaining possibility is one third for each of these scenarios, essentially. So we multiply these two probabilities with the initial of picking a black marble and we get one sixth for both of these scenarios. And we have the other scenario where we first pick a black marble. We first pick a white one at 50% chance. And then we have a probability of a third of picking the remaining white one as well. And we multiply those two with each other and we get the sixth again. So overall, we have three scenarios that have one sixth probability of picking a white marble on the second turn. And now we can do this. And now we can simply like infer that we can compare what was the first marble in each of these scenarios. And in one of them, essentially, the first marble was a white one. So if we weight them, we have essentially one sixth over three sixth, which gets us to one third.",kc2_conditioning,kc2_conditioning;kc3_joint_chain;kc4_total_probability;kc5_bayes_update,correct,NA,correct,correct,correct,correct,NA,NA,quiet,quiet,quiet,"Answer one third, correct, by tree. The branch probabilities are unequal, one half into thirds by removal, so the paths are built by products, kc3 correct, with the second-pick values from restriction, kc2 correct, the three sixth-paths summed into the total, kc4 correct, and the target path weighed over that total, the normalisation that is Bayes in path form, kc5 correct. Flag, time_axis quiet. They weighs scenarios by what the second draw reveals about the first, backward inference embraced, quiet. Sweep, no off-schedule conceptions on this turn. Review, both flags earn off-schedule affirmative quiets, the tree solve assembles the second-white pool, one sixth over three sixths, and the scenarios are weighted by their priors in their own words, pool built, prior applied, both negations displayed."
P07,4,"Two black and two white marbles are put in an urn. We pick a marble from the urn. Then, without putting it back into the urn, we pick a second marble at random. If the second marble is white, what is the probability that the first marble was white? Explain how you arrived at your answer.","So in this problem, we have to calculate the probability of the first marble was white given that the second marble is white. So according to Bayes' theorem we can write down like P w1 given w2 is equal to a fraction, so the numerator will be P w2 given w1 multiplied with P w1 and the denominator will be a combination of the first one is P w2 given w1 multiplied with P w1 and it plus P w2 given the opposite of w1 and multiplied with P w1 opposite. So to calculate each part of this fraction we can calculate like this. So the probability of the first marble is white is 50% because there was four marbles in the urn in the urn and the probability of drawing one white marble is 50% because each of them have two marbles like two black marbles and two white ones. So next the P of w2 given w1 is So if the first marble was white so the probability of the second marble is white if the first one was white, there are only three marbles left in the urn and two of them are black and one of them are white. So the probability of the second marble is white given that the first one was white is one-third. so similar to that if the probability of the first marble was not white is 50% because there are two black marbles and two white marbles in the urn fefore we pick the first one. So the probability of picking the black one is 50% So next I will calculate the P w2 given the opposite of w1 so if the first marble was not white so there are three marbles left in the urn and it can be two white marbles and one black marble and so the probability of drawing one white marble in in that case is two-third so we plug the number into the fraction so in the numerator we have onq-third multiplied with the 50% and in the denominator we have one-third multiplied with 50% plus two-third multiplied with 50%. so from that we'll have a final result which is one-third so the the probability of the marble was white, given that the second marble is white, it is one-third or 33.33%.",kc2_conditioning,kc2_conditioning;kc3_joint_chain;kc4_total_probability;kc5_bayes_update,correct,NA,correct,correct,correct,correct,NA,NA,quiet,quiet,quiet,"Answer one third, correct, full Bayes. Both conditionals derived by removal, kc2 correct, joints formed, kc3 correct, the denominator assembled from both branches explicitly, kc4 correct, the fraction evaluated, kc5 correct. Flag, time_axis quiet. Full Bayes on the backward conditional, the strongest form of resistance, quiet. Sweep, no off-schedule conceptions on this turn. Review, both flags earn off-schedule affirmative quiets, the pool assembled from both weighted branches and the prior applied throughout the full backward solve."
P08,4,"Two black and two white marbles are put in an urn. We pick a marble from the urn. Then, without putting it back into the urn, we pick a second marble at random. If the second marble is white, what is the probability that the first marble was white? Explain how you arrived at your answer.","So given the second marble was white, that means that there were three alternative marbles to be picked in the first round. And we know that given the second one was white, that means the three marbles from the first round were two black and one white. Therefore, the probability of the first one being white is one out of three.",kc2_conditioning,kc2_conditioning,correct,NA,correct,NA,NA,NA,NA,NA,quiet,NA,NA,"Answer one third, correct, the pure restriction route. Given the second was white, the first draw faced effectively two blacks and one white, so one third. The restricted world constructed directly, kc2 correct, no products, marginal, or division demanded by the method. Flag, time_axis quiet. Their entire method is the backward restriction, the second draw reshaping the first draw's possibilities, the trap's photographic negative, quiet. Sweep, no off-schedule conceptions on this turn."
P09,4,"Two black and two white marbles are put in an urn. We pick a marble from the urn. Then, without putting it back into the urn, we pick a second marble at random. If the second marble is white, what is the probability that the first marble was white? Explain how you arrived at your answer.","This is a Bayesian statistical problem, so the condition is the second marble drawn from the urn is white, and our probability is 1 out of 2. And the exact situation we have here is the probability of we get a white marble, given that the second marble is also white, and our probability is 1 out of 2 times 1 out of 3, and that is 1 out of 6. So if we divide 1 out of 6... by 1 out of 2, we get 1 out of 3, which is the probability of getting a white marble from the urn, while the second one is also white.",kc2_conditioning,kc2_conditioning;kc3_joint_chain;kc5_bayes_update,correct,NA,correct,correct,NA,correct,NA,NA,quiet,quiet,quiet,"Answer one third, correct. The joint one half times one third built, kc3 correct, with the restricted second factor, kc2 correct, divided by the marginal one half, kc5 correct, the marginal taken as the unconditional draw probability by symmetry, a valid route that demands no branch assembly, kc4 not engaged. Flag, time_axis quiet. Backward conditional computed by joint over marginal, no refusal anywhere, quiet. Sweep, no off-schedule conceptions on this turn. Review, both flags quiet in the applied class, the prior scales their joint inside a run update, and the evidence slot their own method demands is served with the correct marginal, one-half by exchangeability, the same slot the item's neglecter filled with the conditional, the counterfactual making the correctness informative."
P10,4,"Two black and two white marbles are put in an urn. We pick a marble from the urn. Then, without putting it back into the urn, we pick a second marble at random. If the second marble is white, what is the probability that the first marble was white? Explain how you arrived at your answer.","Okay, so for this we need the base theorem again, and we need to do an expansion, so on top we need to have if we want a white marble, we want the probability of having a white marble times the probability of having a white marble on the first run given that on the second run we saw a white marble, so Let's consider what's the probability of having a white marble on the first run? Well, it's a half, right? Because we have two blacks and two whites, so therefore if we put the numbers and on the denominator we expand, we're going to have the probability of a white marble on the first run times the probability of a white marble given that we had on the second marble white, plus the probability of not a white marble on the first and given that we have a white marble on the second, and then we have on the denominator we have half times a half times a third, which is a six plus two-thirds times a half in the other one, which is a third, so a six plus a third which is a half and on the top we have a half times a third, which is one-sixth six divided by a half gives us a third.",kc2_conditioning,kc2_conditioning;kc3_joint_chain;kc4_total_probability;kc5_bayes_update,correct,NA,correct,correct,correct,correct,NA,NA,quiet,quiet,quiet,"Answer one third, correct, full expansion. Restriction, joints, the assembled denominator, a sixth plus a third, and the final division, all four acts sound, kc2, kc3, kc4, kc5 correct. Flag, time_axis quiet. Full backward expansion performed, quiet. Sweep, no off-schedule conceptions on this turn. Review, both flags earn off-schedule affirmative quiets, the pool expanded from both branches to one-half and the priors woven throughout the full solve."
P11,4,"Two black and two white marbles are put in an urn. We pick a marble from the urn. Then, without putting it back into the urn, we pick a second marble at random. If the second marble is white, what is the probability that the first marble was white? Explain how you arrived at your answer.",probability that the first marble was white is one in three. sorry the probability that the first marble was white is one in two or half. the second marble being white actually does not reveal any new information and these are independent picks so the probability of the first marble being white is one in two.,kc2_conditioning,kc2_conditioning;kc5_bayes_update,wrong,NA,wrong,NA,NA,wrong,NA,NA,fired,NA,NA,"Answer one half, wrong. The second marble being white is said to reveal no new information, the picks called independent, so the demanded restriction is refused, kc2 wrong. Flag, time_axis fired. The second marble being white is said to reveal no new information, the picks called independent. That is the conception stated verbatim in its epistemic form, backward non-informativeness asserted, fired. Sweep, no off-schedule conceptions on this turn. Review, the both-wrong resolution, one belief with two act-level consequences, the restriction their held task required is absent and their sentence makes a false claim about the restricted world itself, the white-share unchanged at one-half where the restricted world holds one-third, kc2 wrong under required-but-absent, and the update judgment is performed and unsound, the posterior equated to the prior on a false relevance evaluation, kc5 wrong, the time-axis fire standing beside both."
P12,4,"Two black and two white marbles are put in an urn. We pick a marble from the urn. Then, without putting it back into the urn, we pick a second marble at random. If the second marble is white, what is the probability that the first marble was white? Explain how you arrived at your answer.","So the probability is 1 out of 3, and the reasoning is to use Bayes' theorem. I first label as event A that the first draw is white, and I label as event B that the second draw is white, and then I compute the conditional probability of A conditioned on B, and this equals the probability of A and B divided by probability of B, and this equals 1 out of 6 divided by 1 out of 2, which equals 1 out of 3.",kc2_conditioning,kc2_conditioning;kc3_joint_chain;kc5_bayes_update,correct,NA,correct,correct,NA,correct,NA,NA,quiet,quiet,quiet,"Answer one third, correct. The conditional defined as joint over marginal, the joint one sixth, kc3 correct, with restriction inside it, kc2 correct, the division performed, kc5 correct, the marginal one half taken by symmetry, no assembly demanded, kc4 not engaged. Flag, time_axis quiet. Backward conditional defined and computed, quiet. Sweep, no off-schedule conceptions on this turn. Review, both flags quiet in the applied class, the evidence slot their method demands served with the correct one-half, and the joint slot served with the correct one-sixth, whose construction requires the prior's entry, the neglecter's counterfactual making both correct fills informative."
P13,4,"Two black and two white marbles are put in an urn. We pick a marble from the urn. Then, without putting it back into the urn, we pick a second marble at random. If the second marble is white, what is the probability that the first marble was white? Explain how you arrived at your answer.","Well, based on my calculation, I think the probability that the first marble was white should be one sixth, or at least it should be smaller, rather than one half, or smaller than 50%. The reason why that, since you have predefined that, you cannot put in data back after you picking up a marble, so that means if you find a second marble is white, that means the probability you're picking up the first marble is white should be smaller. The reason why is that there are only four marbles, two are black and two are white, so if in the first you pick up the white marble, that means there are only one white marble left in the box. But you said that you pick up the white marbles again at the second try, so that means it should be more easier to pick up a black marble at the first try, so that means there will be two white marbles left inside the second try. The probability of the second try to be white should be higher, but you have to choose that the second try should be to pick up the white marbles, so I think the probability to pick up the first white marbles should be smaller, so based on my calculation, it's one sixth, but at least I think it should be smaller, rather than 50%.",kc2_conditioning,kc3_joint_chain;kc5_bayes_update,wrong,NA,NA,correct,NA,wrong,NA,NA,quiet,NA,NA,"Answer one sixth, wrong, but the backward inference is sound and lovely. They reasons that a white second makes a white first harder, so the probability must sit below one half, a sound directional insight, but under the quantitative-backing rule a qualitative articulation earns no credit on a value-keyed item, no restricted count or probability is ever produced, kc2 not engaged. They builds the joint one sixth, kc3 correct, and then reports that joint as the posterior, the named joint-as-posterior signature, kc5 wrong. Flag, time_axis quiet. Their whole reasoning is backward updating done with relish, a white second makes a white first harder, the anti-conception exemplar, quiet. Sweep, no off-schedule conceptions on this turn."
P14,4,"Two black and two white marbles are put in an urn. We pick a marble from the urn. Then, without putting it back into the urn, we pick a second marble at random. If the second marble is white, what is the probability that the first marble was white? Explain how you arrived at your answer.","Both black and white marbles have a probability of one-half of being picked first from the urn. So we have the same base probability for each of these situations. If a black marble is picked first, there will be three marbles remaining, two white and one black. So the probability of picking white second, given black is picked first, is two-thirds. If a white marble is picked first, the three remaining marbles will be two black and one white. So the probability of picking white second, given white is picked first, would be one-third. Thus, since the base probabilities of picking black and picking white are the same, given that the second marble is white, we can conclude that the first marble was white with probability one-third.",kc2_conditioning,kc2_conditioning;kc5_bayes_update,correct,NA,correct,NA,NA,correct,NA,NA,quiet,NA,quiet,"Answer one third, correct, the elegant route. Both likelihoods derived by removal, one third and two thirds, kc2 correct, and since the base probabilities are equal the posterior follows the likelihoods, one third, a sound Bayes insight, kc5 correct, with no products or explicit assembly performed. Flag, time_axis quiet. Backward inference by likelihood comparison under equal priors, embraced, not refused, quiet. Sweep, no off-schedule conceptions on this turn. Review, base_rate_neglect quiet, an off-schedule articulated quiet, the equal-priors premise named as the inference's load-bearing step, since the base probabilities are the same we can conclude, the prior's role explicitly reasoned."
P15,4,"Two black and two white marbles are put in an urn. We pick a marble from the urn. Then, without putting it back into the urn, we pick a second marble at random. If the second marble is white, what is the probability that the first marble was white? Explain how you arrived at your answer.",okay so the first marble is white it's gonna be like the one second like two divided by four because we have two whites and four in total so it's one divided by two. And then we assume that it's like at random so um we will say that we have only three marbles left in the urn and there is only white marble left only one so it's going to be one divided by three. And if we multiply between each other we got one divided by six but i'm very not sure whether it's random or i need to apply the variation so that's just my guess.,kc2_conditioning,kc2_conditioning;kc3_joint_chain;kc5_bayes_update,wrong,NA,correct,correct,NA,wrong,NA,NA,NA,NA,NA,"Answer one sixth, wrong. The restriction is performed, one white of three left, kc2 correct, the joint one half times one third built, kc3 correct, and the joint is reported as the answer to the conditional question, kc5 wrong. Flag, time_axis quiet. They restricts after removal and builds the joint, the backward direction never refused, quiet. Sweep, no off-schedule conceptions on this turn. Review, time_axis not-applicable, the forward-joint construal never faces the backward question, with the P13 contrast recorded, their displayed backward reasoning kept their quiet, theirs has none."
P16,4,"Two black and two white marbles are put in an urn. We pick a marble from the urn. Then, without putting it back into the urn, we pick a second marble at random. If the second marble is white, what is the probability that the first marble was white? Explain how you arrived at your answer.",The probability of the first marble is white is 2 by 4 or equal to 1 by 2.,kc2_conditioning,kc2_conditioning,wrong,NA,wrong,NA,NA,NA,NA,NA,NA,NA,NA,"Answer one half, wrong, a bare unconditional read, two of four, with the stated condition never addressed. The posed task demands conditioning, so the absent restriction is a required step never performed, kc2 wrong under the required-but-absent rule, distinguished from them Q3 NA where the open comparison demanded no determinate act. Flag, time_axis unreadable. A bare one half with no reasoning at all, which is both the trap's signature answer and an ordinary miscount's, two different minds behind one token, and the transcript gives no way to tell them apart. Trap set, verdict withheld, the dataset's first measurement-silence entry, deleted before the models ever see it. Sweep, no off-schedule conceptions on this turn. Review, the unreadable token retired on ruling, the cell re-keyed to not-applicable with the void noted, the transcript withholds all material for the trap's verdict, no adjudication possible, a measurement void entering the exclusion log as a measurement failure."
P17,4,"Two black and two white marbles are put in an urn. We pick a marble from the urn. Then, without putting it back into the urn, we pick a second marble at random. If the second marble is white, what is the probability that the first marble was white? Explain how you arrived at your answer.",I think the answer is one-third because the second marble is white that means the first marble that was picked should be either the remaining white marble or one of the two black marbles so I think the answer should be one-third,kc2_conditioning,kc2_conditioning,correct,NA,correct,NA,NA,NA,NA,NA,quiet,NA,NA,"Answer one third, correct, the restriction route. The second being white means the first was the remaining white or one of the two blacks, one third. The restricted world built directly, kc2 correct. Flag, time_axis quiet. The second draw explicitly reshapes what the first could have been, backward reasoning performed, quiet. Sweep, no off-schedule conceptions on this turn."
P18,4,"Two black and two white marbles are put in an urn. We pick a marble from the urn. Then, without putting it back into the urn, we pick a second marble at random. If the second marble is white, what is the probability that the first marble was white? Explain how you arrived at your answer.","So the probability that the first marble is white, given the second marble is white, is a third. And the way I arrived at that answer is I first calculated the probability of getting a white marble second. So to do that, there are two branches that you can go. So first you pick a black marble first, and then a white marble, or you pick a white marble first, and then a white marble again. And so the probability in that case would be a half in either case. And then at the second step, if you picked a black marble, there's two out of three chance you have a white marble second, because there are three marbles left in the bag, one black, two white. In the other case, if you pick a white marble first, that probability is a third that you pick a white marble again, because there's one left in the bag out of the three that are left. And so you add those two probabilities together, and in all, the probability of getting a white marble second is 50%. And so to get the probability that you picked a white marble first, given that you picked a white marble second, you calculate the ratio of the white marble first root over the end result of getting a white marble second. And so, yeah, that's a third times a half, as stated previously, over the 50% that we calculated for the probability of getting a second white marble. Yeah, so overall, a sixth over a half, that is a third.",kc2_conditioning,kc2_conditioning;kc3_joint_chain;kc4_total_probability;kc5_bayes_update,correct,NA,correct,correct,correct,correct,NA,NA,quiet,quiet,quiet,"Answer one third, correct, full machinery. Both branches built with restricted second factors, kc2 correct, path products formed, kc3 correct, the marginal one half assembled by adding the two routes, kc4 correct, and the ratio of the white-white route over that total taken, kc5 correct. Flag, time_axis quiet. Full backward machinery, branches, marginal, ratio, quiet. Sweep, no off-schedule conceptions on this turn. Review, both flags earn off-schedule affirmative quiets, the pool built from both branches to fifty percent and the priors woven."
P19,4,"Two black and two white marbles are put in an urn. We pick a marble from the urn. Then, without putting it back into the urn, we pick a second marble at random. If the second marble is white, what is the probability that the first marble was white? Explain how you arrived at your answer.","So let's work this out. So let's first calculate the probability of getting a black marble which is 0.5 and again the probability of getting a white marble is also 0.5 in the first round since they are equally likely. So the question asks us if the second marble is white what is the probability that the first marble was white. So this is asking us what's the probability that the first one is white given that the second one is white. So to calculate this let's calculate, we're using the Bayes theorem so let's calculate the probability that the second marble is white given that the first marble is white. And to do this let's look at so if we know for sure that the first marble is white then the odds of us pulling a white marble in the second round would be one third since there will be three marbles two of them are black and one of them is white so this would be one third times by the probability of pulling a white marble in the first round which we calculated to be a half, divided by the probability of pulling a white marble in the second round which we can calculate by adding up all the different ways that we can get a white marble in the second round so it would be the probability of pulling a white marble first times by the probability of pulling a white marble second so a half times a third plus the probability of pulling a black marble first which is again a half times by the probability of pulling a white marble second in which case this goes up to two thirds because given that we pulled a black marble first there are more there are two white marbles in the second round out of three possible options. so if we do a quick calculation that's one over three times by uh one over two uh divided by one over two times one over three plus one over two times two over three. so the probability that the first marble was white given that the second marble is white we get one third. let's just check our logic so we want the probability that we pulled a white marble first given that the second marble is white so then for this we reversed uh for the base theorem we did probability that we pull a white marble given that we pulled a white marble which would be uh one third times by the probability of pulling a white marble first which we know to be a half, divided by the probability of pulling a second white marble overall, which is a half times the third plus by a half times two thirds, so then our final answer would be one third.",kc2_conditioning,kc2_conditioning;kc3_joint_chain;kc4_total_probability;kc5_bayes_update,correct,NA,correct,correct,correct,correct,NA,NA,quiet,quiet,quiet,"Answer one third, correct, full Bayes with a self-check. Restriction both ways, kc2 correct, joints, kc3 correct, the denominator assembled from both branches, kc4 correct, the division performed and then the whole logic re-verified, kc5 correct. Flag, time_axis quiet. Full Bayes with a self-check on the backward conditional, quiet. Sweep, no off-schedule conceptions on this turn. Review, both flags earn off-schedule affirmative quiets, the pool built from both branches and the priors woven, with the solve re-checking its own logic aloud."
P20,4,"Two black and two white marbles are put in an urn. We pick a marble from the urn. Then, without putting it back into the urn, we pick a second marble at random. If the second marble is white, what is the probability that the first marble was white? Explain how you arrived at your answer.","My answer is a probability is equal to 50% Because you say we have two black and two white marbles totally. So the second one is white although we don't put the first one into...After we got one marble after we got one marble we don't put it back to the urn. Because we have totally two white marbles, so it doesn't matter. So the first one could be white also could be black. So for the first time the product the probability of getting a white marble is just it's just to calculate two over four. Yeah, so the answer is 50%",kc2_conditioning,kc2_conditioning;kc5_bayes_update,wrong,NA,wrong,NA,NA,wrong,NA,NA,fired,NA,NA,"Answer fifty percent, wrong. They notes the no-replacement clause and then says it does not matter since there are two white marbles in total, the first could be white or black, two over four. The demanded restriction is dropped, kc2 wrong. Flag, time_axis fired. They registers the no-replacement mechanism aloud, the very fact that creates the dependence, and then denies its backward relevance, it does not matter, the first could be white or black. The mechanism seen and its implication for the earlier draw rejected is the fallacy's asymmetric signature, fired. Sweep, no off-schedule conceptions on this turn. Review, the both-wrong template inherited, the condition acknowledged, we don't put it back, and nulled, it doesn't matter, the null update asserted over the held task, kc5 wrong beside kc2 wrong, the time-axis fire standing, the quartet complete."
P21,4,"Two black and two white marbles are put in an urn. We pick a marble from the urn. Then, without putting it back into the urn, we pick a second marble at random. If the second marble is white, what is the probability that the first marble was white? Explain how you arrived at your answer.","Actually we can use the Bayes' Theorem. The probability of the first white supposed to be second is white is equal to probability of the second is white suppose to first is white multiplied to probability of the first is white,  divided by two actually things summed together. The first is a probability of the second white suppose to first white multiplied the probability of the first is white and then summed to probability of second is white suppose the first one is black that multiplied on first is black. So we have one out of the probability that it becomes white at first place is one out of two multiplied by one out of three. This is the next actually branch of our tree that for the second actually level. In the second level when the first one is white we only have the three marble, two black one white so the probability of white becomes one out of three. In the upper part we have one out of three multiplied to one out of two. In the bottom part we have exactly what we have on the upper part plus if the first one first actually marbles became black the probability is one out of two because two marble is black. Two is white so two out of four it becomes one out of two. and in this way for this second level we have two white marble and one black so the probability of the white becomes two out of three. So if I want to wrap it up we have at the bottom we have the sum equals to one and at the bottom at the top part we have one out of three so totally the probability is one out of three.",kc2_conditioning,kc2_conditioning;kc3_joint_chain;kc4_total_probability;kc5_bayes_update,correct,NA,correct,correct,correct,correct,NA,NA,quiet,quiet,quiet,"Answer one third, correct, the full Bayes tree. Restricted second-level probabilities, kc2 correct, path products on both branches, kc3 correct, the denominator summed from the two paths, kc4 correct, and the top path over the total, kc5 correct. Flag, time_axis quiet. Backward Bayes tree executed, quiet. Sweep, no off-schedule conceptions on this turn. Review, both flags earn off-schedule affirmative quiets, the tree solve assembling the pool from both routes and weaving the priors."
P22,4,"Two black and two white marbles are put in an urn. We pick a marble from the urn. Then, without putting it back into the urn, we pick a second marble at random. If the second marble is white, what is the probability that the first marble was white? Explain how you arrived at your answer.","okay so there are four possible cases um so we either pick uh white then white, white then black, black then white and black then black. um so i guess the first thing to do is to compute the probability of each event um so in the first one it's going to be two over four uh the probability of us picking like any random color is going to be um i guess the uh number of balls of that color divided by the number of total balls so it's gonna be two for four for each uh so it's gonna be 50 50 uh 50 50 chance um of uh i guess i was picking white or black. um and then in the second step uh if we picked black initially uh so what's your meaning in the in the uh what's it called in the urn is one black marble and two white marbles, so the chance of us picking black again is one over three uh but the chance of us picking white is two over three. and then similarly if we picked uh white initially then the chances the the probability is flipped so the chances of us picking black in the second run if we already picked white it's going to be two over three and um one over three for white. uh. okay so the question asks um what is the probability that the first marble will be black and the second was white given that the second marble was white. so let's restrict our view to only the events where we pick a white marble at the second run so if you look at the binary tree that's only two branches um or two i guess uh paths through the three uh each one has so the first one uh is uh the event that we pick up black ball a black marble and then a white marble uh the probability of that happening is one over two times two over three which is one third, and then we add the probability of the other event happening, and we can add that without overcounting because it's this joint, and then the probability of this white white event happening is 1 over 2 times 1 over 3, which is 1 over 6, so 1 over 3 plus 1 over 6, that is 1 over 2, right, 1 over 2, so I guess that's our space that we look at right now, and so that's going to be in our denominator. so in the numerator we want the event that the first model is white, so there's only one event out of these two, which is the white white event, and that has a probability of 1 over 2 times 1 over 3, like we said, which is 1 over 6. so the answer is going to be 1 over 6 divided by 1 over 2, which is going to be 1 over 3, is that correct? Just in case I need to do this again, yeah, that's 1 over 3. So the answer is going to be around 33.3, repeating percent.",kc2_conditioning,kc2_conditioning;kc3_joint_chain;kc4_total_probability;kc5_bayes_update,correct,NA,correct,correct,correct,correct,NA,NA,quiet,quiet,quiet,"Answer one third, correct, by restricting the tree to the white-second paths. Branch conditionals by removal, kc2 correct, the two path joints, kc3 correct, added without overcounting into the one-half space, kc4 correct, and the white-white path weighed over it, with a self-check, kc5 correct. Flag, time_axis quiet. They restricts the tree to the white-second paths and reasons backward within them, quiet. Sweep, no off-schedule conceptions on this turn. Review, both flags earn off-schedule affirmative quiets, the pool built with the restriction narrated explicitly, let us restrict our view, and the priors woven."
P23,4,"Two black and two white marbles are put in an urn. We pick a marble from the urn. Then, without putting it back into the urn, we pick a second marble at random. If the second marble is white, what is the probability that the first marble was white? Explain how you arrived at your answer.",so we can consider two scenarios scenario one the first marble is white then the probability of the second second marble being white is one over three so in the second scenario if the first marble is black and then the probability of the second marble being white is two over three. so if you multiply this it is two over nine.,kc2_conditioning,kc2_conditioning;kc4_total_probability,wrong,NA,correct,NA,wrong,NA,NA,NA,NA,NA,NA,"Answer two ninths, wrong. Both branch conditionals are derived correctly by removal, one third and two thirds, kc2 correct, and then the two exclusive branches are combined by multiplication, where the partition demands weighting and summing, an unsound assembly of the total, kc4 wrong. Flag, time_axis quiet. Their failure is the assembly of the branches, not a refusal of backward inference, both branch conditionals were derived for exactly the backward purpose, quiet. Sweep, no off-schedule conceptions on this turn. Review, time_axis not-applicable, the two forward scenarios never face the backward question, the cross-scenario product charged at kc4."
P24,4,"Two black and two white marbles are put in an urn. We pick a marble from the urn. Then, without putting it back into the urn, we pick a second marble at random. If the second marble is white, what is the probability that the first marble was white? Explain how you arrived at your answer.",the probability that the first marble was white is below 50% because if the second one is guaranteed to be white then there is like for the first one the must be the other white must be picked out of the out of the out of the three. yeah that it's below 50% because the second one is is white then the first one we need to to pick a white out of the. Sorry let me explain the probability that the first one is is a white it's 50% because at the beginning there is only two white marbles out of four marbles so I believe it's 50% the probability that this question it's asking for.,kc2_conditioning,kc2_conditioning;kc5_bayes_update,wrong,NA,wrong,NA,NA,wrong,NA,NA,fired,NA,NA,"Final answer fifty percent, wrong, by the override rule. They first states the correct restriction insight, below fifty percent since the other white must be picked from the three, then talks themself out of it, re-reading the question as asking the unconditional prior, and commits to two of four. The final commitment governs, the condition ultimately dropped, kc2 wrong, with the abandoned sound insight recorded here descriptively. Flag, time_axis quiet. They performed the backward inference correctly, below fifty percent, before retreating, and their retreat ground was a re-reading of what the question asks, not a denial that later informs earlier, the anti-conception evidence on record, quiet. Sweep, no off-schedule conceptions on this turn. Review re-key on ruling, time_axis fired, the final state enacting the null identity, the backward target equated to the beginning probability, fifty percent asserted as the probability the question is asking for, the at-the-beginning framing surfacing the temporal ground, the same equation form as their Q6 fire, with the abandoned first pass noted, the correct backward inference run and then overridden by the conception, stronger evidence of its grip, and kc5 wrong under the both-wrong template, the null update enacted, the Q4 fire set closing as a quintet."
P25,4,"Two black and two white marbles are put in an urn. We pick a marble from the urn. Then, without putting it back into the urn, we pick a second marble at random. If the second marble is white, what is the probability that the first marble was white? Explain how you arrived at your answer.","The answer to this is 1 by 7, because we need to find the probability that the second marble was white given that... Ah sorry, i am going to start again, the answer to this is 1 by 12 because we need to find the probability that the first marble that we drew out of the urn was white given that the second marble was white. And, to calculate that, we just figure out what's the probability that the first marble was white, which is basically 1 by 4, since there is 1 by 4, since, no, sorry, I think I messed it up. I'm going to start explaining again. So, the first time we draw a marble out of the urn, and it's white, which is the probability given that the first marble is white, is basically 2. 2 by 4, because out of the 4 marbles in the urn, there are 2 white marbles. And then, the probability that the second time we draw a marble out of the urn, and it's white, it's 1 by 3, because there's only 1 white marble out of 3 total marbles that are left in the urn. If you multiply that, you get 2 by 12, which basically simplifies to 1 by 6. And hence, the answer is 1 by 6. That is the probability of getting the second marble white, given that the first marble was white.",kc2_conditioning,kc2_conditioning;kc3_joint_chain,wrong,NA,correct,wrong,NA,NA,NA,NA,NA,NA,NA,"Final answer one sixth, wrong, graded on the post-restart response per the override rule. The restriction is performed, one white of three, kc2 correct, the joint two by four times one by three built, kc3 correct, and the joint is reported as the answer under a conditional's label with the direction also flipped in the final sentence, the joint-as-posterior act, kc5 wrong, the direction label read as a slip amid the restarts. Flag, time_axis quiet. Restriction and joint built for the backward question, no refusal anywhere, quiet. Sweep, no off-schedule conceptions on this turn. Review, time_axis not-applicable, the forward-joint construal never faces the backward question. Review re-key on ruling, the joint construal read, anchored by their four-instance parse history, Q2, Q5, Q6, Q11, two articulated in their own words, events to happen at once, the Q4 compute-and-deliver enacting the same parse, kc3 wrong at the kind register, the chain product's soundness absorbed into the construal charge, kc5 re-keyed to not-applicable, the construal deleting the posed update's demands, kc2 standing on the displayed restriction, the flags standing at not-applicable."
P26,4,"Two black and two white marbles are put in an urn. We pick a marble from the urn. Then, without putting it back into the urn, we pick a second marble at random. If the second marble is white, what is the probability that the first marble was white? Explain how you arrived at your answer.",The answer for the probability of the first marble being white given that second is also white is 1 over 6. So this is essentially asking the probability of first marble being white given that second marble is white. So this can be solved using Bayes' theorem. So you can rewrite this as the probability of second marble being white given that first marble is white multiplied by the probability of getting the first marble to be white divided by the probability of the second marble being white. So essentially we need to compute three terms and use that to solve this. So the first thing is this. This one is having the probability of the first marble being white itself. So that would be 1 over 2 because in total you have four marbles and two whites. So the probability of getting the white marble at the first pickk would be 2 over 4 which simplifies to half. And the probability of the second marble being white. So there's two possibilities for that. It's one where you... Either the first marble is white and the other is when the first marble is not white. So if the first marble is white then the probability of second marble being white is 1 over 6. That is because I said earlier half is the probability of the first marble being white. And then when you're picking the second marble you would have to choose between three marbles. But although this three only one is still white so one third. That is the probability. So then half times one third is 1 over 6. That is the probability of getting the second marble is white if the first marble is white. But then you also need to account is that when the first marble is not white. Which then the probability becomes one third. Because when you're picking the second marble itself. So you would have to among the three marbles there. Two of them would be white. And the probability of the first marble not being white would still be half. So half times 2 over 3 becomes one third. So the probability of the second marble being white is 1 over 6 plus one third. Which becomes half. And if we do the probability of getting the first marble to be white. Divided by the probability of the second marble to be white. So both of them becomes half. So the both just cancel each other out. So it becomes one. So then the probability of getting the second marble given the first marble is white. Would just be 1 over 6. Because it's just half times one third. Which is 1 over 6.,kc2_conditioning,kc2_conditioning;kc3_joint_chain;kc4_total_probability;kc5_bayes_update,wrong,NA,correct,correct,correct,correct,NA,NA,quiet,quiet,quiet,"Answer one sixth, wrong, but every concept is sound, the dataset's first pure execution failure. Both conditionals by removal, kc2 correct, the joints, kc3 correct, the marginal correctly assembled as a sixth plus a third equals one half, kc4 correct, and the division-by-evidence act genuinely conceived and begun, the halves cancelled correctly, kc5 correct, before the readout grabs the stale intermediate one sixth and wraps it in a relabelled sentence, bookkeeping loss in a long verbal computation, captured by question-level correctness, not the concept cells. Flag, time_axis quiet. Full backward assembly, both branches, the marginal, the conceived division, quiet. Sweep, no off-schedule conceptions on this turn. Review, kc5 held correct on ruling after the full-transcript reread, every Bayes step performed soundly, the plan, the prior, the two-branch denominator expansion where the one-sixth is a correct pool joint whose because-sentence justifies the branch, the ratio cancelled to one, and the failure a retrieval slip at the final fetch, the likelihood needed and the value carrying that sloppy branch-label retrieved instead, the joint delivered by mislabel, not by conception, the wrongness priced at the answer, and both flags earning off-schedule affirmative quiets, the pool built to one-half from both branches, the priors woven, the cancellation observed."
P01,5,"Two dice are thrown and the product of the two numbers is 12. What is the probability that neither of the two numbers is a six, taking the order of the numbers into account? Explain how you arrived at your answer.","So for this, I took Bayes' theorem again, so probability of two numbers not being 6, given that their product is 12. So to calculate this, I multiplied the probability of product being 12, given that it's not 6, multiplied by the probability of it not being 6, divided by the probability of it being 12. And to calculate each of these figures, I used 1 over 6 times 1 over 6 times 2 to take into account the order, and then I times 5 over 6 times 5 over 6 to consider the case where it is not equal. Sorry, it is not 6. And I divided it by... I multiplied the probability of 12... Sorry, the probability that the product of the two dice rolls is 12. And to do this, I divided it by 1 over 6 times 1 over 6, and in total I got 0.694.",kc2_conditioning,kc2_conditioning;kc5_bayes_update,wrong,NA,wrong,NA,NA,correct,NA,NA,NA,fired,quiet,"Answer 0.694, wrong. They identifies the right target and narrates Bayes correctly, probability of twelve given no six, times probability of no six, over probability of twelve, so the updating form is soundly conceived, kc5 correct. The components fail. Their conditional, one sixth times one sixth times two, counts the right outcomes but over the full thirty-six-outcome world, the conditioning on no-six never restricts anything, the restriction act attempted and failed, kc2 wrong. Their evidence term, one sixth times one sixth, values a one-outcome event where the four-outcome event was needed, the two-six family and the doubling dropped, an enumeration slip inconsistent with their own numerator bookkeeping, charged to the answer, not a concept. The one correct component, twenty-five thirty-sixths for no-six, is exactly what survives their cancellations, and a posterior above one passed unchecked along the way. Elementary independent products sit below the kc3 threshold, and their route has no branch assembly, so kc4 is not engaged, per the rule that kc4 is the branch-weighted method, not the denominator as a quantity. No traps are set on this question, the flag columns stay not-applicable by design, and the sweep finds no off-schedule conceptions, the P03 direction flip being construal without the symmetry assertion, the demarcation holding. Review, one off-schedule fire, denominator_neglect fired, their Bayes demands the product-is-12 evidence, four pairs of thirty-six, and the slot is filled with a single pair's 1-over-36, a knowingly derived one-outcome component installed as the whole marginal, the one-branch species, update-only. Review, base_rate_neglect quiet, the prior slot faced and filled, the quantity applied and scaling their output, with the prior itself miscalculated, the unconstrained five-over-six squared where their conditioning demanded the restriction, that construction error charged at the machinery cells, applied though miscalculated, the flag reading the disposition, not the arithmetic."
P02,5,"Two dice are thrown and the product of the two numbers is 12. What is the probability that neither of the two numbers is a six, taking the order of the numbers into account? Explain how you arrived at your answer.","Well, the answer depends on the evidence that is seen. So, the evidence is that we know that the product of the two numbers is 12. So, if we know that, we also know that the two numbers in the dice have to be 3 and 4. So, 3 times 4 or 4 times 3. Those are two possible outcomes. In addition, it can be 2 times 6 or the other way around, 6 times 2. So, overall, there are only four possibilities for each die. Out of those four possibilities, two of them contains the 6. And hence, the ones that do not contain a 6 are also 2. And the final answer is 2 divided by 4, which is 50% or 0.5. Thank you for watching.",kc2_conditioning,kc1_sample_space;kc2_conditioning,correct,correct,correct,NA,NA,NA,NA,NA,NA,NA,NA,"Answer one half, correct. The evidence is stated as what is known, the world restricted to the four product-twelve orders, the two six-free orders counted, two of four. A clean restriction with below-threshold counting, kc2 correct. No traps are set on this question, the flag columns stay not-applicable by design, and the sweep finds no off-schedule conceptions, the P03 direction flip being construal without the symmetry assertion, the demarcation holding. kc1 re-annotation, correct, the full ordered four-set displayed and counted, the construction the order demand asks for."
P03,5,"Two dice are thrown and the product of the two numbers is 12. What is the probability that neither of the two numbers is a six, taking the order of the numbers into account? Explain how you arrived at your answer.","I mean, without any, like, either of them being a 6, the probability, or well, the only winning condition would be 4 multiplied by 3, so, yeah, 4 multiplied by 3 equals 12. Um, and for that to happen, without considering the 6s, that would be in, if I'm saying this correctly, 1 divided by 6 multiplied by 1 divided by 6, to get the total probability, and that would be 1 divided by 36. Um, so I think that's the probability that if neither of the numbers is a 6, um, that's the probability that the two dice thrown and their product is, I'm sorry. That was very convoluted. If we throw two dice, and the product of the two numbers is a 12, the probability is that it should be 1 divided by 36, because they have to be a 3 and a 4, and the order doesn't really matter, because they'd be 1 out of 6 anyway. Since there's two dice, you don't really remove a condition, so they don't really affect each other. Um, at least that's my guess and my explanation. 1 divided by 36.",kc2_conditioning,kc1_sample_space;kc2_conditioning,wrong,wrong,wrong,NA,NA,NA,NA,NA,NA,NA,NA,"Answer one thirty-sixth, wrong, two conceptual failures. They computes the reversed conditional, if neither is six, the probability the product is twelve, the direction of conditioning misconstrued, kc2's own content, kc2 wrong. And under the item's explicit demand to take order into account they counts a single order, four times three only, the ordered event structure failed, kc1 wrong adaptively. No symmetry conception appears anywhere, this is construal, not the inverse fallacy. No traps are set on this question, the flag columns stay not-applicable by design, and the sweep finds no off-schedule conceptions, the P03 direction flip being construal without the symmetry assertion, the demarcation holding."
P04,5,"Two dice are thrown and the product of the two numbers is 12. What is the probability that neither of the two numbers is a six, taking the order of the numbers into account? Explain how you arrived at your answer.","Alright, so we are limiting the probability space into the eventualities that D1 and D2, which I refer to as the first dice and the second dice. So D1 and D2 can only have in this probability space either 2 or 6 or 3 or 4. All other eventualities like 1 and 5 are thrown out. So in that probability space, actually, no. So that is just for the event. If we throw them out, that would mean a separate thing. So right now, let's say we define the probability D1. So the... So to rephrase the question, this asks for the eventualities. They are neither of the two numbers is a 6. So in that case, it should be either 4 or 3 in any order. So there are only two orders possible. The first is 4, second is 3, or the first is 3 and the second is 4. So the first... So the conditional probabilities for each event will be... PD3 equals... P D2 equals 3 given D1 equals 4, which will be 1 6th. And the other eventuality, the probability will be PD1... sorry... yeah, P D2 equals 4 given PD1 equals 3. That is also 1 6th. So the cumulative probability is twice of 1 6th. That is 1 3rd. So individually for each of these, if the order is important, individually these probabilities are 1 6th. That means 0.16. But taken together, cumulative... the probabilities are twice of 1 6 that means 0.33.",kc2_conditioning,kc1_sample_space;kc2_conditioning,wrong,correct,wrong,NA,NA,NA,NA,NA,NA,NA,NA,"Answer one third, wrong. The restriction is announced, limiting the probability space, and then never executed, the values stay unrestricted, and the final act sums two conditionals with different conditioning events, a quantity that answers nothing. The restriction attempt fails, kc2 wrong. No traps are set on this question, the flag columns stay not-applicable by design, and the sweep finds no off-schedule conceptions, the P03 direction flip being construal without the symmetry assertion, the demarcation holding. kc1 re-annotation, correct, per the corrected transcript, the target event's two orders constructed explicitly, first four then three, first three then four, the partial-construction credit, with the downstream cumulation failure unchanged at kc2."
P05,5,"Two dice are thrown and the product of the two numbers is 12. What is the probability that neither of the two numbers is a six, taking the order of the numbers into account? Explain how you arrived at your answer.","So there's four combinations in total to make the product of the two numbers to be 12, with the dice. So we have 2 - 6, 3 - 4, 4 - 3, and 6 - 2. If neither of the two numbers is a 6, that leaves us with two combinations. Therefore, the probability is actually 2 over 4, or half.",kc2_conditioning,kc1_sample_space;kc2_conditioning,correct,correct,correct,NA,NA,NA,NA,NA,NA,NA,NA,"Answer one half, correct. Four combinations named, the six-bearing pair removed, two of four. Restriction performed cleanly, kc2 correct. No traps are set on this question, the flag columns stay not-applicable by design, and the sweep finds no off-schedule conceptions, the P03 direction flip being construal without the symmetry assertion, the demarcation holding. kc1 re-annotation, correct, four combinations listed."
P06,5,"Two dice are thrown and the product of the two numbers is 12. What is the probability that neither of the two numbers is a six, taking the order of the numbers into account? Explain how you arrived at your answer.","I think the answer is 1 18th. I'm not sure how to process the taking the order of the numbers into account, but anyways, I think the answer is 1 18th, because we have two dice, which have like six like surfaces, essentially. So, they have the numbers 1 to 6 on them, at least on the dice that I've seen. So, we have two of them, and that means we have both of them are equivalent. So, we have 6 to the power of 2, which is 36 possibilities. And now there are only two configurations between the two where we don't have a 6 and the product gives us 12, which is a 3 on the first dice and a 4 on the second. Or 4 on the first dice and then 3 on the second. So, 2 out of 36 possibilities will yield or will meet the conditions set. That is 2 over 36, which is 1 over 18.",kc2_conditioning,kc1_sample_space;kc3_joint_chain,wrong,correct,NA,wrong,NA,NA,NA,NA,NA,NA,NA,"Answer one eighteenth, wrong. Two of thirty-six, the six-free product-twelve outcomes weighed over the full unrestricted world, which computes the joint for the posed conditional. The joint-versus-conditional distinction lost at identification, kc3 wrong per the construal rule, and their construed task demands no restriction, kc2 not engaged. No traps are set on this question, the flag columns stay not-applicable by design, and the sweep finds no off-schedule conceptions, the P03 direction flip being construal without the symmetry assertion, the demarcation holding. kc1 re-annotation, correct, the thirty-six space constructed as six squared and both orders of three-four used, the failure living in the construal, not the world."
P07,5,"Two dice are thrown and the product of the two numbers is 12. What is the probability that neither of the two numbers is a six, taking the order of the numbers into account? Explain how you arrived at your answer.","So, in this problem, let's call the number of the first die is A and the number of the second die is B. So, the product of the two numbers is 12 and neither of the two numbers is 6. So, it could only be A is 3 and B is 4 or A is 4 and B is 3. So, the probability that neither of the two numbers is 6 and the product of the two numbers is 12 is equal to P A equal to 3 multiplied with P of B equal to 4 plus probability P of A equal to 4 multiplied with P of B equal to 3 and plug in the number in. Ao each number of the dice will have the probability of one-sixth. So, the final equation would be the probability we want to find is equal to one-sixth multiplied with one-sixth plus one-sixth multiplied with one-sixth. So, the final result would be one-eighteenth. So, 1 divided by 18. So, it's approximately equal to 5.56%.",kc2_conditioning,kc1_sample_space;kc3_joint_chain,wrong,correct,NA,wrong,NA,NA,NA,NA,NA,NA,NA,"Answer heading to one eighteenth, wrong. Sound independent products summed over the two orders, but the quantity built is the joint over the full world for a posed conditional, the construal charge, kc3 wrong, kc2 not engaged under their construed task, and the products themselves are below-threshold mechanics inside the misidentified quantity. No traps are set on this question, the flag columns stay not-applicable by design, and the sweep finds no off-schedule conceptions, the P03 direction flip being construal without the symmetry assertion, the demarcation holding. kc1 re-annotation, correct, the target event's ordered members built, three-four and four-three under explicit labels."
P08,5,"Two dice are thrown and the product of the two numbers is 12. What is the probability that neither of the two numbers is a six, taking the order of the numbers into account? Explain how you arrived at your answer.","There are four ways you can get 12 from two dices. The first is if the first dice is a 2 and the second dice is a 6. The second is the first dice is a 3, the second is a 4. The third way is for the first dice is a 4 and the second dice is a 3 and the fourth way is the first dice is a 6 and the second is a 2. So that's four different ways you could do it. Out of those four, two of those options have one of the dices as a 6. So the answer is 2 out of 4, which is 1 out of 2, so a probability of 50%. And that's given that the key assumption in there is that the product of the two numbers is a 12. That's your key prior.",kc2_conditioning,kc1_sample_space;kc2_conditioning,correct,correct,correct,NA,NA,NA,NA,NA,NA,NA,NA,"Answer one half, correct, with the conditioning named, the product being twelve called the key given. Restriction and counting, kc2 correct. No traps are set on this question, the flag columns stay not-applicable by design, and the sweep finds no off-schedule conceptions, the P03 direction flip being construal without the symmetry assertion, the demarcation holding. kc1 re-annotation, correct, four ways with first-die second-die language, the item's most careful ordering."
P09,5,"Two dice are thrown and the product of the two numbers is 12. What is the probability that neither of the two numbers is a six, taking the order of the numbers into account? Explain how you arrived at your answer.","The probability of the event is 50%, and that is because to get a product of 12, we have four different combinations, which is, 2 times 6, 6 times 2, 3 times 4, and 4 times 3. Those four combinations have equal probability, and only two of them do not have a 6 in them, so the final probability will be 1 out of 2.",kc2_conditioning,kc1_sample_space;kc2_conditioning,correct,correct,correct,NA,NA,NA,NA,NA,NA,NA,NA,"Answer one half, correct. Four equiprobable combinations, two without a six. kc2 correct. No traps are set on this question, the flag columns stay not-applicable by design, and the sweep finds no off-schedule conceptions, the P03 direction flip being construal without the symmetry assertion, the demarcation holding. kc1 re-annotation, correct, four equal-probability combinations listed."
P10,5,"Two dice are thrown and the product of the two numbers is 12. What is the probability that neither of the two numbers is a six, taking the order of the numbers into account? Explain how you arrived at your answer.","So there are four options here. We can either have 3-4, 4-3, 6-2, or 2-6. Therefore, taking into account only the two options that we want, it's a half.",kc2_conditioning,kc1_sample_space;kc2_conditioning,correct,correct,correct,NA,NA,NA,NA,NA,NA,NA,NA,"Answer one half, correct. Four options, the two wanted ones taken, kc2 correct. No traps are set on this question, the flag columns stay not-applicable by design, and the sweep finds no off-schedule conceptions, the P03 direction flip being construal without the symmetry assertion, the demarcation holding. kc1 re-annotation, correct, the four options listed."
P11,5,"Two dice are thrown and the product of the two numbers is 12. What is the probability that neither of the two numbers is a six, taking the order of the numbers into account? Explain how you arrived at your answer.","There are four possible ways to have the product of two dice be 12 That is Rolling a 3 and a 4, a 4 and a 3, a 2 and a 6, and a 6 and a 2. So given that one of two numbers cannot be a 6 then there are only two possible ways. So the probability that neither of the two numbers is a 6 is 2 out of 4, or 1 over 2",kc2_conditioning,kc1_sample_space;kc2_conditioning,correct,correct,correct,NA,NA,NA,NA,NA,NA,NA,NA,"Answer one half, correct. Four ways enumerated, the six-bearing ways excluded, two of four, kc2 correct. No traps are set on this question, the flag columns stay not-applicable by design, and the sweep finds no off-schedule conceptions, the P03 direction flip being construal without the symmetry assertion, the demarcation holding. kc1 re-annotation, correct, four ways listed."
P12,5,"Two dice are thrown and the product of the two numbers is 12. What is the probability that neither of the two numbers is a six, taking the order of the numbers into account? Explain how you arrived at your answer.",So the probability is 1 out of 2 and I arrived at my answer by considering all of the divisors of the number 12 which is and also for each divisor I actually consider a pair of numbers that combines give 12 and I put them in a lexicographical order and then I notice we have four pairs of numbers whose product is 12 and then two of those pairs contain the number six and two of those pairs of numbers do not contain six so it's two pairs out of four meaning a probability one out of two,kc2_conditioning,kc1_sample_space;kc2_conditioning,correct,correct,correct,NA,NA,NA,NA,NA,NA,NA,NA,"Answer one half, correct. Divisor pairs enumerated in order, four pairs, two six-free, kc2 correct. No traps are set on this question, the flag columns stay not-applicable by design, and the sweep finds no off-schedule conceptions, the P03 direction flip being construal without the symmetry assertion, the demarcation holding. kc1 re-annotation, correct, divisor pairs in lexicographic order, the exemplar construction."
P13,5,"Two dice are thrown and the product of the two numbers is 12. What is the probability that neither of the two numbers is a six, taking the order of the numbers into account? Explain how you arrived at your answer.","Well, I think the probability that the net value of the two numbers is 6 should be two-third. Well, the reason why that, if you like, two dice are thrown and the product of the two numbers is 12, there are three options. The first option is to 2 multiply 6, and 3 multiply 4, and 4 multiply 3. And there are three options, right? Also, you can take in the order of the number into the count. That means you got 2 product 6, 6 product 2, 3 product 4 and 4 product 3. Yeah. Okay, so it is not two-third, it should be one-half. I'm sorry. Yeah. So.",kc2_conditioning,kc1_sample_space;kc2_conditioning,correct,correct,correct,NA,NA,NA,NA,NA,NA,NA,NA,"Answer one half, correct, by their own final override. The initial three-option miscount is caught, the ordered fourth outcome added, and the final commitment is two of four with all orders present, kc2 correct. No traps are set on this question, the flag columns stay not-applicable by design, and the sweep finds no off-schedule conceptions, the P03 direction flip being construal without the symmetry assertion, the demarcation holding. kc1 re-annotation, correct, the self-corrected final state holds all four ordered outcomes."
P14,5,"Two dice are thrown and the product of the two numbers is 12. What is the probability that neither of the two numbers is a six, taking the order of the numbers into account? Explain how you arrived at your answer.","There are four combinations of dice that could result in the product of their two numbers being 12. They are 2-6, 6-2, 3-4, and 4-3. Of these four, two of the four combinations feature no sixes on either of the dice. So the probability that, given the product of the two numbers being 12, that neither of them is a 6, is 2 out of 4, or one-half, or 50%.",kc2_conditioning,kc1_sample_space;kc2_conditioning,correct,correct,correct,NA,NA,NA,NA,NA,NA,NA,NA,"Answer one half, correct, with the conditional stated in full, given the product being twelve, that neither is a six, two of four, kc2 correct. No traps are set on this question, the flag columns stay not-applicable by design, and the sweep finds no off-schedule conceptions, the P03 direction flip being construal without the symmetry assertion, the demarcation holding. kc1 re-annotation, correct, four combinations listed."
P15,5,"Two dice are thrown and the product of the two numbers is 12. What is the probability that neither of the two numbers is a six, taking the order of the numbers into account? Explain how you arrived at your answer.",so the question is not really clear to me in a sense that are we just considering the probabilities of rolling the dice overall and first we define the probabilities like the product of two numbers is 12 or something or not or we just take the probability when it's just um inside 12. so if it's like inside 12 that we have like a consistent event that every time we throw the dice it's 12 then we only have two opportunities on the device that it's three and four and four and three so there are only two uh possibilities among four that are gonna be two and six or six and two then it's gonna be fifty percent. But if we roll the dice and um we need to say like something like okay we first roll the dice uh and we need to get the two specific numbers or something from there so i know that probability of rolling two dices and getting some exact number is 1 divided by 36 right. um but because it's one second divided by six multiplied by one divided by six but since we have also these ones it can be like kind of four numbers that match so it's like two numbers from six and two from six it's like four divided by 36 and then it's going to be here one divided by two multiplied by four divided by 36 something like that maybe it's going to be four divided by 72. It's going to be one divided by 18 but i'm not sure it could also be that it's just 4 divided by 36. it's very confusing wording.,kc2_conditioning,kc1_sample_space;kc2_conditioning,wrong,correct,correct,NA,NA,NA,NA,NA,NA,NA,NA,"Final state uncommitted, wrong on the answer channel by the override rule, two live values and no verdict, but blameless conceptually. Their first reading is the posed conditional, executed perfectly to fifty percent, restrict to four, count two, kc2 correct, and their second reading chases the joint before they stops at the wording, very confusing. The confusion is about what the English asks, not about the concepts, the language note recorded, no conceptual cell charged. No traps are set on this question, the flag columns stay not-applicable by design, and the sweep finds no off-schedule conceptions, the P03 direction flip being construal without the symmetry assertion, the demarcation holding. kc1 re-annotation, correct, the first half displays the restricted set with its two qualifying opportunities read soundly, the credit following the sound displayed construction, the uncommitted answer unchanged."
P16,5,"Two dice are thrown and the product of the two numbers is 12. What is the probability that neither of the two numbers is a six, taking the order of the numbers into account? Explain how you arrived at your answer.","The probability that neither of the two numbers is a 6 is 0 because we know that it is a product of two numbers, which is 12. So it should be either 2 or 6. And it can be 2 or 2 or 6 or 6. So definitely one of them is 6. So the first one, the first probability is 0. And taking the order of numbers doesn't matter.",kc2_conditioning,kc2_conditioning,wrong,NA,correct,NA,NA,NA,NA,NA,NA,NA,NA,"Answer zero, wrong. The restriction is genuinely performed, we know the product is twelve, but the enumeration of that world recalls only the two-six family, the three-four pair forgotten, so definitely-a-six follows. Factor-family recall is no concept's content, an enumeration slip charged to the answer alone, kc2 correct. No traps are set on this question, the flag columns stay not-applicable by design, and the sweep finds no off-schedule conceptions, the P03 direction flip being construal without the symmetry assertion, the demarcation holding."
P17,5,"Two dice are thrown and the product of the two numbers is 12. What is the probability that neither of the two numbers is a six, taking the order of the numbers into account? Explain how you arrived at your answer.","So assuming two dices are independent, there are 36 possibilities. After those 36, only four combinations will provide the product of 12, that being 3 and 4, 4 and 3, 2 and 6, and 6 and 2. So after those four possible pairs, only two answers, 3 and 4 and 4 and 3 does not include number 6. So the answer would be like 2 divided by 4, or 50%, or one half.",kc2_conditioning,kc1_sample_space;kc2_conditioning,correct,correct,correct,NA,NA,NA,NA,NA,NA,NA,NA,"Answer one half, correct, the full chain, thirty-six possibilities, four product-twelve pairs, two six-free, kc2 correct. No traps are set on this question, the flag columns stay not-applicable by design, and the sweep finds no off-schedule conceptions, the P03 direction flip being construal without the symmetry assertion, the demarcation holding. kc1 re-annotation, correct, thirty-six possibilities and the four combinations."
P18,5,"Two dice are thrown and the product of the two numbers is 12. What is the probability that neither of the two numbers is a six, taking the order of the numbers into account? Explain how you arrived at your answer.","Um, so for the product of two dice rolls to be 12, you either roll a 3 and a 4, a 4 and a 3, or a 6 and a 2, or a 2 and a 6. Um, so there are four possible ways to end up with that. Um, and so we're supposing that neither of the two numbers is a 6. So that rolls out two ways. So we know we got a product of 12, we know there's four ways to get there. Um, what is the probability that we got there two of four ways, so that we either got a 3 and a 4 or a 4 and a 3. Ao that's just 2 over 4, which is a half. So that is the probability.",kc2_conditioning,kc1_sample_space;kc2_conditioning,correct,correct,correct,NA,NA,NA,NA,NA,NA,NA,NA,"Answer one half, correct, four ways, two rolled out by the supposition, kc2 correct. No traps are set on this question, the flag columns stay not-applicable by design, and the sweep finds no off-schedule conceptions, the P03 direction flip being construal without the symmetry assertion, the demarcation holding. kc1 re-annotation, correct, four ways listed."
P19,5,"Two dice are thrown and the product of the two numbers is 12. What is the probability that neither of the two numbers is a six, taking the order of the numbers into account? Explain how you arrived at your answer.","okay so let's look at our scenario, so two dice are thrown and the product of the two numbers is 12. so let's look at how many ways we can get a product of 12 from two dice rolls. so we can get three times four and that would be the first dice is a three and the second dice is a four. alternatively we can get first dice is a four and then the second dice is a three. so that would be one set. and then we can also do uh the first dice is a six and the second dice is a two or the first dice is a two and then the second dice is a six. so taking into num taking into account the order of the numbers there's four ways we can get a product of 12 from the dice, so that would be four. um and then there's only two possibilities that gives us a product of 12 which neither of the numbers are six so our final answer would be two ways out of four total ways which simplifies down to 50 percent or 0.5",kc2_conditioning,kc1_sample_space;kc2_conditioning,correct,correct,correct,NA,NA,NA,NA,NA,NA,NA,NA,"Answer one half, correct, ordered enumeration then restriction, two of four ways, kc2 correct. No traps are set on this question, the flag columns stay not-applicable by design, and the sweep finds no off-schedule conceptions, the P03 direction flip being construal without the symmetry assertion, the demarcation holding. kc1 re-annotation, correct, the ordered sets enumerated pair by pair."
P20,5,"Two dice are thrown and the product of the two numbers is 12. What is the probability that neither of the two numbers is a six, taking the order of the numbers into account? Explain how you arrived at your answer.","I will say the probability is 2 over 3, let's see, because we need to take in the order of the number into account, so the sequence matters, so like 1 and 12 is different with 12 and 1. Yeah, so we can write all probable, all probable outcomes first, so it can be 1 and 12, it also can be 2 and 6, 3 and 4, 4 and 3, 6 and 2, 12 and 1. So there are totally six different situations, because we don't want to, either of the two, so the number is 6, so 2 and 6 and 6 and 2 can be deducted from the situation. so we have, we still have four situations can work, so the final answer is 4 over 6, so it's just 2 over 3.",kc2_conditioning,kc1_sample_space;kc2_conditioning,wrong,correct,correct,NA,NA,NA,NA,NA,NA,NA,NA,"Answer two thirds, wrong, on an undeclared twelve-sided world. Their outcome list includes one-and-twelve, faces a standard die cannot show, the sample-space construction failed, kc1 wrong adaptively, and nothing in the item or their words declares the nonstandard die, so the construal charges rather than honours, the P19 contrast, a declared reading is graded under its model, an undeclared one is not. Within their world everything is flawless, six situations, the two six-bearing ones removed, four of six, the restriction machinery sound, kc2 correct. No traps are set on this question, the flag columns stay not-applicable by design, and the sweep finds no off-schedule conceptions, the P03 direction flip being construal without the symmetry assertion, the demarcation holding. kc1 re-annotation, correct, under the harmonised within-world rule, their undeclared twelve-sided world is displayed, internally complete, and consistently used, six ordered factor-pairs with flawless machinery, so the KC cells grade in-world and the fact-violation is priced at question_correct alone."
P21,5,"Two dice are thrown and the product of the two numbers is 12. What is the probability that neither of the two numbers is a six, taking the order of the numbers into account? Explain how you arrived at your answer.","Okay, we need to have to calculate our states. When the product of two numbers is 12, we only have four states. The first dice becomes four, the second becomes three, or vice versa, or the first dice becomes six, and the second one becomes two, and vice versa. So we only have four states, actually. So two out of these four states contains six. And two of them doesn't show any six on the dice. So two out of four. And ordering is important because it made that the first dice. It comes to the second six, or vice versa. So it's important to consider the ordering as well. So the 50%.",kc2_conditioning,kc1_sample_space;kc2_conditioning,correct,correct,correct,NA,NA,NA,NA,NA,NA,NA,NA,"Answer fifty percent, correct, four states with ordering explicitly considered, two six-free, kc2 correct. No traps are set on this question, the flag columns stay not-applicable by design, and the sweep finds no off-schedule conceptions, the P03 direction flip being construal without the symmetry assertion, the demarcation holding. kc1 re-annotation, correct, four states with vice-versa and the ordering's importance stated."
P22,5,"Two dice are thrown and the product of the two numbers is 12. What is the probability that neither of the two numbers is a six, taking the order of the numbers into account? Explain how you arrived at your answer.","okay so um this is the we have two dice and we take the product of the resulting numbers and we know that they are 12 and it asks us uh what the probability is uh that neither of the two numbers is a six. so 12 has uh i guess it can be factored out into four and three or six and two and these are all i guess i mean yeah these are valid dice uh values i mean technically you can pack it into 12 but you can't get 12 from a single dice, um so yeah so how many i guess let's enumerate the cases where uh the product of the dice rolls equals 12. um so you can have three-fou,r four-three because you can uh permute them and two-six and six-two. so you have four cases and out of these four cases uh only two don't have a six in either which is the four-three cases. so it's just gonna be one half because it's two divided by four um because the number of cases that don't have a six divided by all the number of all cases uh that result in a product of 12 from the dice rolls.",kc2_conditioning,kc1_sample_space;kc2_conditioning,correct,correct,correct,NA,NA,NA,NA,NA,NA,NA,NA,"Answer one half, correct, with the denominator's meaning stated, six-free cases over all product-twelve cases, kc2 correct. No traps are set on this question, the flag columns stay not-applicable by design, and the sweep finds no off-schedule conceptions, the P03 direction flip being construal without the symmetry assertion, the demarcation holding. kc1 re-annotation, correct, the factorizations built out to the four-set their two-of-four rests on."
P23,5,"Two dice are thrown and the product of the two numbers is 12. What is the probability that neither of the two numbers is a six, taking the order of the numbers into account? Explain how you arrived at your answer.","So there are four scenarios that can make the product 12, which is 2 - 6, 3 - 4, 4 - 3, 6 - 2. So the probability that neither of these numbers is 6, it is, so for the first one it is 5 over 6, for the second one it is also 5 over 6, so the multiplication is 25 over 36. But we also need to multiply by 1 over 2, because as I mentioned there are four scenarios and neither of them satisfy the condition that neither of them are 6. So that's why the final answer is 25 over 72.",kc2_conditioning,kc1_sample_space;kc2_conditioning,wrong,correct,wrong,NA,NA,NA,NA,NA,NA,NA,NA,"Answer twenty-five seventy-seconds, wrong. They grafts the unconditional no-six probability, five sixths squared, onto the conditional's two-of-four, multiplying the two, an incoherent hybrid in which the restriction insight is glimpsed and then buried under the unrestricted world. The restriction task fails, kc2 wrong, the elementary product below threshold. No traps are set on this question, the flag columns stay not-applicable by design, and the sweep finds no off-schedule conceptions, the P03 direction flip being construal without the symmetry assertion, the demarcation holding. kc1 re-annotation, correct, the four scenarios listed correctly, the failure downstream in the hybrid."
P24,5,"Two dice are thrown and the product of the two numbers is 12. What is the probability that neither of the two numbers is a six, taking the order of the numbers into account? Explain how you arrived at your answer.","The probability that the product of the two numbers is 12, considering that neither of the two numbers can be a 6, is 2, which is the number of combinations of the two dices that give a product of 12 without involving a 6, divided by 36, which is the number of possible combinations of the two dices. Therefore, 2 divided by 36 equals to a probability of 5.5%, approximately.",kc2_conditioning,kc1_sample_space;kc3_joint_chain,wrong,correct,NA,wrong,NA,NA,NA,NA,NA,NA,NA,"Answer two thirty-sixths, wrong. The count of six-free product-twelve combinations divided by all thirty-six possible combinations, the joint computed for the posed conditional, kc3 wrong per the construal rule, kc2 not engaged under the construed task. No traps are set on this question, the flag columns stay not-applicable by design, and the sweep finds no off-schedule conceptions, the P03 direction flip being construal without the symmetry assertion, the demarcation holding. kc1 re-annotation, correct, the thirty-six space named and the two qualifying pairs counted, the failure being the construal."
P25,5,"Two dice are thrown and the product of the two numbers is 12. What is the probability that neither of the two numbers is a six, taking the order of the numbers into account? Explain how you arrived at your answer.","The answer to this is 1 by 18. It's because we want two things to happen at once. We want to get 12 as the product of the two numbers that appear on the two dice. And we also want that neither of those numbers have to be 6. So, the way to make that happen. Let's talk about the first thing. How are we going to get 12? There are four possibilities of that happening out of the 36 possibilities. Out of the 36 combinations of numbers. 36 pairs of numbers. So, there are four possibilities of that happening. The first possibility is that either the first number is 3 and the second number is 4. Or the first number is 4 and the second number is 3. And... The third possibility is that the first number is 6 and the second number is 2. Or the reverse of that. So, that is four possible outcomes for the product being 12 out of 36. Now, we also want that neither of the numbers should be 6. So, that is 2 out of 4 outcomes that we have in this list. So, if we consider both those things. Then, the probability that we need is basically the probability that the product is 12. Given that neither of the numbers is 6. That is just 2 by 4 multiplied by 4 by 36. Which simplifies to 1 by 18. And that's how I got the answer.",kc2_conditioning,kc1_sample_space;kc3_joint_chain,wrong,correct,NA,wrong,NA,NA,NA,NA,NA,NA,NA,"Answer one eighteenth, wrong, with the construal spoken aloud, we want two things to happen at once. The task restated as a conjunction and computed soundly under it, two of thirty-six. The joint-versus-conditional distinction lost at identification, kc3 wrong, kc2 not engaged. No traps are set on this question, the flag columns stay not-applicable by design, and the sweep finds no off-schedule conceptions, the P03 direction flip being construal without the symmetry assertion, the demarcation holding. kc1 re-annotation, correct, four of thirty-six with the pairs enumerated."
P26,5,"Two dice are thrown and the product of the two numbers is 12. What is the probability that neither of the two numbers is a six, taking the order of the numbers into account? Explain how you arrived at your answer.","The answer is 1 over 18. So if we just look at the first statement is that the product has to be 12 and usually in a die you only have numbers ranging from 1 to 6. So from that you know that only four numbers are possible. That is which are factors of 12. So it is  2, 3, 4 and 6 but it also says that neither of these two numbers contains a 6 which means that the only numbers that both dies need to be showing is 3 and 4 and It could either be that the first die is 3, the second is 4 or the first die is 4 and the second die is 3. That is the only possible output that would satisfy both of these statements So the first thing would be calculating the probability of first die being 3 and second being 4 which would be 1 over 6 times 1 over 6. And that would have the probability of 1 over 36. but then you need to account for the probability of the first die being 4 and the second being 4 the second die being 3 which would also be 1 over 6 times 1 over 6 so you still get 1 over 36. and because there's two these are two possible scenarios you add them so 1 over 36 plus 1 over 36 gives 2 over 36 which just simplifies to 1 over 18.",kc2_conditioning,kc1_sample_space;kc3_joint_chain,wrong,correct,NA,wrong,NA,NA,NA,NA,NA,NA,NA,"Answer one eighteenth, wrong, both statements satisfied, the same conjunction construal, with clean products and addition inside it. kc3 wrong for the identification, kc2 not engaged. No traps are set on this question, the flag columns stay not-applicable by design, and the sweep finds no off-schedule conceptions, the P03 direction flip being construal without the symmetry assertion, the demarcation holding. kc1 re-annotation, correct, the factor analysis to three-and-four with both orders in the two-of-thirty-six."
P01,6,"A card is drawn from a well-shuffled standard deck and set aside face down, unseen. A second card is then drawn and shown to be an ace. What is the probability that both cards drawn are aces? Explain how you arrived at your answer.",The probability is 0.0045249 and I got this by multiplying 4 over 52 times 3 over 51 because you have 4 aces in a set of 52 cards and when you draw the first card that is an ace and you multiply it by the second card then it is 4 over 52 times 3 over 51,kc2_conditioning;kc3_joint_chain,kc2_conditioning;kc3_joint_chain,wrong,NA,correct,wrong,NA,NA,NA,NA,NA,NA,NA,"Answer 0.0045, wrong, the joint computed for the posed conditional, four of fifty-two times three of fifty-one. The removal inside the chain is sound, three aces in fifty-one cards after one leaves, kc2 correct, but the question asks for the backward conditional and the joint is offered as the answer, the kind-boundary lost, kc3 wrong. Flag, time_axis quiet. Their joint construal never faces the backward question, and their reasoning contains no refusal of it, the conception absent from what is readable, quiet by the construal precedent, a thin quiet. Sweep, no off-schedule conceptions on this turn. Review, habitat rule applied, time_axis not-applicable, their joint construal closed the backward-conditioning habitat before it opened, no opportunity, no evidence."
P02,6,"A card is drawn from a well-shuffled standard deck and set aside face down, unseen. A second card is then drawn and shown to be an ace. What is the probability that both cards drawn are aces? Explain how you arrived at your answer.","the probability in this case to draw two aces is the probability of the first draw being an ace and Followed by the probability or multiplied by the probability of the second draw being also an ace This product is in the first draw is 4 divided by 52, which is basically for aces in the complete 52 cards deck and Then this probability of 4 over 52 gets multiplied by the second draw probability and in the second draw There are now three aces And there are remaining 51 cards, so it is 3 over 51 so multiplying 4 over 52 which is the The first draw by 3 over 51, which is the second draw gives us a probability of 0.0044 which is nearly half half a percent",kc2_conditioning;kc3_joint_chain,kc2_conditioning;kc3_joint_chain,wrong,NA,correct,wrong,NA,NA,NA,NA,NA,NA,NA,"Answer 0.0044, wrong, the same joint with the chain narrated carefully, first draw four of fifty-two, second draw three of fifty-one with the removal explained. kc2 correct for the removal act, kc3 wrong for offering the joint where the conditional was posed. Flag, time_axis quiet. Thin. A Q4 fire whose Q6 construal computes the joint and never faces the backward question, no refusal visible, quiet by the construal precedent, carried as suppressed rather than resisted per the conservative-chain reading, importation can suppress re-fires, never create them. Sweep, no off-schedule conceptions on this turn. Review, time_axis not-applicable, the joint construal closed the backward-conditioning habitat before it opened."
P03,6,"A card is drawn from a well-shuffled standard deck and set aside face down, unseen. A second card is then drawn and shown to be an ace. What is the probability that both cards drawn are aces? Explain how you arrived at your answer.","Okay, so a standard card deck has 52 cards in it. If the first one that we shuffle it, and the first one that we draw is... Wait, I might have misread the question. Have I? No, I haven't. So we draw the first card, it's an ace, and then we draw the second card, and it's also an ace. And what's the probability that both cards draw on our aces? Because I'm just going to go out and assume that the first card that we draw, whether we see it or not, since we assume that it's an ace, it doesn't really matter. Because we're just looking at the possibility that they're both aces, and that doesn't concern us, whether we see it or not, because that's what we're assuming. The probability would be... So the first one, the probability that that's an ace is 4 divided by 52, since the total number is 52. And there are 4 aces in a standard card deck. And for the second probability, since we're setting the first card aside, that will leave us with 51 cards in total, and 3 aces in total, because we also leave 1 ace out. So that would be 3 divided by 51. And I'm multiplying them to calculate the total probability. So I'm assuming that would make 4 multiplied by 3, so 12, and 52 multiplied by 51, 2056... No, 2,652. So that's 12 divided by 2,652, which is simplified equal to 0.0045. So that's my explanation and answer. I think the probability that both cards drawn are aces is 12 divided by 2,652, or 0.0045.",kc2_conditioning;kc3_joint_chain,kc2_conditioning;kc3_joint_chain,wrong,NA,correct,wrong,NA,NA,NA,NA,NA,NA,NA,"Answer 12 over 2652, wrong. They reframes the task as the plain both-aces probability, saying whether we see the second card does not concern us since that is what we are assuming, which is their joint construal talking, the assumption swallowing the observation, not a claim that the observation carries no information. The chain is sound, one ace set aside, three of fifty-one, kc2 correct, the joint offered for the posed conditional, kc3 wrong. Flag, time_axis quiet. Thin. A Q4 fire, here the joint construal swallows the observation, whether we see it does not concern us since that is what we are assuming, the assumption subsuming the seeing, a construal artifact rather than a backward-informativeness denial, quiet by precedent, carried as suppressed rather than resisted. Sweep, no off-schedule conceptions on this turn. Review, time_axis not-applicable, the joint construal closed the backward-conditioning habitat before it opened."
P04,6,"A card is drawn from a well-shuffled standard deck and set aside face down, unseen. A second card is then drawn and shown to be an ace. What is the probability that both cards drawn are aces? Explain how you arrived at your answer.","So, let's define the events as A1, which is the probability that the first card drawn is an ace, which will be probably A1 will be 4 over 52, and I am assuming that the deck of cards has 52 cards. Then, the next event will be the second, A2 will be, the second card will be an ace, so we know that A2 given A1 will be 3 over 51, because one ace has been already taken out, and B2 given not A1, that is A1 not happening, will be 4 over 51. So, the question asked, what is the probability that the deck of cards has 52 cards? That both cards are drawn as aces, so it's asking for the intersection, the multiplication, that equals the multiplication, so we have to multiply the two probabilities to get the joint probability, that is PA2 given A1 times PA1, which is 3 over 51 times 4 over 52, which will factorically be 12 over 2652. And we'll solve to 0.004525, as it's been approximated.",kc2_conditioning;kc3_joint_chain,kc2_conditioning;kc3_joint_chain,wrong,NA,correct,wrong,NA,NA,NA,NA,NA,NA,NA,"Answer 0.004525, wrong, and the construal is spoken aloud, the question is asking for the intersection, the joint probability. They builds both conditionals correctly, three of fifty-one and four of fifty-one, exemplary kc2, then multiplies into the joint and stops. kc2 correct, kc3 wrong, and the unused second conditional never becomes an assembly, kc4 not engaged. Flag, time_axis quiet. The intersection construal bypasses the backward question, both conditionals built without refusal anywhere, quiet, thin. Sweep, no off-schedule conceptions on this turn. Review, time_axis not-applicable, their own restatement reads the target as the intersection, the construal closing the backward-conditioning habitat."
P05,6,"A card is drawn from a well-shuffled standard deck and set aside face down, unseen. A second card is then drawn and shown to be an ace. What is the probability that both cards drawn are aces? Explain how you arrived at your answer.","My answer is 12 over 10,092, from 4 over 52 times 3 over 51, because initially there's 4 aces in the deck of 52 cards, and then after one's drawn, you only get 3 left, and then 3 over 51, so you want to times 2 together to get 12 over 1,092.",kc2_conditioning;kc3_joint_chain,kc2_conditioning;kc3_joint_chain,wrong,NA,correct,wrong,NA,NA,NA,NA,NA,NA,NA,"Answer 12 over 1092 as stated, wrong, the joint with garbled arithmetic on top. Removal sound, three left of fifty-one, kc2 correct, joint for conditional, kc3 wrong. Flag, time_axis quiet. Joint construal, no refusal visible, quiet by precedent, thin. Sweep, no off-schedule conceptions on this turn. Review, time_axis not-applicable, the joint construal closing the backward-conditioning habitat."
P06,6,"A card is drawn from a well-shuffled standard deck and set aside face down, unseen. A second card is then drawn and shown to be an ace. What is the probability that both cards drawn are aces? Explain how you arrived at your answer.","So again, the question doesn't really specify the type of card set, but at least by standard deck what I think it means is That there are 52 cards in there with four different colors or types of cards, whatever you want to call them. We start with, again this is just the decks I know, with four aces in a set of 52. So drawing one of them is like and the one we put down chances are probability is four over 52 and then subsequently this means we have three aces left in the deck and 51 cards left in the deck because we just put one down. And the chances that both are an ace are these two multiplied with each other. So we have four over 52 times three over 51 and this leaves us at a probability of one over 221.",kc2_conditioning;kc3_joint_chain,kc2_conditioning;kc3_joint_chain,wrong,NA,correct,wrong,NA,NA,NA,NA,NA,NA,NA,"Answer the joint, wrong, with the standard-deck assumption declared cleanly. Removal sound, kc2 correct, the both-multiplied quantity offered for the posed conditional, kc3 wrong. Flag, time_axis quiet. Joint construal, removal sound, no refusal, thin quiet. Sweep, no off-schedule conceptions on this turn. Review, time_axis not-applicable, the joint construal closing the backward-conditioning habitat."
P07,6,"A card is drawn from a well-shuffled standard deck and set aside face down, unseen. A second card is then drawn and shown to be an ace. What is the probability that both cards drawn are aces? Explain how you arrived at your answer.","So, in this problem, we have to calculate the probability of the first card is A, given the second card is A. So, according to Bayes' theorem, we can write down like P of A1 given A2 is equal to a fraction. So, the numerator will be P of A2 given A1 multiplied with P of A1. And the denominator will be P of A2 given A1 multiplied with P of A1. And plus P of A1 given the opposite of A1. Oh no, it's P of A2. P of A2 given the opposite of A1 and multiplied with P of opposite of A1. So, to calculate each part of this, so the probability of the first card is A is 1 of 13. Because there are 13 different type cards and A is one of them. And the probability of the second. That is, the second card is A is, given the first card is A is 3 divided by 51. Because there are only 51 cards left in the deck. There are only 51 cards left in the deck and there are only 3 A's left in the deck. And the probability of drawing 1 A's from that deck is 3 divided by 51. So, the next part is probability of the first card is not A's. It is 12 divided by 13. Because there are 13 different type cards and the probability of it is not an A's is 12. So, the second. The next. There's, the next part I have to calculate is the probability of the second card is A's and the first card is not A's. So it would be 4 divided by 51. Because there's only 51 cards left in the deck and there are 4 A's in that deck and the probability will be 4 divided by 51. So the plug the number into the equation into the fraction so we have on the numerator we have 3 divided by 51 multiplied with 1 divided by 13 and the denominator we have 3 divided by 51 multiplied with 1 divided by 13 plus 4 divided by 51 multiplied with 12 divided by 13 and it's equal to 1 divided by 17 so the probability of that event would be approximately 5.88 percent.",kc2_conditioning;kc3_joint_chain,kc2_conditioning;kc3_joint_chain;kc4_total_probability;kc5_bayes_update,correct,NA,correct,correct,correct,correct,NA,NA,quiet,quiet,quiet,"Answer one seventeenth, correct, the full Bayes route. The target is named at the outset as the first card given the second, kc3's kind-boundary held, both conditionals built, three of fifty-one and four of fifty-one, kc2 correct, the evidence assembled from both branches with the priors weighted, kc4 correct, and the division executed to one over seventeen, kc5 correct. Flag, time_axis quiet. Full backward Bayes performed, the observed second ace conditioning everything, the strongest resistance. Sweep, no off-schedule conceptions on this turn. Review, both flags earn off-schedule affirmative quiets, the designed backward inference solved in full, the evidence pool assembled from the ace and non-ace routes and the one-in-thirteen prior applied, negations displayed."
P08,6,"A card is drawn from a well-shuffled standard deck and set aside face down, unseen. A second card is then drawn and shown to be an ace. What is the probability that both cards drawn are aces? Explain how you arrived at your answer.","Given that the second card is an ace, that means that there are three cards left in the deck that could have been placed face-down out of a possible 51 cards. So the probability is 3 out of 51, or 1 over 17.",kc2_conditioning;kc3_joint_chain,kc2_conditioning,correct,NA,correct,NA,NA,NA,NA,NA,quiet,NA,NA,"Answer 3 over 51, correct, the pure restriction route, given the second is an ace, three of the remaining fifty-one could be the face-down card. kc2 correct, no products, assembly, or division demanded by the method. Flag, time_axis quiet. Their entire method is the backward restriction, the revealed ace reshaping the face-down card's possibilities, the trap's photographic negative. Sweep, no off-schedule conceptions on this turn."
P09,6,"A card is drawn from a well-shuffled standard deck and set aside face down, unseen. A second card is then drawn and shown to be an ace. What is the probability that both cards drawn are aces? Explain how you arrived at your answer.",the probability is 3 out of 51 that is because we have 52 cards in the well shuffled deck and we already um sliced one out of those deck so the uh numerator well uf the denominator  will be 51. and because we have four aces uh in the in the deck and uh we already picked one out of them so the numerator uh. so so the probability will be 3 out of 51,kc2_conditioning;kc3_joint_chain,kc2_conditioning,correct,NA,correct,NA,NA,NA,NA,NA,quiet,NA,NA,"Answer 3 out of 51, correct, restriction with the removal narrated, one sliced out of the deck and one ace gone. kc2 correct. Flag, time_axis quiet. Backward restriction performed, one sliced out, three of fifty-one. Sweep, no off-schedule conceptions on this turn."
P10,6,"A card is drawn from a well-shuffled standard deck and set aside face down, unseen. A second card is then drawn and shown to be an ace. What is the probability that both cards drawn are aces? Explain how you arrived at your answer.","So, probability of getting an ace on the first one is Basically, we have four aces overall on the deck out of 52 So that's 1 over 13 and getting another one later on will be left with only 3 divided by 51, which is the remaining cards. So 1 over 13 times 3 over 51",kc2_conditioning;kc3_joint_chain,kc2_conditioning;kc3_joint_chain,wrong,NA,correct,wrong,NA,NA,NA,NA,NA,NA,NA,"Answer the joint, one thirteenth times three fifty-firsts, wrong. Removal sound, kc2 correct, joint for conditional, kc3 wrong. Flag, time_axis quiet. Joint construal, no refusal visible, thin quiet. Sweep, no off-schedule conceptions on this turn. Review, time_axis not-applicable, the joint construal closing the backward-conditioning habitat."
P11,6,"A card is drawn from a well-shuffled standard deck and set aside face down, unseen. A second card is then drawn and shown to be an ace. What is the probability that both cards drawn are aces? Explain how you arrived at your answer.","Assuming that there is no replacement and that a standard deck has 52 cards, the chance of the first card being an ace is 4 over 52. The chance of the second card being an ace is now 3 over 51. Because these are independent events, we can multiply the probabilities to get the probability of both events occurring one after the other, and we will get 1 over 221.",kc2_conditioning;kc3_joint_chain,kc2_conditioning;kc3_joint_chain,wrong,NA,correct,wrong,NA,NA,NA,NA,NA,NA,NA,"Answer 1 over 221, wrong, the joint, with the word independent applied to draws whose dependence their own mechanics respect, the three-of-fifty-one factor is the removal done right, so the label is read as loose language, not a conception. kc2 correct, kc3 wrong for the conflation. Flag, time_axis quiet. Thin. A Q4 fire whose Q6 answer is the joint, the backward question never faced, and the word independent here labels a chain whose mechanics respect dependence, loose language rather than the conception, quiet by precedent, carried as suppressed rather than resisted. Sweep, no off-schedule conceptions on this turn. Review, time_axis not-applicable, the joint construal closing the backward-conditioning habitat."
P12,6,"A card is drawn from a well-shuffled standard deck and set aside face down, unseen. A second card is then drawn and shown to be an ace. What is the probability that both cards drawn are aces? Explain how you arrived at your answer.","Okay, so the answer is 1 divided by 221, and I arrived at the answer by using Bayes' theorem, of course. So I am computing the probability of event X and Y happening simultaneously, where I denote event X to be drawing the first card as an ace, and event Y as drawing an ace as the second card. Yes, and then I use Bayes' theorem, and I arrive at the answer.",kc2_conditioning;kc3_joint_chain,kc3_joint_chain,wrong,NA,NA,wrong,NA,NA,NA,NA,NA,NA,NA,"Answer 1 over 221, wrong, framed as the probability of X and Y happening simultaneously, by Bayes' theorem. The simultaneity framing is the joint construal displayed, kc3 wrong, and nothing else is displayed at all, no factor, no removal, no operation, so no kc2 act exists to grade, kc2 not engaged. Flag, time_axis quiet. The simultaneity framing bypasses the backward question, nothing else displayed, no refusal legible, thin quiet. Sweep, no off-schedule conceptions on this turn. Review, time_axis not-applicable, the joint construal closing the backward-conditioning habitat, with the display note that no work is shown, the answer stated cold."
P13,6,"A card is drawn from a well-shuffled standard deck and set aside face down, unseen. A second card is then drawn and shown to be an ace. What is the probability that both cards drawn are aces? Explain how you arrived at your answer.","I think the probability that both cards drawing are aces should be smaller rather than one-thirteenth. I don't know how to calculate the specific value, but I think if you didn't give me any context, I think you pick up 1 ace from a shuffled card, that would be 4 divided by 42. So the probability to pick up an ace should be one-thirteenth. But now you told me that the second card is an ace. That means the probability to pick up 1 ace at the first trial should be smaller rather than one-thirteenth.",kc2_conditioning;kc3_joint_chain,,wrong,NA,NA,NA,NA,NA,NA,NA,quiet,NA,NA,"No value offered, the stated position being that the probability should be smaller than one thirteenth, wrong on the answer channel. The reasoning is a sound backward directional inference, the observed second ace makes a first-trial ace less likely than one in thirteen, but under the quantitative-backing rule qualitative articulation without numbers earns no credit on a value-keyed item, no restricted value is produced, kc2 not engaged. Flag, time_axis quiet. The backward inference is their whole answer, the observed second ace makes a first-trial ace less likely, embraced, not refused. Sweep, no off-schedule conceptions on this turn."
P14,6,"A card is drawn from a well-shuffled standard deck and set aside face down, unseen. A second card is then drawn and shown to be an ace. What is the probability that both cards drawn are aces? Explain how you arrived at your answer.","Let's call the event of picking an ace the first time A1, and an ace the second time A2. Probability of A2 given A1 would be 3 out of 51, since there are 51 cards remaining, of which 3 are aces. P of A1 is 4 out of 52. Then P of A2 is P of A2 given A1 times P of A1, plus P of A2 given not A1 times P of not A1. Those being 4 out of 51 and 48 out of 52, respectively. So P of A1 given A2, by Bayes' theorem, is... 3 over 51 times 4 over 52, divided by 3 over 51 times 4 over 52, plus 4 over 51 times 48 over 52. Which cancels down to 3 times 4 over 51 times 4, which cancels down to 3 over 51. Intuitively, this means that the probability of... The first card being an ace, given that the second card is an ace, is the same as the probability of the second card being an ace if the first card is an ace. Hence, both events are equivalent.",kc2_conditioning;kc3_joint_chain,kc2_conditioning;kc3_joint_chain;kc4_total_probability;kc5_bayes_update,correct,NA,correct,correct,correct,correct,NA,NA,quiet,quiet,quiet,"Answer 3 over 51, correct, full Bayes with every term labelled, the conditional three of fifty-one, the prior four of fifty-two, the evidence assembled from both branches, four of fifty-one and forty-eight of fifty-two on the second, and the cancellation performed with the intuition narrated. kc2, kc3, kc4, kc5 all correct. Flag, time_axis quiet. Full backward Bayes with every term labelled, resistance in its completest form. Sweep, no off-schedule conceptions on this turn. Review, both flags earn off-schedule affirmative quiets, the full backward Bayes with the pool assembled from both routes and the prior applied through the observed cancellation, plus the exchangeability insight articulated, both events equivalent, the item's deepest solve."
P15,6,"A card is drawn from a well-shuffled standard deck and set aside face down, unseen. A second card is then drawn and shown to be an ace. What is the probability that both cards drawn are aces? Explain how you arrived at your answer.","also confused if we think that it's like 36 cards in the deck uh by default or something like that that we have four aces for that that we have if we're independent one you can say it that way um the first card is ace it's four divided by 36, second card is is four divided by 36 of us humans only one card is drawn and it is an ace. But given the that um the second card is drawing and it is an ace and then first one so for the probability that second one has occured it's going to be 3 divided divided by 35 and multiply by 4 divided by 36 and then big division of 4 by 36. it's going to be something like 0.00066",kc2_conditioning;kc3_joint_chain,kc2_conditioning;kc3_joint_chain;kc5_bayes_update,wrong,NA,correct,correct,NA,wrong,NA,NA,quiet,quiet,quiet,"Answer 0.00066, wrong, in their hedged but consistently used thirty-six-card world, which is honoured as declared. Their pieces are individually right, first card four of thirty-six, second card four of thirty-six stated upfront, the removal three of thirty-five, and the arrangement they assembles, the joint of four thirty-sixths times three thirty-fifths divided by the second card's four thirty-sixths, is the correct Bayes machine, so the kind-boundary is held, the joint built as a component and divided by evidence, kc3 correct, and the removal act is sound, kc2 correct, with the evidence taken by direct assignment, no partition, kc4 not engaged. The division, however, is announced and never lands, the reported 0.00066 is traceable to no combination of their own quantities, the correct output of their own expression being three thirty-fifths, and under the two-condition readout test, roles sound on the page but the value untraceable to any computed quantity, the announced act fails as an attempt, kc5 wrong. Flag, time_axis quiet. Their declared-world Bayes arrangement divides by the second card's probability, the backward conditional genuinely targeted, no refusal anywhere, quiet. Sweep, no off-schedule conceptions on this turn. Review, both flags quiet in the applied class, the construction Bayes-shaped, the evidence slot served with four-of-thirty-six, correct by exchangeability in their declared deck, and the prior applied in the numerator, the execution garble priced at kc5 and the answer."
P16,6,"A card is drawn from a well-shuffled standard deck and set aside face down, unseen. A second card is then drawn and shown to be an ace. What is the probability that both cards drawn are aces? Explain how you arrived at your answer.",The first probability which the first card is ace is 4 by 52 or 1 by 13. The probability that the second card is ace is 4 over 51 and the probability that both cards are aces is multiplication of both cards. So it would be 4 by 663.,kc2_conditioning;kc3_joint_chain,kc2_conditioning;kc3_joint_chain,wrong,NA,wrong,wrong,NA,NA,NA,NA,NA,NA,NA,"Answer 4 over 663, wrong, four of fifty-two times four of fifty-one. The deck shrinks but the ace never leaves, the second factor ignores the conditioning on the first ace, the removal act attempted and failed, kc2 wrong, and the multiplied quantity is offered for the posed conditional, kc3 wrong. Flag, time_axis quiet. Their failed removal is a botched update, not a refused one, the deck shrinks in their second factor, so the later draw is doing some work, the refusal conception absent, quiet. Sweep, no off-schedule conceptions on this turn. Review, time_axis not-applicable, the joint construal closing the backward-conditioning habitat."
P17,6,"A card is drawn from a well-shuffled standard deck and set aside face down, unseen. A second card is then drawn and shown to be an ace. What is the probability that both cards drawn are aces? Explain how you arrived at your answer.",So I will assume there are a total of 52 cards of which 4 are aces. So we are told that the second card is an ace. So that means in the remaining 51 cards only 3 are aces. So in order to get both cards to be aces I think the answer should be 3 by 51 which can be simplified to 1 hour 17.,kc2_conditioning;kc3_joint_chain,kc2_conditioning,correct,NA,correct,NA,NA,NA,NA,NA,quiet,NA,NA,"Answer 3 by 51, correct, told the second is an ace, the remaining fifty-one hold three, and both-cards-aces reduces to that. kc2 correct. Flag, time_axis quiet. Told the second is an ace, they restricts the first draw's world accordingly, quiet. Sweep, no off-schedule conceptions on this turn."
P18,6,"A card is drawn from a well-shuffled standard deck and set aside face down, unseen. A second card is then drawn and shown to be an ace. What is the probability that both cards drawn are aces? Explain how you arrived at your answer.","Okay, so we want to calculate the probability that the first card drawn is an ace, given that the second card drawn is an ace. And so to do that, we have two ways. Well, to draw an ace second, there's two ways to get there. We either drew an ace first and then drew an ace second, or we drew a non-ace first and then drew an ace second. And so the probability of drawing an ace second are the sum of those two. So the first way, say we draw two aces, probability of drawing an ace first, four aces in a deck over 52 cards in the deck, multiplied by the next probability, which would be three aces are left since we chose one first, over the 51 cards that are left in the deck. Add that to the probability of... Drawing a non-ace first, so that's 48 non-aces, 52 minus 4, over the 52 cards, multiplied by four aces still in the deck, since we didn't pick an ace first, over the 51 cards left in the deck. So that's about 8% of getting an ace second. And then the probability of getting an ace first and an ace second, seeing that both cards are aces, would be the probability of drawing... Two aces in a row, over the probability of getting an ace second in general. And that came out to 1 over 17, so that's about 5.88%.",kc2_conditioning;kc3_joint_chain,kc2_conditioning;kc3_joint_chain;kc4_total_probability;kc5_bayes_update,correct,NA,correct,correct,correct,correct,NA,NA,quiet,quiet,quiet,"Answer 1 over 17, correct, the full route, both paths to an ace second built and summed to roughly eight percent, then the two-aces path weighed over that evidence. kc2, kc3, kc4, kc5 all correct. Flag, time_axis quiet. Both routes to the evidence built and the backward conditional computed, quiet. Sweep, no off-schedule conceptions on this turn. Review, both flags earn off-schedule affirmative quiets, the full backward Bayes with the pool assembled from both routes to roughly eight percent and the prior applied."
P19,6,"A card is drawn from a well-shuffled standard deck and set aside face down, unseen. A second card is then drawn and shown to be an ace. What is the probability that both cards drawn are aces? Explain how you arrived at your answer.","So, a deck of cards has a total of 52 cards, and out of those 52 cards, only four of them are aces. So, in the first scenario, so we want both of the cards to be aces. That is a probability that we're trying to get. So, this would be the sum of, sorry, the product of pulling an ace first, which would be 4 out of 52, times by the probability of pulling an ace, given that we've pulled an ace in the first place. So, since we set the card aside, the total deck of cards goes. It goes from 52 to 51, and given that the first card was an ace, the number of aces in the deck goes down from 4 to 3. So, our final answer would be 4 divided by 52, times by 3 divided by 51, which simplifies down to somewhere around 0.0045.",kc2_conditioning;kc3_joint_chain,kc2_conditioning;kc3_joint_chain,wrong,NA,correct,wrong,NA,NA,NA,NA,NA,NA,NA,"Answer the joint, wrong, we want both of the cards to be aces, the product four of fifty-two times three of fifty-one. Removal sound, kc2 correct, joint for conditional, kc3 wrong. Flag, time_axis quiet. Joint construal, removal sound, no refusal, thin quiet. Sweep, no off-schedule conceptions on this turn. Review, time_axis not-applicable, the joint construal closing the backward-conditioning habitat."
P20,6,"A card is drawn from a well-shuffled standard deck and set aside face down, unseen. A second card is then drawn and shown to be an ace. What is the probability that both cards drawn are aces? Explain how you arrived at your answer.","Okay, my answer is 3 over 51. Because as you say, the second card is strong to be an ace. So we totally have 52 cards. And 4 of them is ace. 4 of them are ace. Right. And in the 4 cards, 1 is chosen as the second card. So for the first card, we only have 3 aces to be chose. Right. So we should minus 1 card. We should minus the second card. Apart from the total amount. So 52 minus 1 is equal with 51. So the probability is 3 over 51. Yeah.",kc2_conditioning;kc3_joint_chain,kc2_conditioning,correct,NA,correct,NA,NA,NA,NA,NA,quiet,NA,NA,"Answer 3 over 51, correct, and they is one of the four Q4 fires, here reasoning backward flawlessly, one of the four aces is the second card, so the first had only three aces available, and the second card leaves the total at fifty-one. kc2 correct, the strongest possible repair evidence, held for the flag pass. Flag, time_axis quiet. The column's most important cell. They fired on the urn, and here, with no feedback and no prompting, performs the backward restriction flawlessly, the second card's known ace removed from both counts. A demonstrated self-repair on the re-fire turn, recorded as evidence bearing on the persistence hypothesis, quiet with the strongest grounds. Sweep, no off-schedule conceptions on this turn."
P21,6,"A card is drawn from a well-shuffled standard deck and set aside face down, unseen. A second card is then drawn and shown to be an ace. What is the probability that both cards drawn are aces? Explain how you arrived at your answer.","Okay, so again, the Bayes' theorem. Actually, the probability of the first one becomes ace is 4 out of 52. And the probability of first not becomes ace is 48 out of 52. So the formula is the first becomes ace, suppose  second one is ace. So it's equal to the probability of the second ace, supposed to first ace, multiplied by the probability of the first one is ace, divided by exactly the same thing I said for the top part, plus probability of second ace, supposed to first one not ace, multiplied by, probability of totally or what fraction the first one is not ace. So if I want to clearly explain the trees here. So the first one is ace, not ace. The probability of ace for level one is 4 out of 52, not ace, 48 out of 52. Okay, for the second level, if it's ace, so we, for the second one, we have to another choice, ace, not ace. Ace is 3 out of 51, because we put away one of the aces, so we totally have 3 aces and 51 cards. So 3 out of 51. In the second level, if the probability of not ace is 48 out of 51. On the other branches, when the first level is not actually ace, the ace probability becomes 4 out of 51, because we threw away one card. But still we have 4 aces, so 4 out of 51. And not ace in the second level is 47 out of 51. So to wrap everything up, on the top part, we have 3 out of 51, multiplied to 4 out of 52. In the bottom part, we have the exactly the same things, plus 4 out of 51, multiplied 48 out of 51. Okay. Okay. So at the top part, we have 3 multiplied 4. Bottom, 3 multiplied 4, plus 4 multiplied 48. Totally, 12 divided by 204. And the answer is 0.059.",kc2_conditioning;kc3_joint_chain,kc2_conditioning;kc3_joint_chain;kc4_total_probability;kc5_bayes_update,correct,NA,correct,correct,correct,correct,NA,NA,quiet,quiet,quiet,"Answer 0.059, correct, the full Bayes tree, both branches at both levels with removal respected everywhere, twelve over two hundred four. kc2, kc3, kc4, kc5 all correct. Flag, time_axis quiet. The full tree conditions backward at every level, quiet. Sweep, no off-schedule conceptions on this turn. Review, both flags earn off-schedule affirmative quiets, the full backward Bayes with the pool assembled from both routes to the exact twelve-over-two-hundred-four and the prior applied."
P22,6,"A card is drawn from a well-shuffled standard deck and set aside face down, unseen. A second card is then drawn and shown to be an ace. What is the probability that both cards drawn are aces? Explain how you arrived at your answer.",okay so the question asks us um so we draw a card from a deck and we don't see it and then we draw another card from the same deck uh without replacement and we um see that the second card is an ace so given that second card is an ace what's the probability that um both cards are aces so the event that we picked ace then ace so again we can enumerate so there are i guess four cases uh one where the first one is an ace and then one where the second one uh is an ace so ace is and then there's ace - not ace and there's not ace - ace and then there's not ace - not ace. so the strategy is to just uh compute the probability of each one and then uh compute uh the value which is uh the probability of the event uh ace - ace over the probability of the second card being an ace which is going to be the sum of uh the two events the two disjoint events ace - ace and not ace - ace in that order. um so yeah i'm just gonna explain how i got these probabilities. um so the first probability was picking a uh ace in the first uh draw is gonna be four over 52 because there are 52 cards in the deck and there are four aces initially and um let's say we're in the branch so the first card we picked is an ace uh this the probability of us picking a second ace uh is going to be 3 or 51 because uh now there are only three aces in the deck and 51 uh cards remaining um so yeah. and then i guess for ace- not ace so like for the case i picked an ace um the probability of uh us not getting an ace in the second draw is going to be 48 over 51 because there are 48 cards that are not aces and uh 51 remaining cards. so this is going to be the same reasoning for the other branch which is we don't we don't pick an ace in the first one um so there are going to be 52 cards initially and then 51 cards and the probability of us not getting this in the first one is going to be 48 over 52 because there are no uh sorry there are uh 48 non-ace cards in the deck initially um in uh in the second draw um if we happen to pick an ace the probability that's gonna be four over 51 uh because there are 50 and 51 remaining cards and four aces left because we didn't pick an ace in the previous draw. uh but if we if we don't pick an ace in the second um in the second draw uh given that we didn't pick an ace in the first draw uh that's gonna be 47 over 51 because uh we have to subtract one card uh because that's what we drew from i guess last round. wow okay and now we just compute the value that i uh stated uh like a minute ago and that just turns out to be one over 17 which is around 50 sorry 5.88 percent um yeah is there anything else i missed i don't think so so that means i mean yeah i didn't miss anything.,kc2_conditioning;kc3_joint_chain,kc2_conditioning;kc3_joint_chain;kc4_total_probability;kc5_bayes_update,correct,NA,correct,correct,correct,correct,NA,NA,quiet,quiet,quiet,"Answer 1 over 17, correct, the exhaustive route, all four ordered cases built, the evidence taken as the sum of the two disjoint ace-second cases, the ratio computed, self-checked. kc2, kc3, kc4, kc5 all correct. Flag, time_axis quiet. Exhaustive enumeration in service of the backward conditional, quiet. Sweep, no off-schedule conceptions on this turn. Review, both flags earn off-schedule affirmative quiets, the four-branch enumeration valuing every path, the pool assembled, the prior applied."
P23,6,"A card is drawn from a well-shuffled standard deck and set aside face down, unseen. A second card is then drawn and shown to be an ace. What is the probability that both cards drawn are aces? Explain how you arrived at your answer.","So basically there are 52 cards in a deck, so if the second one is ace then the probability of that is 1 out of 51. I don't know how many aces usually are in a deck. I don't have this prior knowledge to answer this question.",kc2_conditioning;kc3_joint_chain,,wrong,NA,NA,NA,NA,NA,NA,NA,NA,NA,NA,"Answer 1 out of 51 with the ace count disavowed, I don't have this prior knowledge. Wrong on the answer channel, a committed stated value that misses the key. The fragments never assemble into a determinate act of any concept's content, the target of the one-of-fifty-one is unrecoverable, no world is fixed, no operation connects any piece to any other, garble is below the act threshold everywhere, all KC cells not engaged, per the rule that required-but-absent charges wrong only where a determinate attempt at the task exists. Flag, time_axis unreadable. The trap is set, so a verdict is owed, and the transcript withholds it, the same garble ruled below the act threshold on every KC cell, no world fixed, no target recoverable, no belief legible. The conception can be neither affirmed present nor affirmed absent, so neither fired nor quiet can honestly be written, the dataset's second measurement-silence entry, deleted before the models see it. Sweep, no off-schedule conceptions on this turn. Review, the unreadable token retired, the cell re-keyed to not-applicable with the void noted, the committed garble with declared ignorance withholding the trap's material, a measurement void for the exclusion log."
P24,6,"A card is drawn from a well-shuffled standard deck and set aside face down, unseen. A second card is then drawn and shown to be an ace. What is the probability that both cards drawn are aces? Explain how you arrived at your answer.","If the second card is shown to be an ace, the probability that both cards drawn are aces is equal to the probability that the first card is also an ace. There are four aces in the deck, divided by the 52 cards that the deck has. The probability that the first card is an ace is 4 divided by 52, which equals the probability of 7.7%, which is equal to the probability that both cards are aces.",kc2_conditioning;kc3_joint_chain,kc2_conditioning;kc3_joint_chain;kc5_bayes_update,wrong,NA,wrong,correct,NA,wrong,NA,NA,fired,NA,NA,"Answer 7.7 percent, wrong. They states the correct reduction aloud, the probability that both are aces given the second is an ace equals the probability the first is also an ace, the kind-decision surfaced and right, kc3 correct, and then values that conditional as the unconditional four of fifty-two, the known second ace never restricting anything, the backward conditioning absent where their own reduction demanded it, kc2 wrong. Flag, time_axis fired. Their answer is the trap's signature four of fifty-two, and their reasoning states the conception in its most explicit available form, an identity, the probability that both are aces given the second is an ace equals the probability that the first card is an ace, asserted at the outset and re-asserted in closing. The conditional equated with the unconditional is the claim that the second draw's outcome carries no information about the first, the flat-independence grounding of the conception-level fire condition, the same shape as the Q4 fires, made sharper by their correct reduction, they faced exactly the backward question and answered that the observation changes nothing. No verbal ground accompanies the identity, noted honestly, the fire rests on the claim itself, as it did for the reveals-no-new-information fire on the urn. Sweep, no off-schedule conceptions on this turn. Review, kc5 wrong under the both-wrong template symmetry, the condition acknowledged and the null update enacted in the displayed identity."
P25,6,"A card is drawn from a well-shuffled standard deck and set aside face down, unseen. A second card is then drawn and shown to be an ace. What is the probability that both cards drawn are aces? Explain how you arrived at your answer.","So the answer to that is 0.002, and the way I've solved this is that, so we want to find out the probability that the second card that we've drawn is an ace, given that the first card that we drew and removed from the deck was also an ace. So we want both those events to happen at once, and let's just consider the first half of it. So what's the probability of drawing an ace out of a deck of 52 cards? There are 4 aces, so it's going to be 4 by 52. And then the second event that we want to happen is, we want to draw an ace out of the updated deck of cards, and there are 3 aces remaining, and the total number of cards remaining is 51. So that's 3 by 51, and if you multiply those two together... that is 4 by 52 into 3 by 55, you get 0.002, which is the final answer.",kc2_conditioning;kc3_joint_chain,kc2_conditioning;kc3_joint_chain,wrong,NA,correct,wrong,NA,NA,NA,NA,NA,NA,NA,"Answer 0.002, wrong, we want both those events to happen at once, the joint construal spoken, computed as four of fifty-two times three of fifty-one with the removal narrated soundly. kc2 correct for the removal, kc3 wrong for the conflation, with their restatement's direction slip read as fluency per their established pattern. Flag, time_axis quiet. The both-at-once construal bypasses the backward question, removal sound inside it, no refusal, thin quiet. Sweep, no off-schedule conceptions on this turn. Review, time_axis not-applicable, the forward construal explicit, both events at once, the backward habitat closed."
P26,6,"A card is drawn from a well-shuffled standard deck and set aside face down, unseen. A second card is then drawn and shown to be an ace. What is the probability that both cards drawn are aces? Explain how you arrived at your answer.","So the answer is 1 over 221. So again, this can be just simply trying to find the probability of the first card being an ace given that the second card is an ace. So you would use Bayes' theorem again. So first find the probability of the second card being an ace given that the first card is an ace. So that would be 4 over 52 because you have 52 cards and only 4 aces multiplied by 3 over 51. So then you have 3 for the second card and 3 aces remaining and to be chosen among 51 cards. So this reduces, this simplifies to 1 over 221. but then you apply the formula for bayes theorem so the probability of getting the first card to be an ace is 4 over 52. and if you divide that by the probability of the first card being uh ... the probability of the first card uh ... so sorry um divided by the probability of the second card also being an ace, that would add both the first and second card not being an ace is so and that would also be equal to uh... at the end it would be uh .... also still 4 over 52 so because the first case would be for the second card to be an ace is would be the first card is an ace is it would be 4 over 52 minus multiplied by 3 over 51, then you add four then your account for when the first card is not an is that would then be 48 divided by 52 so you look at the 48 cards over 52 then you multiply by 4 over 51 because you still get your four aces but you have one card removed from the deck so 4 times 51. if you add this to value it would be equal to 4 over 52 so the two probabilities of probability of first card being an is and card being an is cancel each other and the answer just simplifies to 1 over 221.",kc2_conditioning;kc3_joint_chain,kc2_conditioning;kc3_joint_chain;kc4_total_probability;kc5_bayes_update,wrong,NA,correct,correct,correct,correct,NA,NA,quiet,quiet,quiet,"Answer 1 over 221, wrong, and every concept on the page is sound, their Q4 signature repeated. They builds the joint, then assembles the evidence from both branches, four of fifty-two times three of fifty-one plus forty-eight of fifty-two times four of fifty-one, notices it equals four of fifty-two, a derivation of the symmetry, states the division, and performs the cancellation correctly, prior against evidence, which leaves three of fifty-one, then reads out the stale joint one over two twenty-one as the answer. Roles sound, the reported value traceable to their own computed joint, the two-condition readout test passed, kc2, kc3, kc4, kc5 all correct, the failure priced at question level, their second tally in the execution count. Flag, time_axis quiet. The assembly and cancellation are backward conditioning performed in full, resistance in all but readout. Sweep, no off-schedule conceptions on this turn. Review, kc5 held correct on ruling, the Q4 twin's slip repeated, the numerator correctly assembled as the joint, the pool built to the exact 4-over-52, the cancellation even announced, and the final statement falling back to the mislabeled 1-over-221, the retrieval slip at the last fetch, the wrongness priced at the answer, and both flags earning off-schedule affirmative quiets, pool built, prior applied, cancellation observed."
P01,7,"60 percent of the population in a city are men, 40 percent women. 50 percent of the men and 25 percent of the women smoke. We select a person from the city at random. What is the probability that this person is a smoker? Explain how you arrived at your answer.","Because you have 60% of a population being men and 40% being women, so when 50% of the men smoke, it is 30% of the population that are male smokers. And 25% of the 40% of women, it would be 10% of the population are female smokers. And when you add them both together, you get 40%, which is 0.4.",kc3_joint_chain;kc4_total_probability,kc3_joint_chain;kc4_total_probability,correct,NA,NA,correct,correct,NA,NA,NA,NA,NA,NA,"Answer 40 percent, correct. Both branch joints built as population shares, fifty percent of the sixty gives thirty percent male smokers, twenty-five of the forty gives ten, and the two added. kc3 correct on both sub-steps, kc4 correct for the weighted sum. Flag, denominator_neglect not-applicable under the review's habitat ruling, the pool is this item's deliverable, no update exists, nothing ever stands in the denominator position, so the neglect conception has no habitat here, the weighted construction credited at kc4 where total-building lives, with the rider that an articulated sizes-play-no-role principle would still fire on manifestation, none occurred. Sweep, no off-schedule conceptions on this turn, the thirty-seven-and-a-half family and the forty-coincidence never occur in this cohort."
P02,7,"60 percent of the population in a city are men, 40 percent women. 50 percent of the men and 25 percent of the women smoke. We select a person from the city at random. What is the probability that this person is a smoker? Explain how you arrived at your answer.","Well, we can consider a sample of 100 people. In this sample, we have 60 people that are men and 40 people that are women. Out of the 60 men, 50% are smokers, and hence, we have 30 smokers. And out of the 40 women, only a quarter are smokers, and hence, we have only 10 smoker women. The probability of a person being a smoker does not depend on the fact that they are a man or a woman. And the... This is basically the sum of the two groups, which is 30 plus 10, which gives us 40 people out of the 100 initial population are smokers. And the final answer, therefore, is 40 divided by 100, which is 0.4 are smokers, or 40%.",kc3_joint_chain;kc4_total_probability,kc3_joint_chain;kc4_total_probability,correct,NA,NA,correct,correct,NA,NA,NA,NA,NA,NA,"Answer 40 percent, correct, in a hundred-person frame, thirty male smokers and ten female, summed to forty of one hundred. Both branch constructions sound, kc3 correct, assembly sound, kc4 correct. Flag, denominator_neglect quiet. Both branches conceived and weighted by their group shares, the trap's conception, a one-branch total or sizes playing no role, affirmatively absent, quiet. Sweep, no off-schedule conceptions on this turn, the thirty-seven-and-a-half family and the forty-coincidence never occur in this cohort. Review, denominator_neglect not-applicable under the no-update habitat ruling, the pool is the item's deliverable, the weighted build credited at kc4."
P03,7,"60 percent of the population in a city are men, 40 percent women. 50 percent of the men and 25 percent of the women smoke. We select a person from the city at random. What is the probability that this person is a smoker? Explain how you arrived at your answer.","So what I started by doing is, I assumed that there's 100 people living in the city, just as like a baseline. And then I said there's 60 men and 40 women in the city. And then I looked at the percentiles. So if there's 60 men, if there has to be 50% of the men who are smokers, there are 30 men who are smokers and 30 men who are non-smokers. And looking at the women, if there's 25% of them smoking, that would give us 10 female smokers and 30 female non-smokers. So then I disregarded the gender thing altogether. I combined the smokers and non-smokers, which would give us 40 smokers in total and 60 non-smokers in total. So 40 smokers, 60 non-smokers. So that would kind of rearrange the percentiles. And that means out of 100. Like 100%, 40% of people smoke, 60% don't smoke. What's the probability that the person is a smoker? And that's 40%. And that's how I arrived at my answer. I hope it's correct.",kc3_joint_chain;kc4_total_probability,kc3_joint_chain;kc4_total_probability,correct,NA,NA,correct,correct,NA,NA,NA,NA,NA,NA,"Answer 40 percent, correct, a hundred-person frame with all four cells built, then gender disregarded after the merge, forty smokers of one hundred. kc3 and kc4 correct. Flag, denominator_neglect quiet. Both branches conceived and weighted by their group shares, the trap's conception, a one-branch total or sizes playing no role, affirmatively absent, quiet. Sweep, no off-schedule conceptions on this turn, the thirty-seven-and-a-half family and the forty-coincidence never occur in this cohort. Review, denominator_neglect not-applicable under the no-update habitat ruling, the pool being the deliverable, the weighted build credited at kc4."
P04,7,"60 percent of the population in a city are men, 40 percent women. 50 percent of the men and 25 percent of the women smoke. We select a person from the city at random. What is the probability that this person is a smoker? Explain how you arrived at your answer.","So, this is, let's present the events as M, a person being a man, W, or the M's complement being a man, a person being a woman, and S being the person being a smoker. So, that's what we are after. From the given data, we know P S given M is 0.5 and P S given W is 0.25. So, it's just a matter of finding the union. I don't know the correct terminology for that, but it will be P S equals, P S will be equal to P S given W times P W plus P S given M times P M. That will be 0.25 times 0.25. 0.4 and plus 0.5 times 0.6, which will be equal to 0.4. The final answer is 0.4.",kc3_joint_chain;kc4_total_probability,kc3_joint_chain;kc4_total_probability,correct,NA,NA,correct,correct,NA,NA,NA,NA,NA,NA,"Answer 0.4, correct. The formula is stated cleanly, the probability of smoking equals each conditional times its group share, summed, and the final value is right, with one garbled middle utterance read as a slip beneath a correct structure. kc3 and kc4 correct. Flag, denominator_neglect quiet. Both branches conceived and weighted by their group shares, the trap's conception, a one-branch total or sizes playing no role, affirmatively absent, quiet. Sweep, no off-schedule conceptions on this turn, the thirty-seven-and-a-half family and the forty-coincidence never occur in this cohort. Review, denominator_neglect not-applicable under the no-update habitat ruling, the pool being the deliverable, the build credited at kc4."
P05,7,"60 percent of the population in a city are men, 40 percent women. 50 percent of the men and 25 percent of the women smoke. We select a person from the city at random. What is the probability that this person is a smoker? Explain how you arrived at your answer.","You got 40% or 0.4, because 50% of the 60% smoke for men, so that's 0.3 times 0.6, plus 0.4 times 0.25 gives you 0.4, because 25% of 40% smoke as well.",kc3_joint_chain;kc4_total_probability,kc3_joint_chain;kc4_total_probability,correct,NA,NA,correct,correct,NA,NA,NA,NA,NA,NA,"Answer 0.4, correct, both products narrated, 0.3 and 0.1, summed. kc3 and kc4 correct. Flag, denominator_neglect quiet. Both branches conceived and weighted by their group shares, the trap's conception, a one-branch total or sizes playing no role, affirmatively absent, quiet. Sweep, no off-schedule conceptions on this turn, the thirty-seven-and-a-half family and the forty-coincidence never occur in this cohort. Review, denominator_neglect not-applicable under the no-update habitat ruling, the pool being the deliverable, the build credited at kc4."
P06,7,"60 percent of the population in a city are men, 40 percent women. 50 percent of the men and 25 percent of the women smoke. We select a person from the city at random. What is the probability that this person is a smoker? Explain how you arrived at your answer.","So the answer is 0.4. We have 60% men, of which 50% smoke. So that is 0.3%, not percent, just 0.3 probability, kind of, of smokers that are men. And we have 40% women, of which 25% smoke, so that is 0.1. So if we take these two together, the overall share of people smoking is 0.4.",kc3_joint_chain;kc4_total_probability,kc3_joint_chain;kc4_total_probability,correct,NA,NA,correct,correct,NA,NA,NA,NA,NA,NA,"Answer 0.4, correct, the two population shares built and taken together. kc3 and kc4 correct. Flag, denominator_neglect quiet. Both branches conceived and weighted by their group shares, the trap's conception, a one-branch total or sizes playing no role, affirmatively absent, quiet. Sweep, no off-schedule conceptions on this turn, the thirty-seven-and-a-half family and the forty-coincidence never occur in this cohort. Review, denominator_neglect not-applicable under the no-update habitat ruling, the pool being the deliverable, the build credited at kc4."
P07,7,"60 percent of the population in a city are men, 40 percent women. 50 percent of the men and 25 percent of the women smoke. We select a person from the city at random. What is the probability that this person is a smoker? Explain how you arrived at your answer.","Okay, so let's assume the city has 100 people, and 60 of them are men, and 40 of them are women. So 50% of the men are smokers, so there will be half of the men are smokers. So it will be 60 multiplied with 50%, and it will be 30 men who are smokers. So similar to that, there are 40 women, and 25% of them are smokers, so there will be 10 women who are smokers in the city. So from that, in the city, we'll have... 40 smokers in the city. So if we select a random person from the city, so we'll have 40%. So the probability that the person is a smoker is 40%, because there are 30 men and 10 women who are smokers in the city over 100 people in the city. So the probability will be 40%.",kc3_joint_chain;kc4_total_probability,kc3_joint_chain;kc4_total_probability,correct,NA,NA,correct,correct,NA,NA,NA,NA,NA,NA,"Answer 40 percent, correct, natural frequencies, thirty men and ten women of one hundred. kc3 and kc4 correct. Flag, denominator_neglect quiet. Both branches conceived and weighted by their group shares, the trap's conception, a one-branch total or sizes playing no role, affirmatively absent, quiet. Sweep, no off-schedule conceptions on this turn, the thirty-seven-and-a-half family and the forty-coincidence never occur in this cohort. Review, denominator_neglect not-applicable under the no-update habitat ruling, the pool being the deliverable, the build credited at kc4."
P08,7,"60 percent of the population in a city are men, 40 percent women. 50 percent of the men and 25 percent of the women smoke. We select a person from the city at random. What is the probability that this person is a smoker? Explain how you arrived at your answer.","The probability is 40%, so 60% of the population in the city are men, and of them, 50% smoke, so that means of 100 people in the city, 30 of them smoke. And for women, 40% are women, and 25% of the smoke, so out of 100 people total, 10 would smoke. So 30 out of 100 from the men, and 10 out of 40 of the women smoke, so 30 plus 10 is 40, 40% overall.",kc3_joint_chain;kc4_total_probability,kc3_joint_chain;kc4_total_probability,correct,NA,NA,correct,correct,NA,NA,NA,NA,NA,NA,"Answer 40 percent, correct, thirty and ten of one hundred summed, one loose phrase about ten of forty women beneath a sound total. kc3 and kc4 correct. Flag, denominator_neglect quiet. Both branches conceived and weighted by their group shares, the trap's conception, a one-branch total or sizes playing no role, affirmatively absent, quiet. Sweep, no off-schedule conceptions on this turn, the thirty-seven-and-a-half family and the forty-coincidence never occur in this cohort. Review, denominator_neglect not-applicable under the no-update habitat ruling."
P09,7,"60 percent of the population in a city are men, 40 percent women. 50 percent of the men and 25 percent of the women smoke. We select a person from the city at random. What is the probability that this person is a smoker? Explain how you arrived at your answer.","The probability is 40%. Let's assume we have 100 persons in the city, and according to 60% of the population are men, and half of them smoke. So there are 30 male smokers in the city, and according to 40% of the women, only one-fourth of those are smokers. So we have 10 female smokers. So in total, we have 30 male smokers and 10 female smokers, which contributes to a total of 40 smokers in the city, which leads to the probability 40 of the total smokers.",kc3_joint_chain;kc4_total_probability,kc3_joint_chain;kc4_total_probability,correct,NA,NA,correct,correct,NA,NA,NA,NA,NA,NA,"Answer 40 percent, correct, thirty male and ten female smokers, forty in total. kc3 and kc4 correct. Flag, denominator_neglect quiet. Both branches conceived and weighted by their group shares, the trap's conception, a one-branch total or sizes playing no role, affirmatively absent, quiet. Sweep, no off-schedule conceptions on this turn, the thirty-seven-and-a-half family and the forty-coincidence never occur in this cohort. Review, denominator_neglect not-applicable under the no-update habitat ruling."
P10,7,"60 percent of the population in a city are men, 40 percent women. 50 percent of the men and 25 percent of the women smoke. We select a person from the city at random. What is the probability that this person is a smoker? Explain how you arrived at your answer.","so if we do the expansion so we are going to select a random so 60 could be men in the option that there are men there is a 50 chance that they smoke so 0.5 times 0.6 that gives us 0.3. and then 40 it could be a woman and 25 they would smoke so 0.4 times 0.25 gives us 0.1, plus 0.3 gives us 0.4. overall 40",kc3_joint_chain;kc4_total_probability,kc3_joint_chain;kc4_total_probability,correct,NA,NA,correct,correct,NA,NA,NA,NA,NA,NA,"Answer 40, correct, the expansion narrated, half of sixty plus a quarter of forty. kc3 and kc4 correct. Flag, denominator_neglect quiet. Both branches conceived and weighted by their group shares, the trap's conception, a one-branch total or sizes playing no role, affirmatively absent, quiet. Sweep, no off-schedule conceptions on this turn, the thirty-seven-and-a-half family and the forty-coincidence never occur in this cohort. Review, denominator_neglect not-applicable under the no-update habitat ruling."
P11,7,"60 percent of the population in a city are men, 40 percent women. 50 percent of the men and 25 percent of the women smoke. We select a person from the city at random. What is the probability that this person is a smoker? Explain how you arrived at your answer.","So the probability that somebody is a smoker would be the union of smoker and man and smoker and woman, assuming that you're going to have to be a man or woman. And that is the probability that you smoke, given you're a man, times the probability of you being a man, plus the probability that you smoke, given you're a woman, times the probability that you are a woman. So that's 50% times 60%, you would get 30%, and 25% times 40%, you would get 10%. And you add those together and you get 40%. So the probability that a person at random is a smoker is 40%.",kc3_joint_chain;kc4_total_probability,kc3_joint_chain;kc4_total_probability,correct,NA,NA,correct,correct,NA,NA,NA,NA,NA,NA,"Answer 40 percent, correct, the union stated as both conditionals times their marginals and executed. kc3 and kc4 correct. Flag, denominator_neglect quiet. Both branches conceived and weighted by their group shares, the trap's conception, a one-branch total or sizes playing no role, affirmatively absent, quiet. Sweep, no off-schedule conceptions on this turn, the thirty-seven-and-a-half family and the forty-coincidence never occur in this cohort. Review, denominator_neglect not-applicable under the no-update habitat ruling."
P12,7,"60 percent of the population in a city are men, 40 percent women. 50 percent of the men and 25 percent of the women smoke. We select a person from the city at random. What is the probability that this person is a smoker? Explain how you arrived at your answer.","So, the probability that the person is a smoker is 0.4 and I arrived at this answer by considering 4 buckets Men smoker, men not smoker, women smoker, women not smoker",kc3_joint_chain;kc4_total_probability,kc4_total_probability,correct,NA,NA,NA,correct,NA,NA,NA,NA,NA,NA,"Answer 0.4, correct, by naming the four buckets, men and women crossed with smoker and not. The partition conception is displayed, kc4 correct, but no branch product is ever shown, so the sub-steps sit below the display bar, kc3 not engaged, the item's thinnest correct row. Flag, denominator_neglect quiet. The four-bucket partition names both branches by construction, the conception affirmatively absent, quiet. Sweep, no off-schedule conceptions on this turn, the thirty-seven-and-a-half family and the forty-coincidence never occur in this cohort. Review, denominator_neglect not-applicable under the no-update habitat ruling."
P13,7,"60 percent of the population in a city are men, 40 percent women. 50 percent of the men and 25 percent of the women smoke. We select a person from the city at random. What is the probability that this person is a smoker? Explain how you arrived at your answer.","Well, my calculation about the probability that this person is a smoker is 50%. Well, the reason why that, I think this probability can be divided into two parts. The first part will be this guy is a man, and he smokes. Another part will be this guy is a woman, and she also smokes. So for the first part, I think it should be 50% multiplied by 60%, it should be 30%. And the second part will be 40% multiplied by 25%, it should be 10%. And we can add them together, and it should be about 40%.",kc3_joint_chain;kc4_total_probability,kc3_joint_chain;kc4_total_probability,correct,NA,NA,correct,correct,NA,NA,NA,NA,NA,NA,"Final answer about 40 percent, correct by the override rule, the opening fifty percent a slip abandoned by their own computation, thirty plus ten. kc3 and kc4 correct. Flag, denominator_neglect quiet. Both branches conceived and weighted by their group shares, the trap's conception, a one-branch total or sizes playing no role, affirmatively absent, quiet. Sweep, no off-schedule conceptions on this turn, the thirty-seven-and-a-half family and the forty-coincidence never occur in this cohort. Review, denominator_neglect not-applicable under the no-update habitat ruling, with the opening fifty a misspeak against the executed forty."
P14,7,"60 percent of the population in a city are men, 40 percent women. 50 percent of the men and 25 percent of the women smoke. We select a person from the city at random. What is the probability that this person is a smoker? Explain how you arrived at your answer.","Let's say that there are 100 people in this city. Of those, 60 are men, and 50% of that 60, that is 30 men, smoke. There are 40 women, of which 25%, that is 10 women, smoke. So in the city, you have 30 men and 10 women who smoke, which is 40 people overall out of 100. Thus, the probability that picking a person from the city at random will result in you picking a smoker is 40 out of 100, or 40%.",kc3_joint_chain;kc4_total_probability,kc3_joint_chain;kc4_total_probability,correct,NA,NA,correct,correct,NA,NA,NA,NA,NA,NA,"Answer 40 percent, correct, hundred-person frame, thirty and ten, forty of one hundred. kc3 and kc4 correct. Flag, denominator_neglect quiet. Both branches conceived and weighted by their group shares, the trap's conception, a one-branch total or sizes playing no role, affirmatively absent, quiet. Sweep, no off-schedule conceptions on this turn, the thirty-seven-and-a-half family and the forty-coincidence never occur in this cohort. Review, denominator_neglect not-applicable under the no-update habitat ruling."
P15,7,"60 percent of the population in a city are men, 40 percent women. 50 percent of the men and 25 percent of the women smoke. We select a person from the city at random. What is the probability that this person is a smoker? Explain how you arrived at your answer.","So, if we assume, to make things easier, that there are 100 people in the city, 60% of them are men, then we have 60 men in the city, and 40% of women, we have 40 women in the city. and 50% of men smoke, that means that 30 men in the city smoke. and 25% of women, this is 10%, sorry, 10% of women smoke. like 30% of overall population for men, and 10% of overall population that smoke, you know, women. so if we draw it at random, it's like, we multiply 0.3 by 0.1, and we have something like 3% probability, so the probability is 0.03.",kc3_joint_chain;kc4_total_probability,kc3_joint_chain;kc4_total_probability,wrong,NA,NA,correct,wrong,NA,NA,NA,NA,NA,NA,"Answer 0.03, wrong. Both branch joints are built correctly, thirty percent of the population smoke as men, ten as women, kc3 correct on both sub-steps, and then the two exclusive branches are multiplied instead of added, 0.3 times 0.1, the named unsound combination of a partition, kc4 wrong. Flag, denominator_neglect quiet. Their failure is the combination of the branches, not their conception, both branches were built, both group sizes entered, the second branch was never absent. The fire's conception, a total constructed from one branch or rates combined with sizes playing no role, is absent from a transcript in which sizes did all the early work, quiet. Sweep, no off-schedule conceptions on this turn, the thirty-seven-and-a-half family and the forty-coincidence never occur in this cohort. Review, denominator_neglect not-applicable under the no-update habitat ruling, the multiply charged at kc4."
P16,7,"60 percent of the population in a city are men, 40 percent women. 50 percent of the men and 25 percent of the women smoke. We select a person from the city at random. What is the probability that this person is a smoker? Explain how you arrived at your answer.","The probability that a person in this random is a smoker is 3 by 20,000. And I achieved this number based on multiplying the probability of being a man multiplied by the probability of a man being a smoker plus the probability of being a woman, which is 0.4, multiplied by the probability of being a woman smoking, which was 0.25. All of these... number divided by 200.",kc3_joint_chain;kc4_total_probability,kc3_joint_chain;kc4_total_probability,wrong,NA,NA,correct,wrong,NA,NA,NA,NA,NA,NA,"Answer 3 over 20000, wrong. The assembly formula is stated correctly, each gender's probability times its smoking rate, summed, so the branch structures are sound, kc3 correct, and then the whole is divided by two hundred, an unmotivated extra operation, with the reported value traceable to nothing they computed. Under the two-condition test the announced assembly fails as an attempt, kc4 wrong. Flag, denominator_neglect quiet. Both branches are present in their stated formula with their group shares attached, the second branch fully conceived, and the failure is a downstream unmotivated operation. The conception is absent, quiet. Sweep, no off-schedule conceptions on this turn, the thirty-seven-and-a-half family and the forty-coincidence never occur in this cohort. Review, denominator_neglect not-applicable under the no-update habitat ruling, the fabricated divisor charged at kc4."
P17,7,"60 percent of the population in a city are men, 40 percent women. 50 percent of the men and 25 percent of the women smoke. We select a person from the city at random. What is the probability that this person is a smoker? Explain how you arrived at your answer.",i think it can be answered by the law of total probability since the men are 60 percent of the total population the smoking man will be 60 times 50 percent which is like 30 percent of the total population and the smoking woman would be like 40 percent times 25 percent which equals 10 percent of the population is a smoking woman when added the answer should be 40 percent you pick a random person around city it's a 40 percent chance that the that the person is a smoker.,kc3_joint_chain;kc4_total_probability,kc3_joint_chain;kc4_total_probability,correct,NA,NA,correct,correct,NA,NA,NA,NA,NA,NA,"Answer 40 percent, correct, the law of total probability named and executed. kc3 and kc4 correct. Flag, denominator_neglect quiet. Both branches conceived and weighted by their group shares, the trap's conception, a one-branch total or sizes playing no role, affirmatively absent, quiet. Sweep, no off-schedule conceptions on this turn, the thirty-seven-and-a-half family and the forty-coincidence never occur in this cohort. Review, denominator_neglect not-applicable under the no-update habitat ruling, the law-of-total-probability build credited at kc4."
P18,7,"60 percent of the population in a city are men, 40 percent women. 50 percent of the men and 25 percent of the women smoke. We select a person from the city at random. What is the probability that this person is a smoker? Explain how you arrived at your answer.","The probability that the person is a smoker will be 40%, and the way I arrived at that is that if you pick a person at random, they are either a man or a woman, ignoring the they-thems. so in the case that it's a man, which is 60% likely, it is 50% likely that they are a smoker, so 60% times 50%, that is 0.3, then let's say we pick a woman, that's 40% likely, multiplied by the 25% probability that they smoke, so that would be 0.1, you add those two together, and that equals 0.4, or 40%.",kc3_joint_chain;kc4_total_probability,kc3_joint_chain;kc4_total_probability,correct,NA,NA,correct,correct,NA,NA,NA,NA,NA,NA,"Answer 40 percent, correct, either man or woman, both weighted products summed. kc3 and kc4 correct. Flag, denominator_neglect quiet. Both branches conceived and weighted by their group shares, the trap's conception, a one-branch total or sizes playing no role, affirmatively absent, quiet. Sweep, no off-schedule conceptions on this turn, the thirty-seven-and-a-half family and the forty-coincidence never occur in this cohort. Review, denominator_neglect not-applicable under the no-update habitat ruling."
P19,7,"60 percent of the population in a city are men, 40 percent women. 50 percent of the men and 25 percent of the women smoke. We select a person from the city at random. What is the probability that this person is a smoker? Explain how you arrived at your answer.","So we select a person from the city at random. So we know that 60% of the population in the city are men and 50% of the men smoke, which means that 30% of the overall population smokes. And we get this number by doing 0.6 times 0.5. So that will be 30%, and we know that there are 40% women and 25% of women smoke, so again 0.4 times 0.1 to calculate 0.4 times 0.25, which gives us 10%. And then we add up the percentage of men who are smokers, which is 30% , so 0.3,  plus the percentage of women who are smokers, which is 10% of the overall population, so 0.1. And then when we add those two up, our final percentage would be 0.4 or 40%, and that is the probability that a person from the city at random is a smoker, so 0.4 or 40%.",kc3_joint_chain;kc4_total_probability,kc3_joint_chain;kc4_total_probability,correct,NA,NA,correct,correct,NA,NA,NA,NA,NA,NA,"Answer 0.4, correct, both products with one self-corrected mis-speak, summed. kc3 and kc4 correct. Flag, denominator_neglect quiet. Both branches conceived and weighted by their group shares, the trap's conception, a one-branch total or sizes playing no role, affirmatively absent, quiet. Sweep, no off-schedule conceptions on this turn, the thirty-seven-and-a-half family and the forty-coincidence never occur in this cohort. Review, denominator_neglect not-applicable under the no-update habitat ruling."
P20,7,"60 percent of the population in a city are men, 40 percent women. 50 percent of the men and 25 percent of the women smoke. We select a person from the city at random. What is the probability that this person is a smoker? Explain how you arrived at your answer.","Okay, my answer is, my answer is 40% is a probability that we randomly choose one person in the city is a smoker. So the whole process of calculation is like, if we want to choose a smoker, there are two situations, right? It could be, this person could be female. Also, this person could be a male. So we can calculate the probability of choosing a female smoker and a male smoker separately. First, we calculate the male smoker, the probability of choosing a male randomly in the city then, in the whole city. The probability of choosing a male smoker in the city then group is 60%. And for the male, there are 50% of them are a smoker. So the product of 60% and 50% is 30%. So the probability of randomly choosing a male smoker is 30%. And then we, we, we jump into calculating the female smoker, the, we have 40% women and in this group of women, there are 25% of them are smoker. So the product of 40% and 25% is 10%. So we know the probability. The probability of randomly choosing a female smoker is 10%. So we can just clearly, it's 30% plus 10% is 40%. So the final probability that we randomly choosing a person and the person is a smoker is 40%.",kc3_joint_chain;kc4_total_probability,kc3_joint_chain;kc4_total_probability,correct,NA,NA,correct,correct,NA,NA,NA,NA,NA,NA,"Answer 40 percent, correct, the two situations computed separately, thirty and ten, then added. kc3 and kc4 correct. Flag, denominator_neglect quiet. Both branches conceived and weighted by their group shares, the trap's conception, a one-branch total or sizes playing no role, affirmatively absent, quiet. Sweep, no off-schedule conceptions on this turn, the thirty-seven-and-a-half family and the forty-coincidence never occur in this cohort. Review, denominator_neglect not-applicable under the no-update habitat ruling."
P21,7,"60 percent of the population in a city are men, 40 percent women. 50 percent of the men and 25 percent of the women smoke. We select a person from the city at random. What is the probability that this person is a smoker? Explain how you arrived at your answer.","okay in this question i just explained the uh treaty uh we have two main branch, 60 men 60 percent men, 40 percent women women. so after the men we have uh the second level uh 50 of them 50 percent of them smoke 50 percent of them not smoke. on the branch of women 25 percent smoke 75 percent not smoke. so if a person is a smoker we have two a situation man smoker or a woman smoker for a man smoker is um 50 percent multiplied to 60 percent this branch it becomes 0.3 yeah. and in the women branch for smoker one out of four multiplied to four out of tens so it becomes uh 0.1. totally 0.3 plus 0.1 and 0.4 is the answer",kc3_joint_chain;kc4_total_probability,kc3_joint_chain;kc4_total_probability,correct,NA,NA,correct,correct,NA,NA,NA,NA,NA,NA,"Answer 0.4, correct, the full tree, both branches at both levels, 0.3 plus 0.1. kc3 and kc4 correct. Flag, denominator_neglect quiet. Both branches conceived and weighted by their group shares, the trap's conception, a one-branch total or sizes playing no role, affirmatively absent, quiet. Sweep, no off-schedule conceptions on this turn, the thirty-seven-and-a-half family and the forty-coincidence never occur in this cohort. Review, denominator_neglect not-applicable under the no-update habitat ruling."
P22,7,"60 percent of the population in a city are men, 40 percent women. 50 percent of the men and 25 percent of the women smoke. We select a person from the city at random. What is the probability that this person is a smoker? Explain how you arrived at your answer.","So the question asks us if, sorry, to get the probability of a random person being a smoker. So this is, I'm just going to denote that by S. So the probability of S, well, that's going to be the sum of two disjoint cases. Either the smoker is a man or the smoker is a woman. So the probability of a smoker, the probability of someone being a smoker and being a man from the population, this is one possible case. And the other disjoint case is that the person is a smoker and is female. So we need to sum up these two probabilities to get the probability of a random person being a smoker. So since we don't have these values directly, we have to compute them using the rule of conditional probability, I think. So basically what this rule says is that the probability of event A and event B happening is the same as the probability of A given B times the probability of B. And we are given that in this question. So we have the probability, so A and B here. A is a person being a smoker, and B is whether they're male or female. So let's just compute P of S and, sorry, the probability of a person being a smoker and male. So that's going to be the probability of S given M times the probability of M. And the probability of M is just the probability of a random person being male, which, as the question says, is 60%. And the probability... The probability of the probability of a person being a smoker given that they're male is 50%. So we just multiply these two numbers and we get 0.3. And let's do the same thing for females. So the probability of a random person being a smoker and a female is... So the probability of female is 40%. And the probability of... The person being a smoker given that they're female is 25%. So we multiply that by 25%, so 0.1. So we just add these two probabilities up, that gives us 0.4, so 40%. So the probability of a random person picked from the population being a smoker is 40%. That, I guess, took longer to explain than I wanted it to go, but... Yeah, anyway.",kc3_joint_chain;kc4_total_probability,kc3_joint_chain;kc4_total_probability,correct,NA,NA,correct,correct,NA,NA,NA,NA,NA,NA,"Answer 40 percent, correct, the chain rule stated abstractly, instantiated for each branch, and summed, the item's exemplar. kc3 and kc4 correct. Flag, denominator_neglect quiet. Both branches conceived and weighted by their group shares, the trap's conception, a one-branch total or sizes playing no role, affirmatively absent, quiet. Sweep, no off-schedule conceptions on this turn, the thirty-seven-and-a-half family and the forty-coincidence never occur in this cohort. Review, denominator_neglect not-applicable under the no-update habitat ruling."
P23,7,"60 percent of the population in a city are men, 40 percent women. 50 percent of the men and 25 percent of the women smoke. We select a person from the city at random. What is the probability that this person is a smoker? Explain how you arrived at your answer.",so um let's say there are 100 people um 60 men 40 women. so 50 of the men are smoking so it means that there are 30 men who are smoking and 25 percent of the women are smoking so which means that there are 10 women smoking. so in total there are 40 people smoking so the probability of a person being smoker is 40 percent.,kc3_joint_chain;kc4_total_probability,kc3_joint_chain;kc4_total_probability,correct,NA,NA,correct,correct,NA,NA,NA,NA,NA,NA,"Answer 40 percent, correct, hundred-person frame, thirty and ten. kc3 and kc4 correct. Flag, denominator_neglect quiet. Both branches conceived and weighted by their group shares, the trap's conception, a one-branch total or sizes playing no role, affirmatively absent, quiet. Sweep, no off-schedule conceptions on this turn, the thirty-seven-and-a-half family and the forty-coincidence never occur in this cohort. Review, denominator_neglect not-applicable under the no-update habitat ruling."
P24,7,"60 percent of the population in a city are men, 40 percent women. 50 percent of the men and 25 percent of the women smoke. We select a person from the city at random. What is the probability that this person is a smoker? Explain how you arrived at your answer.","Considering the percentages you have given me, if 60% of the population are men and 50% of the men smoke, that means that 30% of the population are men who smoke, and if 40% of the population are women and 25% of those women smoke, that means that 10% of the population, the total population, are women who smoke. So if we sum the population of men and women smokers in relation to the whole population, 30% plus 10% gives us a probability of 40%, which is equal to the probability that if we select a person from the city at random, that person is a smoker. So the final answer is 40%.",kc3_joint_chain;kc4_total_probability,kc3_joint_chain;kc4_total_probability,correct,NA,NA,correct,correct,NA,NA,NA,NA,NA,NA,"Answer 40 percent, correct, both population shares built and summed in relation to the whole. kc3 and kc4 correct. Flag, denominator_neglect quiet. Both branches conceived and weighted by their group shares, the trap's conception, a one-branch total or sizes playing no role, affirmatively absent, quiet. Sweep, no off-schedule conceptions on this turn, the thirty-seven-and-a-half family and the forty-coincidence never occur in this cohort. Review, denominator_neglect not-applicable under the no-update habitat ruling."
P25,7,"60 percent of the population in a city are men, 40 percent women. 50 percent of the men and 25 percent of the women smoke. We select a person from the city at random. What is the probability that this person is a smoker? Explain how you arrived at your answer.",the probability that the person is going to be a smoker is 0.4 or 40 percent and the way i calculated it is that there are two separate possibilities here either the smoker is a man or the smoker is a woman right and we need to take into account both those possibilities. let us assume that the person is a man in that case we need to find out the probability that the person is a smoker given that he's a man which is 50 percent into 60 percent of that gives us a 30 by 100 or 3 by 10 and the second process the second possibility that we need to take into account is that the person is a smoker is a smoker given that uh she's a woman that's 25 percent or 40 percent so that's that simplifies to one by tean. so the total probability that the in the smoker is just the sum of that. So we just need to add 3 by 10 with 1 by 10 which gives us 4 by 10 which simplifies to 40 percent.,kc3_joint_chain;kc4_total_probability,kc3_joint_chain;kc4_total_probability,correct,NA,NA,correct,correct,NA,NA,NA,NA,NA,NA,"Answer 40 percent, correct, both possibilities named as conditionals times shares, three of ten plus one of ten. kc3 and kc4 correct. Flag, denominator_neglect quiet. Both branches conceived and weighted by their group shares, the trap's conception, a one-branch total or sizes playing no role, affirmatively absent, quiet. Sweep, no off-schedule conceptions on this turn, the thirty-seven-and-a-half family and the forty-coincidence never occur in this cohort. Review, denominator_neglect not-applicable under the no-update habitat ruling."
P26,7,"60 percent of the population in a city are men, 40 percent women. 50 percent of the men and 25 percent of the women smoke. We select a person from the city at random. What is the probability that this person is a smoker? Explain how you arrived at your answer.","The probability that the person is a smoker would be 40%, so you would need to decompose it for the probability to account that the smoker is either a man or a woman. So, you would first need to essentially decompose that probability as considering the probability of getting a man who is a smoker and a woman who is a smoker and then add them together. So, how this could be done is by first finding the probability of getting a smoker given that it is a man, Then, multiply by the probability of getting a man plus the probability of getting a smoker given a woman multiplied by the probability of getting a woman. So, that would be the probability of a smoker given a man, that would be 50% and the probability of getting a man would be 60%. So, 60 times 50%. 60. 60 times 50% is equal to 30%. And the probability of getting a woman smoker would be 25% multiplied by 40% and that would be equal to 10%. So, 10% plus 30% that is 40%. Just want to recap what I've said. Now, because I think I didn't explain the first part clearly. You first need to account the probability of getting a smoker given a man multiplied by the probability of obtaining a man. Then, the probability of having a smoker being a woman multiplied by the probability of getting a woman. So, the first part would be 60% multiplied by 50% which get... Which is then equal to 30% and then 40 times 25% is equal to 10%. So, 30 plus 10% is equal to 40.",kc3_joint_chain;kc4_total_probability,kc3_joint_chain;kc4_total_probability,correct,NA,NA,correct,correct,NA,NA,NA,NA,NA,NA,"Answer 40 percent, correct, the decomposition stated, executed, and recapped in full a second time. kc3 and kc4 correct. Flag, denominator_neglect quiet. Both branches conceived and weighted by their group shares, the trap's conception, a one-branch total or sizes playing no role, affirmatively absent, quiet. Sweep, no off-schedule conceptions on this turn, the thirty-seven-and-a-half family and the forty-coincidence never occur in this cohort. Review, denominator_neglect not-applicable under the no-update habitat ruling."
P01,8,"A test detects a disease whose prevalence is 1 in 1000. Whenever a person has the disease, the test is positive. However, the test also has a false positive rate of 5 percent, meaning that 5 percent of healthy people also test positive. A person is selected at random, given the test, and the result is positive. What is the chance that this person actually has the disease? Explain how you arrived at your answer.","So, I understood this to be the probability of someone having the disease would be 1 over 1,000. And false positive would mean that the probability of someone getting a positive test, given that they are healthy, would be 0.05. And in order to get the probability of someone getting a positive test, given that they actually do have the disease, the probability of someone having a disease, given that they actually do have the positive test, it would be probability of positive test given disease, multiplied by probability. So, this is the probability of having the disease divided by the probability of having a positive test. And so, the probability of having a positive test given the disease, you actually having the disease would be 0.95 times 1 over 1,000 divided by 1. And this will give me 0.95. 0.95 times 1 over 1,000 should be 0.00095.",kc3_joint_chain;kc4_total_probability;kc5_bayes_update,kc3_joint_chain;kc4_total_probability;kc5_bayes_update,wrong,NA,NA,correct,wrong,correct,NA,NA,NA,NA,quiet,"Answer 0.00095, wrong. The stated false positive rate is absorbed as the test being wrong five percent of the time, so the sensitivity slot is filled with 0.95 despite the whenever-clause, a misread feeding an input. The numerator product, 0.95 times one in a thousand, is a sound chain construction on their inputs, kc3 correct, the division is arranged and executed faithfully on what they fed it, kc5 correct, and the evidence slot is fabricated as one rather than assembled from the branches, their third consecutive evidence-slot failure after the urn and the dice, kc4 wrong, upstream charged upstream once. Flag, denominator_neglect fired. The evidence slot is fabricated as one rather than assembled from the branches, the positives pool never constructed, their third consecutive evidence-slot failure across the urn, the dice, and here, the total's absence now a stable pattern. Sweep, no off-schedule conceptions, the inverse column stays not-applicable with no transposition appearing anywhere. Review note, base_rate_neglect held quiet on the applied-prior ground, their numerator misuses the accuracy but the 1-in-1000 genuinely enters and scales the judgment, the prior applied, not dismissed. Review, the fire re-keyed to not-applicable on the certainty-confusion diagnosis shared with P02, the evidence-equals-1 slot resting on the observed-positive reading, a machinery confusion, the composition never faced, symmetry with the P02 ruling, their denominator arc standing at the three construction-species fires."
P02,8,"A test detects a disease whose prevalence is 1 in 1000. Whenever a person has the disease, the test is positive. However, the test also has a false positive rate of 5 percent, meaning that 5 percent of healthy people also test positive. A person is selected at random, given the test, and the result is positive. What is the chance that this person actually has the disease? Explain how you arrived at your answer.","Well, I'm not entirely sure about this one, but we have that the probability of the disease is 1 in 1000. So if we consider, like, probability of disease D is 1 in 1000, then the probability of the test being positive in this case is 100%, since we have an evidence that the person is selected at random, but after giving a test, they were actually positive. So we have those two probabilities now. And we are asking... First, what is the probability of the person having the disease, given that we already know the test is positive? So this is the probability of D given P. And using Bayes' theorem, we know that the probability of D given P is the probability of the likelihood, which is the probability of the test being positive given the disease, and this is multiplied by the probability of the disease itself, and then divided by the probability of the test being positive, which we just established that this is 100%. So probability of the test being positive is 100, probability of the disease is 1 in 1000. The only remaining quantity is the probability of positive, given that they have the disease. We know from the question that the probability of positive given the fact that they are healthy, is 5%, and this is the opposite, so the probability of positive being actually sick is 95%, so if we multiply these quantities we have 95% multiplied by 1 in 1000, then divided by 1, and this gives us 0.00095.",kc3_joint_chain;kc4_total_probability;kc5_bayes_update,kc3_joint_chain;kc4_total_probability;kc5_bayes_update,wrong,NA,NA,correct,wrong,correct,NA,NA,NA,NA,quiet,"Answer 0.00095, wrong, the same construction as P01 with both moves articulated, positive given healthy is five percent so positive given sick is ninety-five, the cross-derived sensitivity, and the evidence declared one hundred percent since we know the test came back positive, certainty fabricated from the observation itself. Numerator product sound on their inputs, kc3 correct, division executed, kc5 correct, the marginal never assembled, kc4 wrong. Flag, denominator_neglect fired. The evidence declared one hundred percent since the test came back positive, certainty fabricated from the observation, the both-branches pool never conceived. Sweep, no off-schedule conceptions, the inverse column stays not-applicable with no transposition appearing anywhere. Review, denominator_neglect re-keyed from fired to not-applicable on the certainty-confusion diagnosis, their evidence slot reads 1 because the positive was observed, the observed-event-certainty error, a machinery confusion about what the marginal means after conditioning, not the pool-composition conception, the composition never faced, the failure priced at kc4."
P03,8,"A test detects a disease whose prevalence is 1 in 1000. Whenever a person has the disease, the test is positive. However, the test also has a false positive rate of 5 percent, meaning that 5 percent of healthy people also test positive. A person is selected at random, given the test, and the result is positive. What is the chance that this person actually has the disease? Explain how you arrived at your answer.","This might be an oversimplification, but I think there's a 95% chance that it is actually positive, because looking at the conditions, it says that if a person has the disease, the test is positive, and we've tested this person, it has resulted in positive. If we just take that, forget about the 1 in 1,000 thing, they've tested positive, there's a 5% chance that it's a false positive, but there's a 95% chance that it's a real positive, like a true positive. And I think the chance that this person actually has a disease is just 95%, because they have already tested positive. So I would say 95%.",kc3_joint_chain;kc4_total_probability;kc5_bayes_update,kc4_total_probability;kc5_bayes_update,wrong,NA,NA,NA,wrong,wrong,NA,NA,NA,NA,fired,"Answer 95 percent, wrong, the complement route with the prior discarded in so many words, forget about the one in a thousand thing, they have tested positive, five percent false so ninety-five real. No total is ever conceived, the required assembly absent within a determinate attempt, kc4 wrong, and the likelihood complement offered as the posterior is the updating act unsound, kc5 wrong. Flag, base_rate_neglect fired. The prior is discarded in their own words, forget about the one in a thousand thing, they have tested positive, the split playing no role in a judgment that required it, the conception verbatim.  Sweep, no off-schedule conceptions, the inverse column stays not-applicable with no transposition appearing anywhere. Amendment, denominator_neglect re-keyed to quiet. Their complement route forecloses the evidence stage entirely, the pool question never arises inside their process, and under the bypass precedent and the affirmative-manifestation standard a conception that never manifests cannot fire, the absent assembly already recorded at kc4 on the correctness channel. A thin quiet. Review, denominator_neglect not-applicable, their complement route never demands a pool, the habitat unentered, the base-rate fire standing untouched on the articulated dismissal."
P04,8,"A test detects a disease whose prevalence is 1 in 1000. Whenever a person has the disease, the test is positive. However, the test also has a false positive rate of 5 percent, meaning that 5 percent of healthy people also test positive. A person is selected at random, given the test, and the result is positive. What is the chance that this person actually has the disease? Explain how you arrived at your answer.","Alright, so the events we define as the person actually having the disease as D and the test being returning positive as plus for lack of a better symbol. So P D will be 0.01 and P plus given D will be 1 and P plus given not D will be 0.05. The quantity that is being asked by the question is P D given plus. So before that we know the equation. The equation based theorem. So to arrive at P D given plus will be to multiply P plus given D by P D and have it over P plus. So to calculate P plus we do P plus over D times P D plus add that to P plus given not D times P not D. So the number for P plus will be 0.049951 that will be the denominator in the base equation. So the final answer for P D given plus will be 0.02002 approximated.",kc3_joint_chain;kc4_total_probability;kc5_bayes_update,kc3_joint_chain;kc4_total_probability;kc5_bayes_update,correct,NA,NA,correct,correct,correct,NA,NA,NA,quiet,quiet,"Answer 0.02002, correct within the roughly-two key. Full Bayes, both branches stated in the marginal, the computed value mis-added by a whisker, traceable to their own branch values, a slip under the two-condition test, kc3, kc4, kc5 all correct. Flags, base_rate_neglect quiet and denominator_neglect quiet. The prior enters the machinery and the evidence is assembled from both branches, both conceptions affirmatively absent. Sweep, no off-schedule conceptions, the inverse column stays not-applicable with no transposition appearing anywhere."
P05,8,"A test detects a disease whose prevalence is 1 in 1000. Whenever a person has the disease, the test is positive. However, the test also has a false positive rate of 5 percent, meaning that 5 percent of healthy people also test positive. A person is selected at random, given the test, and the result is positive. What is the chance that this person actually has the disease? Explain how you arrived at your answer.",So I got my answer as 1.96% or 0.0196. So it's really significant figures because you have 0.1% of getting the disease and testing positive and then 5% for not getting the disease are still getting test positive. So I got here as 0.1% over 0.1 plus 5% which means we would calculate 0.1% over 5.1% which gets you 0.0196.,kc3_joint_chain;kc4_total_probability;kc5_bayes_update,kc4_total_probability;kc5_bayes_update,correct,NA,NA,NA,correct,correct,NA,NA,NA,quiet,quiet,"Answer 1.96 percent, correct, the point-one over five-point-one route, both branches conceived with the near-one weight folded away as approximation, kc4 correct, division performed, kc5 correct, no explicit products, kc3 not engaged. Flags, base_rate_neglect quiet and denominator_neglect quiet. The prior enters the machinery and the evidence is assembled from both branches, both conceptions affirmatively absent. Sweep, no off-schedule conceptions, the inverse column stays not-applicable with no transposition appearing anywhere."
P06,8,"A test detects a disease whose prevalence is 1 in 1000. Whenever a person has the disease, the test is positive. However, the test also has a false positive rate of 5 percent, meaning that 5 percent of healthy people also test positive. A person is selected at random, given the test, and the result is positive. What is the chance that this person actually has the disease? Explain how you arrived at your answer.","I think the answer is 0.95%. The prevalence of the disease doesn't actually matter, I believe, to answer the question. We know we have false positives of 5%, and that everyone who actually, and anyone, like, sorry, the explanation was confusing. I still think it's 0.95%, because essentially all we need to know is a person gets a positive test, and, like, 5 in 100 people, if they get a test, will be diagnosed incorrectly. That means that the remaining 95% of people, or the remaining 95 people who are tested actually do have the disease. So if you get the positive test, your chance is essentially 0.95% that you actually have this disease.",kc3_joint_chain;kc4_total_probability;kc5_bayes_update,kc4_total_probability;kc5_bayes_update,wrong,NA,NA,NA,wrong,wrong,NA,NA,NA,NA,fired,"Answer stated as 0.95 percent, wrong, with the conception spoken, the prevalence does not actually matter, all we need is the five in one hundred, the remaining ninety-five have it. No total conceived, kc4 wrong, complement as posterior, kc5 wrong, the percent-slip noted beneath the conception. Flag, base_rate_neglect fired. The conception stated outright, the prevalence does not actually matter, the verdict carried entirely by the error rate's complement.  Sweep, no off-schedule conceptions, the inverse column stays not-applicable with no transposition appearing anywhere. Amendment, denominator_neglect re-keyed to quiet. The complement route never reaches the evidence stage, no pool structure exists to display the conception, quiet under the bypass precedent, the absence recorded at kc4. Review, denominator_neglect not-applicable, the complement route never demands a pool, the habitat unentered, the base-rate fire standing on the articulated dismissal."
P07,8,"A test detects a disease whose prevalence is 1 in 1000. Whenever a person has the disease, the test is positive. However, the test also has a false positive rate of 5 percent, meaning that 5 percent of healthy people also test positive. A person is selected at random, given the test, and the result is positive. What is the chance that this person actually has the disease? Explain how you arrived at your answer.","So in this problem, we have to calculate the probability of the person actually has a disease given the result is positive. According to the Bayes theorem, we can write it down as P of Disease given positive equal to P of positive given disease multiplies with the probability ofdisease, and the denominator will be P of positive given disease multiplied with P of disease plus P of positive given not disease multiplied with P of not disease. So according to the data, the probability of disease prevalence is 1 over 1 divided by 1000, 1 in 1000. And the probability of positive given disease is 100%, so it is 1. So the false positive rate is 5%, so the P of positive given not disease is 5% and probability of not disease would be 999 divided by 1000. So plug in the number we have on the numerator will be 1 divided by 1000 and multiply with 1 and the denominator will be 1 multiply with 1 divided by 1000 plus 5% multiply with 999 divided by 1000 and the number will be so the number will be approximately 1.96% so that is the probability that the person actually has a disease even the result is positive.",kc3_joint_chain;kc4_total_probability;kc5_bayes_update,kc3_joint_chain;kc4_total_probability;kc5_bayes_update,correct,NA,NA,correct,correct,correct,NA,NA,NA,quiet,quiet,"Answer 1.96 percent, correct, full Bayes with every term valued and the denominator assembled from both branches. kc3, kc4, kc5 correct. Flags, base_rate_neglect quiet and denominator_neglect quiet. The prior enters the machinery and the evidence is assembled from both branches, both conceptions affirmatively absent. Sweep, no off-schedule conceptions, the inverse column stays not-applicable with no transposition appearing anywhere."
P08,8,"A test detects a disease whose prevalence is 1 in 1000. Whenever a person has the disease, the test is positive. However, the test also has a false positive rate of 5 percent, meaning that 5 percent of healthy people also test positive. A person is selected at random, given the test, and the result is positive. What is the chance that this person actually has the disease? Explain how you arrived at your answer.","So my answer is two percent. And the reason for that is if you take a thousand people, we know that one in a thousand of them will have the disease. So that's of a thousand people, one has the disease. Of the remaining 999 people, we know that the test would give them a false positive rate of five percent. So we know that if you take five percent of 999, you get forty nine point nine five. So we know and about nine hundred and forty nine people that aren't positive. If you then given that we know that they're positive, we know that of the ones that are positive, you've got the one that actually has it out of a thousand people. You've got the one that actually have it and the forty nine point nine five that don't that don't that are healthy. So your percentage is one. divided by the total, which is one over fifty point nine five, which is two percent.",kc3_joint_chain;kc4_total_probability;kc5_bayes_update,kc3_joint_chain;kc4_total_probability;kc5_bayes_update,correct,NA,NA,correct,correct,correct,NA,NA,NA,quiet,quiet,"Answer 2 percent, correct, natural frequencies, one diseased and forty-nine point nine five false positives in a thousand, the ratio taken. kc3, kc4, kc5 correct. Flags, base_rate_neglect quiet and denominator_neglect quiet. The prior enters the machinery and the evidence is assembled from both branches, both conceptions affirmatively absent. Sweep, no off-schedule conceptions, the inverse column stays not-applicable with no transposition appearing anywhere."
P09,8,"A test detects a disease whose prevalence is 1 in 1000. Whenever a person has the disease, the test is positive. However, the test also has a false positive rate of 5 percent, meaning that 5 percent of healthy people also test positive. A person is selected at random, given the test, and the result is positive. What is the chance that this person actually has the disease? Explain how you arrived at your answer.","The chance of the people who have the disease is really rare, because of a very large population the probability of having this disease is really, really low. So most of the positive cases actually come from the healthy people. Let's assume a city of a thousand population and that means only one people will have the disease. And because the test is always positive for when the disease is present, that gives a 100% probability when people test it and get positive. However, for the remaining 999 population, they are also healthy and 5% of those healthy people are tested positive, which means 49.95% people will be tested positive even though they're healthy. So the number of people tested to be positive will be 1 plus 49.95, which equals to 50.95. And the final probability will be 1 over 50.95, which I think is below 1%.",kc3_joint_chain;kc4_total_probability;kc5_bayes_update,kc3_joint_chain;kc4_total_probability;kc5_bayes_update,correct,NA,NA,correct,correct,correct,NA,NA,NA,quiet,quiet,"Answer 1 over 50.95, correct, the same natural-frequency route with the insight stated upfront, most positives come from the healthy, and a closing gloss misjudging their own value as below one percent, noted, not charged. kc3, kc4, kc5 correct. Flags, base_rate_neglect quiet and denominator_neglect quiet. The prior enters the machinery and the evidence is assembled from both branches, both conceptions affirmatively absent. Sweep, no off-schedule conceptions, the inverse column stays not-applicable with no transposition appearing anywhere. Review note, the opening is the canonical anti-neglect insight articulated before any computing, the disease is rare so most positives come from the healthy, the dataset's strongest base-rate quiet, with the closing below-one-percent gloss on their own correct one-over-fifty-point-nine-five noted as fluency, the value governing."
P10,8,"A test detects a disease whose prevalence is 1 in 1000. Whenever a person has the disease, the test is positive. However, the test also has a false positive rate of 5 percent, meaning that 5 percent of healthy people also test positive. A person is selected at random, given the test, and the result is positive. What is the chance that this person actually has the disease? Explain how you arrived at your answer.",okay so we need to expand here so probability of having the disease given that you are positive is equal to probability of you being positive given that you have the disease times the probability of disease um so the first one is one and the second one is one over a thousand divided by the probability of you actually being positive which we need to expand and when we expand the denominator we have one over a thousand plus 999 over one thousand times 0.05 which overall gives us 0.02,kc3_joint_chain;kc4_total_probability;kc5_bayes_update,kc3_joint_chain;kc4_total_probability;kc5_bayes_update,correct,NA,NA,correct,correct,correct,NA,NA,NA,quiet,quiet,"Answer 0.02, correct, the expansion complete, one over a thousand over the assembled marginal. kc3, kc4, kc5 correct. Flags, base_rate_neglect quiet and denominator_neglect quiet. The prior enters the machinery and the evidence is assembled from both branches, both conceptions affirmatively absent. Sweep, no off-schedule conceptions, the inverse column stays not-applicable with no transposition appearing anywhere."
P11,8,"A test detects a disease whose prevalence is 1 in 1000. Whenever a person has the disease, the test is positive. However, the test also has a false positive rate of 5 percent, meaning that 5 percent of healthy people also test positive. A person is selected at random, given the test, and the result is positive. What is the chance that this person actually has the disease? Explain how you arrived at your answer.","So the disease detects a disease, the test detects a disease whose prevalence is 1 in 1000, so, nice. the test has a false positive risk of 5%, so of those 1000, 5% are, false positive, would get a false positiv. And 1 would get, of the 1000 people, there is 1 who is a true positive, this test would 100% detect that true positive. Of the 999 other people, the test would detect 5% of them to be, um, false positives, and that's roughly 50 people. so, the positive, if you get a positive on the test, um, there's roughly  1 in 51 chance, that you would actually be positive, 1 in 51.",kc3_joint_chain;kc4_total_probability;kc5_bayes_update,kc3_joint_chain;kc4_total_probability;kc5_bayes_update,correct,NA,NA,correct,correct,correct,NA,NA,NA,quiet,quiet,"Answer 1 in 51, correct, natural frequencies, one true positive and roughly fifty false. kc3, kc4, kc5 correct. Flags, base_rate_neglect quiet and denominator_neglect quiet. The prior enters the machinery and the evidence is assembled from both branches, both conceptions affirmatively absent. Sweep, no off-schedule conceptions, the inverse column stays not-applicable with no transposition appearing anywhere."
P12,8,"A test detects a disease whose prevalence is 1 in 1000. Whenever a person has the disease, the test is positive. However, the test also has a false positive rate of 5 percent, meaning that 5 percent of healthy people also test positive. A person is selected at random, given the test, and the result is positive. What is the chance that this person actually has the disease? Explain how you arrived at your answer.","Okay, so the answer is 1019 divided by 20000, which in decimal form is 0.05195. And I arrived at this answer using Bayes' theorem. So I drew a confusion matrix, and then I labeled three key events. I labeled the event that the prediction says true, that the prediction says yes, as A. I labeled that the ground truth label is yes, as B. And I labeled the event that the ground truth label is no, as C. And then I used Bayes' theorem multiple times. And I also used the fact that the probability of A is equal to the probability of A and B. And to that I added the probability of A and C. Okay, let me rephrase that one last bit. The probability of A is equal to the probability of the intersection of A and B, and the probability of the intersection of A and C.",kc3_joint_chain;kc4_total_probability;kc5_bayes_update,kc4_total_probability;kc5_bayes_update,wrong,NA,NA,NA,correct,wrong,NA,NA,NA,quiet,quiet,"Answer 1019 over 20000, wrong, the marginal itself, computed exactly, 0.05095, and reported as the posterior. The confusion-matrix identity is used and the assembly executed to five digits, kc4 correct, the intersections are named but never built as products, below the display bar, kc3 not engaged, and the division never lands, a wrong-in-kind quantity offered as the answer, kc5 wrong. Flag, both quiet. The prior grounds their exact marginal and the assembly is exemplary, neither conception present, their failure lives in the division. Sweep, no off-schedule conceptions, the inverse column stays not-applicable with no transposition appearing anywhere."
P13,8,"A test detects a disease whose prevalence is 1 in 1000. Whenever a person has the disease, the test is positive. However, the test also has a false positive rate of 5 percent, meaning that 5 percent of healthy people also test positive. A person is selected at random, given the test, and the result is positive. What is the chance that this person actually has the disease? Explain how you arrived at your answer.","My calculation is about 95%, well, I don't know how to calculate that, but it should be smaller than 1, thanks. You have said that the test also has a false positive rate of 5%, right? That means 5% of healthy people may also be tested with a positive result. So, if given that this person has a result of positive, there will be two possible options. The first option would be that he did have a disease and he has been tested as the positive result. That would be really great. But also, there will be another probability that that would be he has no disease, he's a normal man, but he has been tested. He has been detected as the fake positive result, randomly. So, I think it should be smaller than 1, but I'm not confident whether it should be 95%. It should be calculated by the Bayesian theorem.",kc3_joint_chain;kc4_total_probability;kc5_bayes_update,kc1_sample_space;kc4_total_probability;kc5_bayes_update,wrong,correct,NA,NA,wrong,wrong,NA,NA,NA,NA,NA,"No committed value, the ninety-five floated and doubted aloud, it should be calculated by the Bayesian theorem, wrong on the answer channel. Both branches are articulated as an inventory and abandoned, and under the quantitative-backing rule qualitative articulation earns no credit on a value-keyed item, no total attempted, no value produced anywhere, all KC cells not engaged. Flag, base_rate_neglect fired. The only value-machinery produced is the prior-absent ninety-five, hedged but sole, the split never enters anything they builds, and articulated doubt does not un-produce the production, fired, with the hedge on record. Flag, denominator_neglect quiet. Both branches are articulated, the true-positive option and the fake-positive option, so the pool's composition is conceived, the neglect conception affirmatively absent even as the flag beside it fires, the two channels separating on one row. Sweep, no off-schedule conceptions, the inverse column stays not-applicable with no transposition appearing anywhere. Review, the row harmonised with their Q12 twin on ruling, the committed 95 and its recoverable route clearing the determinate-attempt bar, kc1 correct, the 5 identified precisely as the false-positive rate, kc4 wrong, required-but-absent with the charge sharpened by their own words, both branches named, the true positive and the fake positive, the pool conceived and never assembled, awareness without construction, kc5 wrong, the complement of the error rate delivered as the posterior, hedged. Both fires dissolved on review, no principle about priors anywhere, the 1-in-1000 never mentioned, the complement grabbed amid confessed machinery-ignorance, ruling four's quiet side, and the habitat never faced, both flags not-applicable, the branch-naming preserved as awareness."
P14,8,"A test detects a disease whose prevalence is 1 in 1000. Whenever a person has the disease, the test is positive. However, the test also has a false positive rate of 5 percent, meaning that 5 percent of healthy people also test positive. A person is selected at random, given the test, and the result is positive. What is the chance that this person actually has the disease? Explain how you arrived at your answer.","Out of every thousand people, the test will test positive for the one person who has the disease and also positive for about 50 other people. Since the test has a false positive rate of 5%, which is 5 out of 100, or 50 out of 1,000, which is close to 50 out of 999. Thus, the chance that a person has the disease, given they test positively, is about 1 out of 51, given that 51 out of 1,000 people will most likely test positive for the disease. So the chance that the person has the disease is roughly 1 out of 51, or roughly 2%.",kc3_joint_chain;kc4_total_probability;kc5_bayes_update,kc3_joint_chain;kc4_total_probability;kc5_bayes_update,correct,NA,NA,correct,correct,correct,NA,NA,NA,quiet,quiet,"Answer 1 out of 51, correct, natural frequencies complete, fifty false positives beside the one true. kc3, kc4, kc5 correct. Flags, base_rate_neglect quiet and denominator_neglect quiet. The prior enters the machinery and the evidence is assembled from both branches, both conceptions affirmatively absent. Sweep, no off-schedule conceptions, the inverse column stays not-applicable with no transposition appearing anywhere."
P15,8,"A test detects a disease whose prevalence is 1 in 1000. Whenever a person has the disease, the test is positive. However, the test also has a false positive rate of 5 percent, meaning that 5 percent of healthy people also test positive. A person is selected at random, given the test, and the result is positive. What is the chance that this person actually has the disease? Explain how you arrived at your answer.","So the possibility that it's like the guy, the person has the disease, if tested positive, that is like 95% of all positive rate is like 5%. And we have a choice of total like 1000 people and we only need to get one person who has the disease. So we need to multiply 1 divided by 1000 by 0.95 is going to be 19 divided by 20,000 probability, which is very, very low. which is going to be 9.5 multiplied by 10 to the minus 4.",kc3_joint_chain;kc4_total_probability;kc5_bayes_update,kc5_bayes_update,wrong,NA,NA,NA,NA,wrong,NA,NA,NA,NA,NA,"Answer 19 over 20000, wrong. The accuracy misread feeds a 0.95, which is multiplied by the prevalence and offered as the posterior, a joint-flavoured fabrication with no evidence term, no branches, and no division, the joint-as-posterior register, kc5 wrong, their route containing no assembly demand, kc4 not engaged, the lone mismatched product below classification, kc3 not engaged. Flag, denominator_neglect quiet. Their fabrication contains no one-branch structure and no total concept at all, the conception unmanifested, and the prior is multiplied into their construction, base_rate_neglect quiet, the inert-prior test passing. Sweep, no off-schedule conceptions, the inverse column stays not-applicable with no transposition appearing anywhere. Review, both flags not-applicable, the prior-times-accuracy product demands no pool and reasons no posterior direction, the silent-product carve-out."
P16,8,"A test detects a disease whose prevalence is 1 in 1000. Whenever a person has the disease, the test is positive. However, the test also has a false positive rate of 5 percent, meaning that 5 percent of healthy people also test positive. A person is selected at random, given the test, and the result is positive. What is the chance that this person actually has the disease? Explain how you arrived at your answer.","Okay, so the probability that a person is, has this disease is 1 by 1000, which is true positive. And the probability of the first positive is 5 by 100. So in 1000 people, there is 1 disease and 999 are healthy. And among these 999 healthy, 5% of them might have the disease, which equals the probability equals to 999 by 20. So the chance that the person actually has the disease is the multiplication of these two probability, which is 1 by 1000 multiplied by 999 by 20 equals to 999 by 200,000.",kc3_joint_chain;kc4_total_probability;kc5_bayes_update,kc4_total_probability;kc5_bayes_update,wrong,NA,NA,NA,wrong,wrong,NA,NA,NA,NA,NA,"Answer 999 over 200000, wrong. Both branches are built as quantities, the one in a thousand and the forty-nine point nine five as nine-nine-nine over twenty, and then combined by multiplication where the task demanded a total and a division, them Q7 signature returning, the conceived branches never becoming a total, kc4 wrong, multiplication offered as the posterior operation, kc5 wrong. Flag, denominator_neglect quiet. Both branches are built as quantities before the broken combination, conceived then miscombined, the kc4 register, not the neglect conception, them Q7 shape, and the prior sits inside their machinery, base_rate_neglect quiet. Sweep, no off-schedule conceptions, the inverse column stays not-applicable with no transposition appearing anywhere. Review, both flags not-applicable, the product chaos demands no pool and the prior sits silent in a product, the carve-out."
P17,8,"A test detects a disease whose prevalence is 1 in 1000. Whenever a person has the disease, the test is positive. However, the test also has a false positive rate of 5 percent, meaning that 5 percent of healthy people also test positive. A person is selected at random, given the test, and the result is positive. What is the chance that this person actually has the disease? Explain how you arrived at your answer.","Okay, so this is a problem that should be solved by Bayes' theorem. So we are asked, given a positive test, what's the chance that the person has a disease? We can rewrite, if we use a Bayes' theorem, it could be rewrite to probability that the test is positive given that the person has a disease times probability of the disease or prevalence divided by probability of positive test. So we are given the first two, the prevalence. And the probability of the positive test given the disease, which is, so we need to find probability of the positive test. So we can find it using the law of total probability. So it should be consist of two probability, the probability of positive test given the person has a disease and the person does not have a disease. So the probability of the person having a disease is 1,000. And it should be multiplied by one. And probability of the person not having a disease is 0.999 or 999 in 1,000. And it should be multiplied by a false positive rate of 5%. So if we add that to you and... it into a base term, we get roughly 2%. So that's the answer.",kc3_joint_chain;kc4_total_probability;kc5_bayes_update,kc3_joint_chain;kc4_total_probability;kc5_bayes_update,correct,NA,NA,correct,correct,correct,NA,NA,NA,quiet,quiet,"Answer roughly 2 percent, correct, the law of total probability named for the second time in the session and executed. kc3, kc4, kc5 correct. Flags, base_rate_neglect quiet and denominator_neglect quiet. The prior enters the machinery and the evidence is assembled from both branches, both conceptions affirmatively absent. Sweep, no off-schedule conceptions, the inverse column stays not-applicable with no transposition appearing anywhere."
P18,8,"A test detects a disease whose prevalence is 1 in 1000. Whenever a person has the disease, the test is positive. However, the test also has a false positive rate of 5 percent, meaning that 5 percent of healthy people also test positive. A person is selected at random, given the test, and the result is positive. What is the chance that this person actually has the disease? Explain how you arrived at your answer.","So the chance that this person has the disease, given that they tested positive, is 1.96%, so around 2% on the way I calculated it bayes theorem. So the probability that someone has the disease, given that they had a positive test, is equal to the probability that they have the disease and a positive test over the probability of getting a positive test as a whole. So yeah, given that they have the disease already and they get a positive test, that's just the probability that they have the disease, since the test will be positive, so just 0.001. and then we have to divide that by the general case of them having a positive test, which is the probability that they have a positive test and have the disease, plus the probability that they have a positive test and do not have the disease. So that would be 0.001 plus 0.05, which is the false positive rate, multiplied by the probability that the person doesn't have the disease, so that's just 0.999, and we got that that was around 5%. So if we divide the probability the person has the disease and a positive test around 0.1%, divide that by the 5% that they got a positive test in general, that comes to around 2%.",kc3_joint_chain;kc4_total_probability;kc5_bayes_update,kc3_joint_chain;kc4_total_probability;kc5_bayes_update,correct,NA,NA,correct,correct,correct,NA,NA,NA,quiet,quiet,"Answer 1.96 percent, correct, stated upfront and derived in full. kc3, kc4, kc5 correct. Flags, base_rate_neglect quiet and denominator_neglect quiet. The prior enters the machinery and the evidence is assembled from both branches, both conceptions affirmatively absent. Sweep, no off-schedule conceptions, the inverse column stays not-applicable with no transposition appearing anywhere."
P19,8,"A test detects a disease whose prevalence is 1 in 1000. Whenever a person has the disease, the test is positive. However, the test also has a false positive rate of 5 percent, meaning that 5 percent of healthy people also test positive. A person is selected at random, given the test, and the result is positive. What is the chance that this person actually has the disease? Explain how you arrived at your answer.","So, the first sentence says, a disease has prevalence 1 in 1,000. So, the probability of someone getting the disease in probability terms would be 0.001. Whenever the person has a disease, the test is positive. So, the probability of testing positive, given that you have the disease, is equal to 1. And similarly, the probability that you have the disease, no, sorry, the probability that you test positive, given that you have the disease, would be 1. However, the reverse does not apply, because we know that the test has a false positive rate of 5%. So, essentially, the probability of you testing positive, given that you don't have the disease, is 0.05. A person is selected at random, given the test, and the result is positive. What is the chance that this person actually has a disease? This is asking us, given that the person has tested positive, what is the chance that they have the disease? So, to do this, we'll use Bayes' theorem, which means we need to find out the probability that someone tests positive, given that they have the disease. Which we know from our previous calculations, to be equal to 1, times by the probability that someone does have the disease, which, again, we know to be 0.001, divided by the probability that someone tests positive. Now, to calculate this, let's calculate from the whole population, what is the probability? That someone tests positive. So, we know that 0.001% of the population will test positive, because they have the disease, which means they automatically will test positive. And then we will add the probability that someone who doesn't have the disease, which is 0.999 of the population. Sorry, I'm just double-checking it.  So, 0.999% of the population that doesn't have the disease, 5% of those will test positive. So, 0.999 times 0.05, which is around 0.04995. And then when we add that to 0.001, we get the overall probability of testing positive, which we can round up to 0.051. So, then going back to our calculation of probability of having the disease, given that they tested positive, we will do 1 times 0.001 divided by 0.051. So, our final answer will be somewhere rounding up, would be 0.196, or around 2%.",kc3_joint_chain;kc4_total_probability;kc5_bayes_update,kc3_joint_chain;kc4_total_probability;kc5_bayes_update,correct,NA,NA,correct,correct,correct,NA,NA,NA,quiet,quiet,"Answer 0.0196, correct, the item's exemplar, every quantity named, the reverse explicitly distinguished, the marginal assembled with self-checks. kc3, kc4, kc5 correct. Flags, base_rate_neglect quiet and denominator_neglect quiet. The prior enters the machinery and the evidence is assembled from both branches, both conceptions affirmatively absent. Sweep, no off-schedule conceptions, the inverse column stays not-applicable with no transposition appearing anywhere."
P20,8,"A test detects a disease whose prevalence is 1 in 1000. Whenever a person has the disease, the test is positive. However, the test also has a false positive rate of 5 percent, meaning that 5 percent of healthy people also test positive. A person is selected at random, given the test, and the result is positive. What is the chance that this person actually has the disease? Explain how you arrived at your answer.","My answer is 95 percent, so basically this person is chosen so whatever the 1 over 1000 is Somehow is a match for the whole group. But now we have one chosen person. So It's not related just for this person. The false positive rate is 5% which means this person has 95%. Just like 100% minus 5% is equal to 95%. so this is his probability to actually has a disease.",kc3_joint_chain;kc4_total_probability;kc5_bayes_update,kc4_total_probability;kc5_bayes_update,wrong,NA,NA,NA,wrong,wrong,NA,NA,NA,NA,fired,"Answer 95 percent, wrong, with the richest articulation of the conception in the set, the one in a thousand is for the whole group, not related just for this person, so one hundred minus five. The prior dismissed as group-level, no total conceived, kc4 wrong, the complement as posterior, kc5 wrong. Flag, base_rate_neglect fired. The richest articulation in the set, the one in a thousand belongs to the whole group and is not related just to this chosen person, so one hundred minus five, the prior dismissed as group-level truth irrelevant to the individual, the conception with its reasoning shown.  Sweep, no off-schedule conceptions, the inverse column stays not-applicable with no transposition appearing anywhere. Amendment, denominator_neglect re-keyed to quiet. The one-hundred-minus-five route bypasses the evidence stage, the conception unmanifested, quiet, with the assembly's absence charged at kc4. Review, denominator_neglect not-applicable, the complement route demands no pool, and the base-rate fire survives the dissolution logic explicitly, the prior faced and rejected on a stated population-versus-individual ground, the articulated class."
P21,8,"A test detects a disease whose prevalence is 1 in 1000. Whenever a person has the disease, the test is positive. However, the test also has a false positive rate of 5 percent, meaning that 5 percent of healthy people also test positive. A person is selected at random, given the test, and the result is positive. What is the chance that this person actually has the disease? Explain how you arrived at your answer.","Okay, the probability of having disease is 1 out of 1,000. So the probability that not disease is 999 out of 1,000. Okay, and we have that. The probability that test becomes positive if a person has the disease is 1. And the probability that, the test actually false positive on, the person sees it's positive, suppose to not have the disease is 5 out of 100. So the probability that... The disease, a person has disease, supposed to detest is positive. Equal to, based on the Bayesian theorem, is equal to probability that is positive, suppose to having disease, multiplied by probability of disease, divided by the same thing plus probability of positive supposed to not having disease, multiplied by probability of not having disease. So it becomes 1 multiplied to 0.001 divided by exactly this number, plus 0.05 multiplied by 0.999. Okay. So the final answer is 0.0196 or 0.02. If we round it, it becomes 0.02.",kc3_joint_chain;kc4_total_probability;kc5_bayes_update,kc3_joint_chain;kc4_total_probability;kc5_bayes_update,correct,NA,NA,correct,correct,correct,NA,NA,NA,quiet,quiet,"Answer 0.0196, correct, full Bayes narrated to the assembled denominator. kc3, kc4, kc5 correct. Flags, base_rate_neglect quiet and denominator_neglect quiet. The prior enters the machinery and the evidence is assembled from both branches, both conceptions affirmatively absent. Sweep, no off-schedule conceptions, the inverse column stays not-applicable with no transposition appearing anywhere."
P22,8,"A test detects a disease whose prevalence is 1 in 1000. Whenever a person has the disease, the test is positive. However, the test also has a false positive rate of 5 percent, meaning that 5 percent of healthy people also test positive. A person is selected at random, given the test, and the result is positive. What is the chance that this person actually has the disease? Explain how you arrived at your answer.","So the question asks us to get the probability of someone actually having a disease, given that they tested positive for some test. And the question also gives us the probability of the disease in the population, which is 1 in 1000. And we can infer from that that the probability of someone not having the disease in the population, if we just pick one randomly, is 999 over 1000. And it also gives us some statistics about the test. So the probability of us getting a positive result, given that they actually have the disease, is 100%. But the probability of a positive result, given that they actually don't have the disease, is 5%. So we get some false positives. So we can use Bayes' theorem here, because essentially we have all the givens for the right-hand side of Bayes' theorem, and we want what's on the left-hand side, which is the probability of disease in the population. So we could say that the probability of disease in the population gives a positive result. So yeah, the equation is the probability of disease given a positive result is equal to the probability of a positive result given a disease... given that someone actually has the disease times the probability of the disease in the population divided by the probability of a person testing positive in general, whether or not they actually have the disease. So the first... so the procedurus is pretty simple. terms, we already have the values for those. It's going to be 100%, which is just 1 times the probability of D of the disease in the population, which is just 1 in 1,000. And the denominator, which is the probability of a person testing positive, that's going to be split into two terms. Again, into two different cases, which is a person testing positive and actually having the disease, plus a person testing positive and actually not having the disease. So we can use, I guess, the equation I wrote, which is the probability of a person testing positive, given that they have the disease, times the probability of the disease, of the prevalence of the disease, plus the probability that they test positive, given that they don't have the disease, times the probability of not having the disease. And this is how it's computed. So the first term is going to be the same as the one in the numerator, which is going to be 1 in 1,000. And then the second term is going to be 5% times 999 over 1,000. And you sum them up, you get the probability of a person testing positive in general. So let's compute that. 1 in 1,000 plus 0.5 times... So that just gives us the probability of a person testing positive. And so the upper term is going to be just 1 in 1,000. The answer is 1.9.",kc3_joint_chain;kc4_total_probability;kc5_bayes_update,kc3_joint_chain;kc4_total_probability;kc5_bayes_update,correct,NA,NA,correct,correct,correct,NA,NA,NA,quiet,quiet,"Answer correct on the assembled machinery, the complete structure narrated to the summed two-branch denominator with every term valued, the tail cut at the final arithmetic. kc3, kc4, kc5 correct. Flags, base_rate_neglect quiet and denominator_neglect quiet. The prior enters the machinery and the evidence is assembled from both branches, both conceptions affirmatively absent. Sweep, no off-schedule conceptions, the inverse column stays not-applicable with no transposition appearing anywhere."
P23,8,"A test detects a disease whose prevalence is 1 in 1000. Whenever a person has the disease, the test is positive. However, the test also has a false positive rate of 5 percent, meaning that 5 percent of healthy people also test positive. A person is selected at random, given the test, and the result is positive. What is the chance that this person actually has the disease? Explain how you arrived at your answer.","So, in normal scenario, the probability that a person has disease is 1 over 1000, but there is this false positive rate of being 5%, so 5% which is 5 over 100, which is 50 over 1000. so normally it is 1 over 1000 as I said. But there is this 50 over 1000 false positive ratio. so then it will be divided by 50, which means that 1 over 50000.",kc3_joint_chain;kc4_total_probability;kc5_bayes_update,kc4_total_probability;kc5_bayes_update,wrong,NA,NA,NA,wrong,wrong,NA,NA,NA,NA,quiet,"Answer 1 over 50000, wrong. The false-positive branch is computed, fifty in a thousand, and installed alone as the evidence against which the prior is divided, the true-positive branch never joining any total, the one-branch evidence slot, kc4 wrong, with the division-by-evidence act structurally their and executed on their inputs, kc5 correct, upstream charged upstream. Flag, denominator_neglect fired, the column's cleanest case. The false-positive branch is computed and installed alone as the evidence against which the prior is divided, the true-positive branch never joining any total, the one-branch evidence slot positively displayed. Sweep, no off-schedule conceptions, the inverse column stays not-applicable with no transposition appearing anywhere. Review, the fire re-keyed to not-applicable on ruling, the transcript computes the fifty false positives but never totals a pool or states a share, the executed act being one-over-a-thousand divided by the raw fifty, an operation the counts-schema cannot produce, a reason-free deflation of the prior, no pool conceived, no habitat, the cross-item schema hypothesis refuted by their own arithmetic, and kc5 re-keyed to wrong on the same ground, an unlabeled division with no established roles cannot be certified right-in-kind, the P15-Q11 alignment, the base-rate quiet standing on the named, load-bearing prior."
P24,8,"A test detects a disease whose prevalence is 1 in 1000. Whenever a person has the disease, the test is positive. However, the test also has a false positive rate of 5 percent, meaning that 5 percent of healthy people also test positive. A person is selected at random, given the test, and the result is positive. What is the chance that this person actually has the disease? Explain how you arrived at your answer.","So, considering a population, an example population of 1,000, the probability that if the person has a positive test is actually ill is around 2%. Why? Because in this 1,000-people population, only one person is ill, but the number of positive tests that relate to the person is ill., plus 5% of the healthy population, which is like 999 of the example population. So, 1 divided by, in brackets, 1 plus 999 multiplied by 5%, which is in the numerator, the number of people who are actually in the population. And in the denominator, the number of people in the population who tested. So, positive equals to around 2%. So, that's the chance that this person actually has the disease.",kc3_joint_chain;kc4_total_probability;kc5_bayes_update,kc3_joint_chain;kc4_total_probability;kc5_bayes_update,correct,NA,NA,correct,correct,correct,NA,NA,NA,quiet,quiet,"Answer around 2 percent, correct, the natural-frequency Bayes in one expression, one over one plus nine-nine-nine times five percent. kc3, kc4, kc5 correct. Flags, base_rate_neglect quiet and denominator_neglect quiet. The prior enters the machinery and the evidence is assembled from both branches, both conceptions affirmatively absent. Sweep, no off-schedule conceptions, the inverse column stays not-applicable with no transposition appearing anywhere."
P25,8,"A test detects a disease whose prevalence is 1 in 1000. Whenever a person has the disease, the test is positive. However, the test also has a false positive rate of 5 percent, meaning that 5 percent of healthy people also test positive. A person is selected at random, given the test, and the result is positive. What is the chance that this person actually has the disease? Explain how you arrived at your answer.","So the answer to this is 1 by 5095 and the way that I've calculated this is that we need to find the probability that the person has the disease given that the result is positive. And that is just using the Bayes theorem, that's the probability that the result is positive given that the person has the disease into the probability of the person having the disease divided by the probability of having a positive result. And if you just look at the denominator, the probability of having a positive result, now there are two ways in which you have a positive result. The first one is either if you have the disease or and the second one is if you don't have the disease. If you have the disease and you're tested positive, that's just 1 into 1 by 1000. And the way I got that is 1 because it is always positive. If you have a disease into 1 by 1000, because that's the probability of actually having the disease. And then the second possibility is that you get a false positive, which is basically 5 out of 100, because that's the false positive percentage, 5% into the probability of not having, which is 999 by 1000. So those two components for the denominotor, and the numerator  is getting a positive result given that you have the disease multiplied by the probability of actually having the disease, which is equal to 1 into 1 by thousand. and when you simplify that, you get 1 by 5095.",kc3_joint_chain;kc4_total_probability;kc5_bayes_update,kc3_joint_chain;kc4_total_probability;kc5_bayes_update,wrong,NA,NA,correct,correct,correct,NA,NA,NA,quiet,quiet,"Answer 1 by 5095, wrong by a factor of one hundred, the decimal slipping in the final simplification of a completely sound structure, both branches valued, the marginal assembled, the division arranged, the reported value traceable to their own 50.95. The two-condition test passes, kc3, kc4, kc5 correct, the failure priced at question level, a bridge tally. Flag, both quiet. The complete sound assembly consumes the prior and both branches, the slip is decimal. Sweep, no off-schedule conceptions, the inverse column stays not-applicable with no transposition appearing anywhere."
P26,8,"A test detects a disease whose prevalence is 1 in 1000. Whenever a person has the disease, the test is positive. However, the test also has a false positive rate of 5 percent, meaning that 5 percent of healthy people also test positive. A person is selected at random, given the test, and the result is positive. What is the chance that this person actually has the disease? Explain how you arrived at your answer.","The probability would be around 0.02% due to significant figures. So again, using Bayes' theorem, firstly the probability of getting a positive result if a person actually has a disease that would be equal to 1 divided by 1000 because the test is always positive if the person has a disease so that would just be 1, so 1 multiplied by 1 over 1000 is just still 1 over 1000.and the probability of getting that disease is 1 over 1000 again. So now the long part is actually incorporating the probability of getting a positive result so that also needs to account the probability of getting a false positive alongside a true positive. The probability of getting a true positive is still 1 over 1000 but the probability of getting a false positive would be 999 divided by 1000 which is the probability of not having the disease multiplied by 0.05 which is the probability of getting a false positive. which is the probability of getting a false positive. But that is only applicable if the person doesn't have the disease. So then, computing these values substituting into the Bayes' theorem formula the final answer becomes 0.02% rounded to 2 significant figures.",kc3_joint_chain;kc4_total_probability;kc5_bayes_update,kc3_joint_chain;kc4_total_probability;kc5_bayes_update,wrong,NA,NA,correct,correct,correct,NA,NA,NA,quiet,quiet,"Answer stated as 0.02 percent, wrong by units, atop a complete and sound structure, both branches built and the true-positive weighting reasoned aloud. The value is traceable to their own 0.02 proportion with the percent misapplied, the two-condition test passes, kc3, kc4, kc5 correct, the failure priced at question level, a bridge tally. Flag, both quiet. Full assembly with the weighting reasoned aloud, both conceptions affirmatively absent. Sweep, no off-schedule conceptions, the inverse column stays not-applicable with no transposition appearing anywhere."
P01,9,10.3 percent of women in a given city have a positive mammogram. The probability that a woman in this city has both a positive mammogram and breast cancer is 0.8 percent. A mammogram given to a woman taken at random in this population was positive. What is the probability that she actually has breast cancer? Explain how you arrived at your answer.,"So the probability of someone having a positive mammogram is 10.3%, and the probability of someone having a positive test and breast cancer is 0.8%. So using Bayes' theorem, I would consider the probability of breast cancer given positive would be equals to the probability of positive mammogram given breast cancer times probability of breast cancer divided by the probability of having a positive mammogram. And so as a result, I divided 0.8% by 10.3% and got the number of 0.0777, which is the probability that she actually has breast cancer.",kc5_bayes_update,kc3_joint_chain;kc5_bayes_update,correct,NA,NA,correct,NA,correct,NA,NA,NA,NA,NA,"Answer 0.0777, correct. Bayes is framed in full, and the chain identity is used to install the given joint as the numerator, the likelihood-times-prior recognised as the stated 0.8, then divided by the 10.3 marginal. kc3 correct for the identity deployed with values, kc5 correct for the division. No traps are set on this question, the flag columns stay not-applicable by design, and the full-catalogue sweep finds no off-schedule conceptions. Review, both flag cells not-applicable under the habitat semantics, retracting an earlier off-schedule quiet. The item hands the evidence pool over pre-assembled, the 10.3 a stated given, so the composition question is never faced and no neglect-conception can be negated by using it, and no prevalence is stated anywhere, the 10.3 being the marginal, so no prior exists whose dismissal or application could manifest, both habitats closed item-wide, fires remaining possible only through a rebuilt pool or an articulated principle, neither occurring."
P02,9,10.3 percent of women in a given city have a positive mammogram. The probability that a woman in this city has both a positive mammogram and breast cancer is 0.8 percent. A mammogram given to a woman taken at random in this population was positive. What is the probability that she actually has breast cancer? Explain how you arrived at your answer.,"Well, we can have the first probability, the 10.3%, as probability of M, for example. And then we know a second information, which is that this probability of M multiplied by the probability of B, which is, in this case, the probability that a woman has breast cancer, is 0.8%. In my opinion, these two probabilities are independent. So, the question phrasing says the probability of having both mammogram and breast cancer together are 0.8. So, this is the product of the two probabilities. Knowing this, we can arrive at the probability of breast cancer itself, which is basically the 0.8%, which is the probability of breast cancer itself, which is basically the 0.8%, and divided by the probability of M, which was 10.3%, and this gives us 7.76%. I think this is the case because those two probabilities are independent. And if a woman has a mammogram, it is still the case that she will have breast cancer with a probability of 7.76%.",kc5_bayes_update,kc5_bayes_update,correct,NA,NA,NA,NA,correct,NA,NA,NA,NA,NA,"Answer 7.76 percent, correct. The joint is glossed as the product of independent marginals, an unlicensed flourish, and the actual operation performed is the correct one, the 0.8 divided by the 10.3, with their closing sentence coherent under their own model. The flourish never corrupts a value, noted, not charged, kc5 correct. No traps are set on this question, the flag columns stay not-applicable by design, and the full-catalogue sweep finds no off-schedule conceptions."
P03,9,10.3 percent of women in a given city have a positive mammogram. The probability that a woman in this city has both a positive mammogram and breast cancer is 0.8 percent. A mammogram given to a woman taken at random in this population was positive. What is the probability that she actually has breast cancer? Explain how you arrived at your answer.,"I mean, once again, similar to my response to the previous question, this might be an oversimplification, but since this woman has already tested positive for, let me just re-read that, tested positive for a mammogram, it says that 10.3% of women have a positive mammogram. I feel like that's irrelevant to our answer because it just asks the probability that she actually has breast cancer, and since she's already tested positive for a mammogram and we're looking for the percentile that she tests positive plus has breast cancer, it's just given to us, so I would say 0.8%. I think that's the probability that she actually has breast cancer, and my explanation on how I arrive to that is basically, I feel like the initial number given to us is kind of given as a distraction, and it's just 0.8%. That might be wrong, but that's my explanation.",kc5_bayes_update,kc3_joint_chain,wrong,NA,NA,wrong,NA,NA,NA,NA,NA,NA,NA,"Answer 0.8 percent, wrong. The target is restated as the conjunction, the percentile that they tests positive plus has breast cancer, and the given joint is offered as that answer with the 10.3 declared irrelevant. The kind-boundary is lost at identification, kc3 wrong per the construal rule, and their construed task demands no division, kc5 not engaged. No traps are set on this question, the flag columns stay not-applicable by design, and the full-catalogue sweep finds no off-schedule conceptions, with one near-miss adjudicated, their dismissal of the 10.3 as a distraction brushes the denominator conception, but under the bypass precedent their construal has already rewritten the target to the joint, no division is demanded inside their task, and the marginal's dismissal is the construal's artifact, no fire."
P04,9,10.3 percent of women in a given city have a positive mammogram. The probability that a woman in this city has both a positive mammogram and breast cancer is 0.8 percent. A mammogram given to a woman taken at random in this population was positive. What is the probability that she actually has breast cancer? Explain how you arrived at your answer.,okay let's define the events uh uh plus again plus will use as the event that a mammogram is recently written positive. c will represent a woman the selected woman as having cancer. so the numbers would be b p plus will be uh 0.103 then zero uh the probability the intersection will be p uh for p1 intersection c will be 0.08 this actually asks for p c given plus which we don't need the bayes theorem equation which we just can use using the uh traditional conventional uh conditional theory equation so the numerator will be p plus and the uh sorry so the denominator will be b plus the numerator will be p plus intersection c which are actually the only two given numbers 0.08 over 0.103 giving the answer as 0.0777 approximated,kc5_bayes_update,kc5_bayes_update,correct,NA,NA,NA,NA,correct,NA,NA,NA,NA,NA,"Answer 0.0777, correct, the conditional definition route, the intersection over the marginal, the only two given numbers, divided. kc5 correct. No traps are set on this question, the flag columns stay not-applicable by design, and the full-catalogue sweep finds no off-schedule conceptions."
P05,9,10.3 percent of women in a given city have a positive mammogram. The probability that a woman in this city has both a positive mammogram and breast cancer is 0.8 percent. A mammogram given to a woman taken at random in this population was positive. What is the probability that she actually has breast cancer? Explain how you arrived at your answer.,"So my answer is 0.0777 to 3 significant figures. I just did 0.8 divided by 10.3, because 0.8 is the probability of getting both a positive mammogram and breast cancer, and 10.3 is just the probability of a positive mammogram. So the actual probability of getting breast cancer, well, sort of given a positive mammogram, right, is 0.8. Divide by 10.3, which gives you 0.0777 to 3 significant figures.",kc5_bayes_update,kc5_bayes_update,correct,NA,NA,NA,NA,correct,NA,NA,NA,NA,NA,"Answer 0.0777, correct, the both-probability over the mammogram probability, stated cleanly. kc5 correct. No traps are set on this question, the flag columns stay not-applicable by design, and the full-catalogue sweep finds no off-schedule conceptions."
P06,9,10.3 percent of women in a given city have a positive mammogram. The probability that a woman in this city has both a positive mammogram and breast cancer is 0.8 percent. A mammogram given to a woman taken at random in this population was positive. What is the probability that she actually has breast cancer? Explain how you arrived at your answer.,I think the answer is 8 divided by 103 because what we're given is essentially the probability that someone or that woman has a positive mammogram which is 10.3 percent and we're given the I'm not sure what's the the correct English term but kind of the combined probability that someone has a positive mammogram and actually has cancer which is 0.8 percent but to arrive at the 0.8 percent what you do is you multiply the probabilities of someone having a positive mammogram and someone having cancer with each other I believe if I remember Bayes theorem correctly so essentially to get the probability of someone having cancer you divide the joint probability which is 0.8 percent by the probability of a positive mammogram which is 10.3 percent so that gives us 8 divided by 103,kc5_bayes_update,kc5_bayes_update,correct,NA,NA,NA,NA,correct,NA,NA,NA,NA,NA,"Answer 8 over 103, correct, reached through an independence detour, the joint glossed as a product and the division recovering the target. The flourish noted, the operation sound, kc5 correct. No traps are set on this question, the flag columns stay not-applicable by design, and the full-catalogue sweep finds no off-schedule conceptions."
P07,9,10.3 percent of women in a given city have a positive mammogram. The probability that a woman in this city has both a positive mammogram and breast cancer is 0.8 percent. A mammogram given to a woman taken at random in this population was positive. What is the probability that she actually has breast cancer? Explain how you arrived at your answer.,"So in this problem, we have to calculate the probability of a woman that have breast cancer given that the positive mammogram. So, according to Bayes' theorem, we can write it down like P of cancer given positive is equal to P of positive given cancer multiplied with P of cancer divided by P of positive. So, there are 10.3% of women in the city have positive mammogram. So, P of positive will be 10.3%. So, the probability of a woman that have both a positive mammogram and breast cancer is 0.8%. So, it will be the numerator of the fraction. So, from that, we can calculate the probability of... The probability of... Of that woman who get positive mammogram that have breast cancer will be 0.8 divided by 10.3%. And this will equal to 7.76%.",kc5_bayes_update,kc5_bayes_update,correct,NA,NA,NA,NA,correct,NA,NA,NA,NA,NA,"Answer 7.76 percent, correct, Bayes stated and the given joint installed as the numerator over the 10.3. kc5 correct. No traps are set on this question, the flag columns stay not-applicable by design, and the full-catalogue sweep finds no off-schedule conceptions."
P08,9,10.3 percent of women in a given city have a positive mammogram. The probability that a woman in this city has both a positive mammogram and breast cancer is 0.8 percent. A mammogram given to a woman taken at random in this population was positive. What is the probability that she actually has breast cancer? Explain how you arrived at your answer.,"So, my answer is 0.078%, and that's because the probability of her having cancer, given the mammogram, is the probability of her having cancer and the mammogram, divided by the probability of the mammogram being positive, so it's 0.8 divided by 10.3, which is 0.078.",kc5_bayes_update,kc5_bayes_update,correct,NA,NA,NA,NA,correct,NA,NA,NA,NA,NA,"Answer 0.078, correct, the division stated and performed, with an initial percent-suffix tic restated without it, the final token governing. kc5 correct. No traps are set on this question, the flag columns stay not-applicable by design, and the full-catalogue sweep finds no off-schedule conceptions."
P09,9,10.3 percent of women in a given city have a positive mammogram. The probability that a woman in this city has both a positive mammogram and breast cancer is 0.8 percent. A mammogram given to a woman taken at random in this population was positive. What is the probability that she actually has breast cancer? Explain how you arrived at your answer.,"the probability should be 0.07777 approximately. So we want the probability of a woman actually having cancer given a positive mammogram, and the probability of having a positive mammogram is 1.03%. And the probability of having cancer and actually having a positive diagnosis is 0.8%. That leads to a patient probability of 0.008 out of 0.103, which leads to 0.07777 approximately. OK.",kc5_bayes_update,kc5_bayes_update,correct,NA,NA,NA,NA,correct,NA,NA,NA,NA,NA,"Answer 0.0777, correct, 0.008 over 0.103, one misspoken percent self-corrected inside the arithmetic. kc5 correct. No traps are set on this question, the flag columns stay not-applicable by design, and the full-catalogue sweep finds no off-schedule conceptions."
P10,9,10.3 percent of women in a given city have a positive mammogram. The probability that a woman in this city has both a positive mammogram and breast cancer is 0.8 percent. A mammogram given to a woman taken at random in this population was positive. What is the probability that she actually has breast cancer? Explain how you arrived at your answer.,"So again, we need to use the same approach, probability of having breast cancer, we need to expand and leave the probability of having a positive mammogram given that you have breast cancer times the probability of you having breast cancer is equal to the probability of you having a positive breast cancer given that you have a mammogram, wait, I confused my results, sorry.",kc5_bayes_update,,wrong,NA,NA,NA,NA,NA,NA,NA,NA,NA,NA,"No answer, wrong on the answer channel. An expansion of Bayes is attempted, garbles mid-sentence, and the transcript ends at the confusion, nothing valued, nothing concluded, no completed act of any concept's content, all KC cells not engaged under the garble threshold, the aborted twin of the committed garble on the aces item. No traps are set on this question, the flag columns stay not-applicable by design, and the full-catalogue sweep finds no off-schedule conceptions. Audio verification performed, the source recording ends where the transcript ends, the participant prematurely ended the recording, the truncation participant-side, not a capture failure, the row final as annotated."
P11,9,10.3 percent of women in a given city have a positive mammogram. The probability that a woman in this city has both a positive mammogram and breast cancer is 0.8 percent. A mammogram given to a woman taken at random in this population was positive. What is the probability that she actually has breast cancer? Explain how you arrived at your answer.,"According to Bayes' theorem for independent events, the probability of A given B is the probability of A and B over the probability of B. In this case, A is the probability that she has cancer, and B is the probability that her mammogram is positive. So the probability of A and B is 0.8, and the probability of B is 10.3%. So you put the 0.8 over the 10.3%, and this would give you 7.767, which is more than 100%. I would say that this is flawed interpretation, because the probability that a woman in the city has both positive and mammogram. Positive mammogram and breast cancer, maybe you're not independent, or something like that. I'm not actually sure.",kc5_bayes_update,kc5_bayes_update,wrong,NA,NA,NA,NA,correct,NA,NA,NA,NA,NA,"Answer 7.767, wrong, by a units misread, the 0.8 percent taken as a bare 0.8 against the 10.3 kept in percent, the division act itself sound on what they fed it and the output traceable, kc5 correct. They then catches their own value as impossible, more than one hundred percent, and hunts the cause, the failure set's best epistemic moment, without finding the units, the misread noted as a slip. No traps are set on this question, the flag columns stay not-applicable by design, and the full-catalogue sweep finds no off-schedule conceptions."
P12,9,10.3 percent of women in a given city have a positive mammogram. The probability that a woman in this city has both a positive mammogram and breast cancer is 0.8 percent. A mammogram given to a woman taken at random in this population was positive. What is the probability that she actually has breast cancer? Explain how you arrived at your answer.,So the answer is 0.078 and I arrived at this answer by drawing the confusion matrix and labeling the event that the prediction says yes as A and by labeling the event that the ground truth is yes as B and later I used Bayes theorem of course and I computed the conditional probability that P B given A and this equals the probability of the intersection of A and B divided by the probability of event A,kc5_bayes_update,kc5_bayes_update,correct,NA,NA,NA,NA,correct,NA,NA,NA,NA,NA,"Answer 0.078, correct, the confusion matrix drawn, the intersection over the event, kc5 correct. No traps are set on this question, the flag columns stay not-applicable by design, and the full-catalogue sweep finds no off-schedule conceptions."
P13,9,10.3 percent of women in a given city have a positive mammogram. The probability that a woman in this city has both a positive mammogram and breast cancer is 0.8 percent. A mammogram given to a woman taken at random in this population was positive. What is the probability that she actually has breast cancer? Explain how you arrived at your answer.,"My calculation of the probability that he actually has breast cancer would be four-fifteenths. Since I just simply used the 0.8% to divide it by the 3%. It could be wrong, but I think since the probability that he got the positive momentum, the mammogram should be 3%. Given that, you need to find what is the probability that he actually got breast cancer. He also told me that the probability that women in this city have both the positive mammogram and the breast cancer is 0.8%, and it's more like the overlap of each other. So I think maybe we can use this kind of overlap to divide it by the mammogram, so that we can find out the probability whether he actually has breast cancer.",kc5_bayes_update,kc5_bayes_update,wrong,NA,NA,NA,NA,correct,NA,NA,NA,NA,NA,"Answer 4 over 15, wrong, by a misread, the 10.3 percent absorbed as 3 percent, and within that misheard world the act is the cleanest statement of the conditional in the failure set, the overlap divided by the mammogram, kc5 correct under within-world grading, the misread charged to the answer. No traps are set on this question, the flag columns stay not-applicable by design, and the full-catalogue sweep finds no off-schedule conceptions."
P14,9,10.3 percent of women in a given city have a positive mammogram. The probability that a woman in this city has both a positive mammogram and breast cancer is 0.8 percent. A mammogram given to a woman taken at random in this population was positive. What is the probability that she actually has breast cancer? Explain how you arrived at your answer.,"The probability of A given B is the probability of A intersect B, in other words, A and B, over the probability of B. If we let A be the event of a woman having breast cancer, and B be the event of a woman having a positive mammogram, then the probability that she has breast cancer, given a positive mammogram, is 0.8%, that being P of A intersect B, divided by 10.3%, that being P of B, probability of a positive mammogram, which comes out to just a little under 8%. So the probability that a woman has breast cancer, given she gets a positive mammogram, is a little under 8%.",kc5_bayes_update,kc5_bayes_update,correct,NA,NA,NA,NA,correct,NA,NA,NA,NA,NA,"Answer a little under 8 percent, correct, the textbook definition with every term labelled. kc5 correct. No traps are set on this question, the flag columns stay not-applicable by design, and the full-catalogue sweep finds no off-schedule conceptions."
P15,9,10.3 percent of women in a given city have a positive mammogram. The probability that a woman in this city has both a positive mammogram and breast cancer is 0.8 percent. A mammogram given to a woman taken at random in this population was positive. What is the probability that she actually has breast cancer? Explain how you arrived at your answer.,so for the convenience let's assume we have 1 000 people in the city so we will have 103 women with positive mammogram so it's going to be our probability that people or the woman tested in the city have a positive mammogram is like 103 divided by 1000. and since it's random we multiply by probability that it's positive mammogram and breast cancer which in our case is going to be 8 divided by 1000. so when we multiply those together it's going to give us 8.24 multiplied by 10 to the degree minus 4. so very very very low probability,kc5_bayes_update,kc5_bayes_update,wrong,NA,NA,NA,NA,wrong,NA,NA,NA,NA,NA,"Answer 8.24 times ten to the minus four, wrong, the marginal multiplied by the joint, the named multiplying-the-givens failure, a fabricated combination offered as the posterior, kc5 wrong, their third multiply-things item in a row. No traps are set on this question, the flag columns stay not-applicable by design, and the full-catalogue sweep finds no off-schedule conceptions."
P16,9,10.3 percent of women in a given city have a positive mammogram. The probability that a woman in this city has both a positive mammogram and breast cancer is 0.8 percent. A mammogram given to a woman taken at random in this population was positive. What is the probability that she actually has breast cancer? Explain how you arrived at your answer.,The probability that a person has breast cancer is eight percent that has the positive mammogram as well. It is obvious from the question.,kc5_bayes_update,kc3_joint_chain,wrong,NA,NA,wrong,NA,NA,NA,NA,NA,NA,NA,"Answer eight percent, wrong, the joint read as the answer, obvious from the question, with the 0.8 additionally misread as 8. The target described as having cancer that has the positive mammogram as well, the conjunction reading, kc3 wrong per the construal rule, kc5 not engaged under it, the number misread noted. No traps are set on this question, the flag columns stay not-applicable by design, and the full-catalogue sweep finds no off-schedule conceptions, the conjunction reading being the kind-boundary collapse, kc3's construal, not the direction symmetry, no inverse fire."
P17,9,10.3 percent of women in a given city have a positive mammogram. The probability that a woman in this city has both a positive mammogram and breast cancer is 0.8 percent. A mammogram given to a woman taken at random in this population was positive. What is the probability that she actually has breast cancer? Explain how you arrived at your answer.,I think the answer is 7.8% because the 10.3% of women has a positive mammogram and the woman who has both mammogram and breast cancer is 0.8%. so we can divide 0.8% by a 10.3% to find out what percentage of a woman who has a mammogram has also a breast cancer so 0.8 divided by 10.3 provides us with 7.8%.,kc5_bayes_update,kc5_bayes_update,correct,NA,NA,NA,NA,correct,NA,NA,NA,NA,NA,"Answer 7.8 percent, correct, the division stated with its meaning, what percentage of the mammogram-positive women also have cancer. kc5 correct. No traps are set on this question, the flag columns stay not-applicable by design, and the full-catalogue sweep finds no off-schedule conceptions."
P18,9,10.3 percent of women in a given city have a positive mammogram. The probability that a woman in this city has both a positive mammogram and breast cancer is 0.8 percent. A mammogram given to a woman taken at random in this population was positive. What is the probability that she actually has breast cancer? Explain how you arrived at your answer.,"So this is just a simple ratio. So we have the event that a woman has a positive mammogram, 10.3%, and then we also have the smaller event within that, which is she has a positive mammogram and breast cancer, 0.8%. So we just divide 0.8% by 10.3%, and the end result is 7.7% that a woman has cancer, given that she has a positive mammogram.",kc5_bayes_update,kc5_bayes_update,correct,NA,NA,NA,NA,correct,NA,NA,NA,NA,NA,"Answer 7.7 percent, correct, with the containment insight narrated, the smaller event within the larger, then the ratio. kc5 correct. No traps are set on this question, the flag columns stay not-applicable by design, and the full-catalogue sweep finds no off-schedule conceptions."
P19,9,10.3 percent of women in a given city have a positive mammogram. The probability that a woman in this city has both a positive mammogram and breast cancer is 0.8 percent. A mammogram given to a woman taken at random in this population was positive. What is the probability that she actually has breast cancer? Explain how you arrived at your answer.,"So this question asks us the probability that a woman has breast cancer given that she has a positive mammogram. So first we need to calculate the probability that this woman has a positive mammogram given that they have breast cancer, times by the probability of her having breast cancer divided by the probability of her having a positive mammogram. What is the probability given that she has a positive mammogram, the probability that she actually has breast cancer? So we don't have quite enough. We don't have quite enough information to figure out the probability that she tests positive given that she has breast cancer since we only know the probability that they have both a positive mammogram and breast cancer is 0.8% or 0.008. A mammogram given to a woman taken at random in this. Okay, so for this we don't need to use Bayes' theorem actually. I think we can just look at how many women with a positive mammogram have breast cancer, which would be the probability of her having both breast cancer and a positive mammogram. So this would be 0.008 divided by 0.103, which gives us an answer of 0.078 probability.",kc5_bayes_update,kc5_bayes_update,correct,NA,NA,NA,NA,correct,NA,NA,NA,NA,NA,"Answer 0.078, correct, after the best detour on the item, the missing sensitivity identified, the insufficiency reasoned, and then the shortcut found, the joint already given, divided by the marginal. kc5 correct. No traps are set on this question, the flag columns stay not-applicable by design, and the full-catalogue sweep finds no off-schedule conceptions."
P20,9,10.3 percent of women in a given city have a positive mammogram. The probability that a woman in this city has both a positive mammogram and breast cancer is 0.8 percent. A mammogram given to a woman taken at random in this population was positive. What is the probability that she actually has breast cancer? Explain how you arrived at your answer.,um the probability is equal to 4 over 15. um so basically as you said um the probability that a woman in the city has both a positive mammogram and breast cancer is 0.8 percent and three percent of women in the in the same city has a positive mammogram so that means we can calculate 0.8 over 3 is the rate is the rate that in the in the positive mammogram women's group who have who have breast cancer right. so now we know this woman um so we now we choose a woman who is who has positive mammogram yes so for her the probability of getting both of these disease is equal to what we calculated before 0.8 over 3 which is equal to 4 over 15. yeah,kc5_bayes_update,kc5_bayes_update,wrong,NA,NA,NA,NA,correct,NA,NA,NA,NA,NA,"Answer 4 over 15, wrong, the same 3-percent misread as P13, independently produced, and the same sound division within it, 0.8 over 3, kc5 correct under within-world grading, the misread charged to the answer, the coincidence of two identical mishearings of the 10.3 noted descriptively. No traps are set on this question, the flag columns stay not-applicable by design, and the full-catalogue sweep finds no off-schedule conceptions."
P21,9,10.3 percent of women in a given city have a positive mammogram. The probability that a woman in this city has both a positive mammogram and breast cancer is 0.8 percent. A mammogram given to a woman taken at random in this population was positive. What is the probability that she actually has breast cancer? Explain how you arrived at your answer.,"Okay, we have another formula for the Bayes' theorem. Actually, it's equal to the previous one, but if we have the subset of the situation like here, that probability of cancer multiplied by probability of positive one is 0.8. So, this is the top part of our equation. The bottom is the probability of the positive. So, we have the probability of positive mammogram. It's equal to 10.3. And the top part, the subtraction of them, is 0.8. So, if we divide the 0.8 by 10.3, it becomes... 0.078, if you round it.",kc5_bayes_update,kc5_bayes_update,correct,NA,NA,NA,NA,correct,NA,NA,NA,NA,NA,"Answer 0.078, correct, the narration garbled, the arithmetic sound, the given joint over the marginal. kc5 correct. No traps are set on this question, the flag columns stay not-applicable by design, and the full-catalogue sweep finds no off-schedule conceptions."
P22,9,10.3 percent of women in a given city have a positive mammogram. The probability that a woman in this city has both a positive mammogram and breast cancer is 0.8 percent. A mammogram given to a woman taken at random in this population was positive. What is the probability that she actually has breast cancer? Explain how you arrived at your answer.,"So the question asks, what's the probability of a woman having breast cancer given a positive mammogram result? And it gives us the probability, the joint probability of having a positive result and also having breast cancer, which is 0.8%. And the disease prevalence, the woman in the population that do have breast cancer, which is 10.3%. So we can just use the conditional probability law or something. I forgot the exact name, but basically what it says is that P of A given B is the same as the joint probability of A and B over the probability of B, where A here is D and B is the positive result. Yeah. So the probability of a woman having breast cancer and testing positive, that's 0.8% divided by the probability of disease prevalence, which is going to be 10.3%. And that gives us 7.77%.",kc5_bayes_update,kc5_bayes_update,correct,NA,NA,NA,NA,correct,NA,NA,NA,NA,NA,"Answer 7.77 percent, correct, the joint over the marginal, with the 10.3 mislabelled prevalence in passing, a fluency note. kc5 correct. No traps are set on this question, the flag columns stay not-applicable by design, and the full-catalogue sweep finds no off-schedule conceptions."
P23,9,10.3 percent of women in a given city have a positive mammogram. The probability that a woman in this city has both a positive mammogram and breast cancer is 0.8 percent. A mammogram given to a woman taken at random in this population was positive. What is the probability that she actually has breast cancer? Explain how you arrived at your answer.,"So, this is 2 events. So, basically the 10.3% times 0.8%. So, it means 113 times 8 over 1000. So, it is 824 over 1000. So, it is 82.4%.",kc5_bayes_update,kc3_joint_chain;kc5_bayes_update,wrong,NA,NA,wrong,NA,wrong,NA,NA,NA,NA,NA,"Answer 82.4 percent, wrong, the two givens multiplied, 10.3 times 0.8 through a unit soup, a fabricated product offered as the posterior, kc5 wrong. No traps are set on this question, the flag columns stay not-applicable by design, and the full-catalogue sweep finds no off-schedule conceptions. Review on ruling, kc3 wrong added beside the standing kc5 wrong, the item leaving no room for misinterpretation, the joint and marginal handed over labeled with one division demanded, so the this-is-2-events declaration is a charged kind-conflation, not an honorable construal, the conditional target read as a co-occurrence, kc3's register, and the enacted multiply an unsound update act delivering a product for the demanded division, kc5's register, two displayed elements, two homes, with the room criterion recorded, construal bypasses require item-side room for the reading, and where the item leaves none, the same parse charges rather than bypasses, which is what separates this row from their Q11."
P24,9,10.3 percent of women in a given city have a positive mammogram. The probability that a woman in this city has both a positive mammogram and breast cancer is 0.8 percent. A mammogram given to a woman taken at random in this population was positive. What is the probability that she actually has breast cancer? Explain how you arrived at your answer.,"So the probability that a person who has a positive mammogram actually has breast cancer is calculated as 0.8 in the numerator divided by 10.3 in the denominator, which gives a probability of 7.7% approximately. Yeah, the way I've gone to this operation is 0.8 is the people that have both a positive mammogram and breast cancer, and the denominator is the people who have a positive mammogram.",kc5_bayes_update,kc5_bayes_update,correct,NA,NA,NA,NA,correct,NA,NA,NA,NA,NA,"Answer 7.7 percent, correct, with both meanings stated, the numerator as the people with both, the denominator as the people with positive mammograms. kc5 correct. No traps are set on this question, the flag columns stay not-applicable by design, and the full-catalogue sweep finds no off-schedule conceptions."
P25,9,10.3 percent of women in a given city have a positive mammogram. The probability that a woman in this city has both a positive mammogram and breast cancer is 0.8 percent. A mammogram given to a woman taken at random in this population was positive. What is the probability that she actually has breast cancer? Explain how you arrived at your answer.,"So the answer to that is 7.76%. And the way I arrived at that answer is as follows. So we know that the probability that a mammogram is going to be positive is 10.3%. And we also know that we have a positive mammogram and that person has cancer is 0.8%. So that's the probability that a person has cancer multiplied by the probability that the mammogram is positive is 0.8%. If we just want to calculate the probability that the person has cancer, given that the mammogram is positive, we divide 0.8% by 10.3%, which gives us 7.76%. And that, according to me, is the probability that the person has cancer, given that the mammogram is positive.",kc5_bayes_update,kc5_bayes_update,correct,NA,NA,NA,NA,correct,NA,NA,NA,NA,NA,"Answer 7.76 percent, correct, with the independence gloss in passing, the joint narrated as a product, and the correct division performed regardless, flourish noted, kc5 correct. No traps are set on this question, the flag columns stay not-applicable by design, and the full-catalogue sweep finds no off-schedule conceptions."
P26,9,10.3 percent of women in a given city have a positive mammogram. The probability that a woman in this city has both a positive mammogram and breast cancer is 0.8 percent. A mammogram given to a woman taken at random in this population was positive. What is the probability that she actually has breast cancer? Explain how you arrived at your answer.,"I think that answer would still be 0.8%. So it says that for a woman to have both breast cancer and a positive mammogram, the probability is 0.8%. And here it says that what is the probability that for the woman to have cancer given that it's a positive mammogram? So it's essentially a different phrasing of the previous statement. So I think it's 0.8%.",kc5_bayes_update,kc3_joint_chain,wrong,NA,NA,wrong,NA,NA,NA,NA,NA,NA,NA,"Answer 0.8 percent, wrong, with the identity asserted outright, the conditional called essentially a different phrasing of the joint statement. The kind-boundary collapsed in words, the sharpest construal on the item, kc3 wrong, kc5 not engaged under the construed task, and the sweep notes this is the joint-conditional collapse, not the two-directions symmetry, no inverse fire, the demarcation holding. No traps are set on this question, the flag columns stay not-applicable by design, and the full-catalogue sweep finds no off-schedule conceptions."
P01,10,Two machines M-1 and M-2 produce balls. Machine M-1 produces 40 percent and M-2 60 percent of balls. 5 percent of the balls produced by M-1 and 1 percent of those produced by M-2 are defective. We take a ball at random and it is defective. What is the probability that the ball was produced by machine M-1? Explain how you arrived at your answer.,"So, because 40% of balls are produced by M1 and 5% of the balls produced by M1 are defective, so I just multiplied 40% times 5% and I got 2%, which means that the probability that the ball is defective and produced by M1 is 2%.",kc1_sample_space;kc2_conditioning;kc3_joint_chain;kc4_total_probability;kc5_bayes_update,kc1_sample_space;kc3_joint_chain,wrong,correct,NA,wrong,NA,NA,NA,NA,NA,NA,NA,"Answer 2 percent, wrong, one product performed and the result labelled in their own words as the probability that the ball is defective and produced by M1, the joint answered and named where the conditional was posed, the target construal, kc3 wrong, with the data read correctly, kc1 correct, and no restriction, assembly, or division act displayed under their construed task, kc2, kc4, kc5 not engaged. Flags, base_rate_neglect quiet and denominator_neglect quiet, the prior entering the machinery and the evidence assembled from both weighted branches, or the failure living elsewhere, both conceptions affirmatively absent. Sweep, no off-schedule conceptions on this turn. Habitat rule applied, both trap cells not-applicable, their construed joint-task closed the pool and prior habitats before they opened, no opportunity, no evidence."
P02,10,Two machines M-1 and M-2 produce balls. Machine M-1 produces 40 percent and M-2 60 percent of balls. 5 percent of the balls produced by M-1 and 1 percent of those produced by M-2 are defective. We take a ball at random and it is defective. What is the probability that the ball was produced by machine M-1? Explain how you arrived at your answer.,okay so in this case we want to know that the probability of a defective ball being produced by machine one. hence the probability that we want to calculate is m1 given that is defective we can use base theorem and calculate this probability as m1 given defective is equal to the probability of a defective ball coming from machine one multiplied by the probability of a ball being produced by machine one and divided by the probability of a defective ball overall. the first quantity which is the probability of a defective ball coming from machine one is given as five percent and this is multiplied by the probability of a ball being produced by machine one which is again given as 40 percent we have to multiply these quantities and then divide it by the probability of a ball being defective which in this case have to be calculated. so let's take a sample of 100 balls if we have 40 percent chance that is coming from machine one and five percent of those balls are defective then the probability in this case or sorry the number the total number of balls that are defective coming from machine one are exactly two balls in addition we have defective balls coming from machine two which is 60 balls multiplies multiplied by one percent which is 0.6 we add those two quantities so 2 plus 0.6 and this gives us 2.6 out of 100 so 2.6 percent. and we divide the the first uh two quantities that we multiplied together which were 0.05 times 0.4 by this new quantity which is 0.026 and this gives us the probability of a ball being produced by machine one and based on the fact that it is defective is 76.9 percent,kc1_sample_space;kc2_conditioning;kc3_joint_chain;kc4_total_probability;kc5_bayes_update,kc1_sample_space;kc2_conditioning;kc3_joint_chain;kc4_total_probability;kc5_bayes_update,correct,correct,correct,correct,correct,correct,NA,NA,NA,quiet,quiet,"Answer 76.9 percent, correct, full Bayes in a hundred-ball frame, two defective from M1 and 0.6 from M2, summed to 2.6 and the M1 share divided over it. All five concepts displayed and sound. Flags, base_rate_neglect quiet and denominator_neglect quiet, the prior entering the machinery and the evidence assembled from both weighted branches, or the failure living elsewhere, both conceptions affirmatively absent. Sweep, no off-schedule conceptions on this turn."
P03,10,Two machines M-1 and M-2 produce balls. Machine M-1 produces 40 percent and M-2 60 percent of balls. 5 percent of the balls produced by M-1 and 1 percent of those produced by M-2 are defective. We take a ball at random and it is defective. What is the probability that the ball was produced by machine M-1? Explain how you arrived at your answer.,I feel like the question is trying to confuse me by asking me all about like the defective stuff but we have to assume at the start that we have chosen the ball and it's already defective so we have to disregard all of the probability questions about I guess like the total is not going to be 100 the total is going to be well once again I've assumed that there's like 100 balls which is obviously not the case but that's I'm going to like oversimplify it um that doesn't really matter we're just going to consider that we are picking out from six balls since that's six percent um and I'm just going to say five divided by six so like five out of six balls that's the probability that the ball is produced by machine m1 because that's five percent of balls produced by m1 and one percent of those produced by m2 are defective so I calculated it and basically six out of 100 balls are going to be defective but since we've already classified I guess that like win condition if you can't call the win condition like that the total our new total is going to be um six so if you're looking at six balls and five of them are going to be defective because of m1 and one of them are going to be defective like one it's going to be defective due to m2 so I'm just going to say five out of six because five were defective or like initially five percent were defective by m1 um if that makes sense so five divided by six is my final answer,kc1_sample_space;kc2_conditioning;kc3_joint_chain;kc4_total_probability;kc5_bayes_update,kc1_sample_space;kc2_conditioning;kc3_joint_chain;kc5_bayes_update,wrong,correct,correct,wrong,NA,correct,NA,NA,NA,NA,NA,"Answer 5 over 6, wrong, by a construal, the stated conditional rates read as joint counts, five defective-and-M1 balls and one defective-and-M2 ball per hundred overall, the conditional-as-joint kind change, kc3 wrong per the demarcation, threshold-exempt. Their opening, assume it is defective and disregard the probability questions, is a restriction-then-count method statement, kc2 correct for the conditioning move, and within their construed counts the flat sum and the five-of-six ratio are sound, no weighting demanded in-world, kc4 not engaged, kc5 correct, the data identified, kc1 correct. Flags, both quiet, the unweighting is the construal's artifact under the bypass precedent, not a sizes-play-no-role conception, and the disregard line is a method statement, not a prior dismissal, the machine shares never dismissed as irrelevant to a judgment. Sweep, no off-schedule conceptions on this turn. Review, both flags not-applicable, the counts-construal closed both habitats, no weighting demanded and no prior-update faced inside their construed world."
P04,10,Two machines M-1 and M-2 produce balls. Machine M-1 produces 40 percent and M-2 60 percent of balls. 5 percent of the balls produced by M-1 and 1 percent of those produced by M-2 are defective. We take a ball at random and it is defective. What is the probability that the ball was produced by machine M-1? Explain how you arrived at your answer.,"All right, let's define the events as M1 being the selected ball being produced by machine 1, M2 as obviously the ball selected as being produced by machine M2, the conditional probability is d, so d is the ball selected is defective, p d given M1 is 0.05, pd given M2 is 0.01, the question asks for p M1 given d, that is by Bayes theorem we can write p d given M1 times p M1 over p d, and that gives the equation, so pd can be again written by p d given M1 times p M1 plus p d given M2 times p M2. all of this simplifies the answer which is pM1 given d into 0.7692.",kc1_sample_space;kc2_conditioning;kc3_joint_chain;kc4_total_probability;kc5_bayes_update,kc1_sample_space;kc2_conditioning;kc3_joint_chain;kc4_total_probability;kc5_bayes_update,correct,correct,correct,correct,correct,correct,NA,NA,NA,quiet,quiet,"Answer 0.7692, correct, events defined, both conditionals stated, Bayes written with the total-probability denominator and evaluated. All five sound. Flags, base_rate_neglect quiet and denominator_neglect quiet, the prior entering the machinery and the evidence assembled from both weighted branches, or the failure living elsewhere, both conceptions affirmatively absent. Sweep, no off-schedule conceptions on this turn."
P05,10,Two machines M-1 and M-2 produce balls. Machine M-1 produces 40 percent and M-2 60 percent of balls. 5 percent of the balls produced by M-1 and 1 percent of those produced by M-2 are defective. We take a ball at random and it is defective. What is the probability that the ball was produced by machine M-1? Explain how you arrived at your answer.,"So my final answer is 0.065. So it first calculates the probability that it's defective, which is 40% times 5% plus 6% times 1%, which gives you 0.026, and then you did do 0.026 divided by 0.4, which is the amount of balls that M1 produced. So 0.026 over 0.4 is 0.065.",kc1_sample_space;kc2_conditioning;kc3_joint_chain;kc4_total_probability;kc5_bayes_update,kc1_sample_space;kc2_conditioning;kc3_joint_chain;kc4_total_probability;kc5_bayes_update,wrong,correct,correct,correct,correct,wrong,NA,NA,NA,quiet,quiet,"Answer 0.065, wrong. The evidence total is built correctly, 0.026 from both weighted branches, kc4 correct, the products sound, kc3 correct, and the final division scrambles the roles, the evidence divided by the prior, a quantity that answers nothing, the division act itself the failure, kc5 wrong. Flags, base_rate_neglect quiet and denominator_neglect quiet, the prior entering the machinery and the evidence assembled from both weighted branches, or the failure living elsewhere, both conceptions affirmatively absent. Sweep, no off-schedule conceptions, the inverse checked and null, their division is evidence over prior, a role scramble, not the transpose, which would have been answering the five percent, an answer nobody on the item gave."
P06,10,Two machines M-1 and M-2 produce balls. Machine M-1 produces 40 percent and M-2 60 percent of balls. 5 percent of the balls produced by M-1 and 1 percent of those produced by M-2 are defective. We take a ball at random and it is defective. What is the probability that the ball was produced by machine M-1? Explain how you arrived at your answer.,"I believe the answer is 10 divided by 13, because it is easiest to maybe first think of the whole, the share of the overall population of defect balls, or what is it, yes balls, and how they, how it consists of like the different machines. So let's think of the machines contributing defect balls. So that's like 5% for machine 1, and overall machine 1 produces 40% of balls. So we have 0.4 times 0.05, like kind of contribution to the probability from machine 1 of defect balls. Same for M2, it produces 60% of balls with a 1% defect rate, so its contribution will be 0.6 times 0.01. And now those are essentially the two contributions. And now those are essentially the two contributions. And now those are essentially the two contributions. And now we just, so we can sum these numbers up, and now simply the question is what is the contribution by M1, which is again the 0.4 times 0.05, and we just divide this over the overall share of faulty, or what is it, defective balls that we just calculated before.",kc1_sample_space;kc2_conditioning;kc3_joint_chain;kc4_total_probability;kc5_bayes_update,kc1_sample_space;kc2_conditioning;kc3_joint_chain;kc4_total_probability;kc5_bayes_update,correct,correct,correct,correct,correct,correct,NA,NA,NA,quiet,quiet,"Answer 10 over 13, correct, the two contributions built, summed, and the M1 contribution weighed over the total. All sound. Flags, base_rate_neglect quiet and denominator_neglect quiet, the prior entering the machinery and the evidence assembled from both weighted branches, or the failure living elsewhere, both conceptions affirmatively absent. Sweep, no off-schedule conceptions on this turn."
P07,10,Two machines M-1 and M-2 produce balls. Machine M-1 produces 40 percent and M-2 60 percent of balls. 5 percent of the balls produced by M-1 and 1 percent of those produced by M-2 are defective. We take a ball at random and it is defective. What is the probability that the ball was produced by machine M-1? Explain how you arrived at your answer.,"So in this problem, we have to calculate the probability of a ball is defective. So we have to calculate the probability of the ball was manufactured, was produced by machine 1, given that it is defective. So according to Bayes' theorem, we can write down as p m1 given d is equal to p d given m1 multiplied with p m1 . And in the denominator, we have p d given m1 multiplied with p m1 plus p d given m2 multiplied with p m2. So from the data we have, p m1 will be the probability of the ball produced by machine 1. And this is equal to 40%. And p d given m1 is 5%, which means the defective probability of machine 1. So the probability of the ball produced by machine 2 will be 60%. So p m2 will be 60%. And p d given m2  is 1%. So to plug the number in, we have on the numerator, we have 5% multiplied with 40%. And in the denominator, we have 5% multiplied with 40% plus 1% multiplied with 60%. And the final result will be 10 divided by 13. And it's equal to 76.92%. So the probability we have to find is 76.92%.",kc1_sample_space;kc2_conditioning;kc3_joint_chain;kc4_total_probability;kc5_bayes_update,kc1_sample_space;kc2_conditioning;kc3_joint_chain;kc4_total_probability;kc5_bayes_update,correct,correct,correct,correct,correct,correct,NA,NA,NA,quiet,quiet,"Answer 76.92 percent, correct, full Bayes with every term valued. All sound. Flags, base_rate_neglect quiet and denominator_neglect quiet, the prior entering the machinery and the evidence assembled from both weighted branches, or the failure living elsewhere, both conceptions affirmatively absent. Sweep, no off-schedule conceptions on this turn."
P08,10,Two machines M-1 and M-2 produce balls. Machine M-1 produces 40 percent and M-2 60 percent of balls. 5 percent of the balls produced by M-1 and 1 percent of those produced by M-2 are defective. We take a ball at random and it is defective. What is the probability that the ball was produced by machine M-1? Explain how you arrived at your answer.,"My answer is 77%. So if you take 100 balls that are being produced, M1 will have produced 40 of them, and M2 would have produced 60 of them. Of the 40 that M1 produced, 5% are defective, so that means 2 of the 100 are defective, and 38 that M1 had produced are not. Similarly, for M2, of the 60 balls that are being produced, 1% are defective, so 0.6 would be defective, and 59.4 would not. Given we know that 1 is defective, we're only looking at the defective ones, so that's 2 from M1 and 0.6 from M2. Add those together, there's 2.6 total. The 2 from M1 divided by the 2.6 is 77%.",kc1_sample_space;kc2_conditioning;kc3_joint_chain;kc4_total_probability;kc5_bayes_update,kc1_sample_space;kc2_conditioning;kc3_joint_chain;kc4_total_probability;kc5_bayes_update,correct,correct,correct,correct,correct,correct,NA,NA,NA,quiet,quiet,"Answer 77 percent, correct, natural frequencies, 2 of the 40 and 0.6 of the 60, 2 over 2.6. All sound. Flags, base_rate_neglect quiet and denominator_neglect quiet, the prior entering the machinery and the evidence assembled from both weighted branches, or the failure living elsewhere, both conceptions affirmatively absent. Sweep, no off-schedule conceptions on this turn."
P09,10,Two machines M-1 and M-2 produce balls. Machine M-1 produces 40 percent and M-2 60 percent of balls. 5 percent of the balls produced by M-1 and 1 percent of those produced by M-2 are defective. We take a ball at random and it is defective. What is the probability that the ball was produced by machine M-1? Explain how you arrived at your answer.,let's say we have a hundred balls in total and that leads to 40 balls produced by machine one and the other 60 is produced by machine two. Because the defective rate of machine one is five percent that leads to 40 times five percent which is eight defective balls produced by machine one and the uh according to the one percent defective rate of machine two that leads to um 60 times point point one that is only 0.6 defective balls. all right yes. so um we if we are going to produce 100 balls in total um we will have 0.6 plus um oh sorry the defective ball of machine one produces 3.2 so the total defective balls produced in total is 0.6 plus 3.2 which equals to three points um three points eight and we're drawing one defective ball from those and um. actually let's scale the probability like let's scale sorry no. i mean uh if we have a hundred balls we'll have 0.2 defective balls produced by m2 and 3.2  defective balls produced by m1. and uh the probability of drawing a defective ball from m1 is actually 3.2 out of 3.2 plus 0.3 that is 3.2 out of 3.8 which is 32 out of 38 which is 16 out of four uh 17 let's see that is 94.11 percent.,kc1_sample_space;kc2_conditioning;kc3_joint_chain;kc4_total_probability;kc5_bayes_update,kc1_sample_space;kc2_conditioning;kc3_joint_chain;kc4_total_probability;kc5_bayes_update,wrong,correct,correct,correct,correct,correct,NA,NA,NA,quiet,quiet,"Answer 94.11 percent, wrong, by arithmetic mutation on a sound structure. The M1 product is announced as 40 times 5 percent, first spoken as 8, then as 3.2, the M2 term correctly built as 0.6 then later drifts, and the sum and ratio are executed faithfully on their mutated inputs, with a final mis-simplification on top. Under your slip ruling the structure carries the credit, products, total, and division all conceived and performed, kc3, kc4, kc5 correct, the failure priced at question level, the item's bridge tally beside P18. Flags, base_rate_neglect quiet and denominator_neglect quiet, the prior entering the machinery and the evidence assembled from both weighted branches, or the failure living elsewhere, both conceptions affirmatively absent. Sweep, no off-schedule conceptions on this turn."
P10,10,Two machines M-1 and M-2 produce balls. Machine M-1 produces 40 percent and M-2 60 percent of balls. 5 percent of the balls produced by M-1 and 1 percent of those produced by M-2 are defective. We take a ball at random and it is defective. What is the probability that the ball was produced by machine M-1? Explain how you arrived at your answer.,"So, we need to expand the expression again. So, the probability of being defected, given that it was produced by M1, times the probability of getting produced by M1, is equal to the probability of M1, given that it was defected, times the probability of actually being defected. So, the probability of actually being defected needs to be expanded fully. So, 0.4 times 5% of them are actually defected, 0.05, given that it was 0.02, plus the probability of getting produced by M1 and being defected is 0.006 after the multiplication. So, if we add that, we get 0.026. And on the other side, we have the probability of being defected, given that it was produced by M1, is 0.05, and the probability of getting produced by M1 is 0.4, and if we multiply that together, and then divide, we get overall 10 over 13, which is 0.77.",kc1_sample_space;kc2_conditioning;kc3_joint_chain;kc4_total_probability;kc5_bayes_update,kc1_sample_space;kc2_conditioning;kc3_joint_chain;kc4_total_probability;kc5_bayes_update,correct,correct,correct,correct,correct,correct,NA,NA,NA,quiet,quiet,"Answer 10 over 13, correct, the expansion narrated to 0.026 and the division performed, with one machine-label slip mid-stream read as fluency. All sound. Flags, base_rate_neglect quiet and denominator_neglect quiet, the prior entering the machinery and the evidence assembled from both weighted branches, or the failure living elsewhere, both conceptions affirmatively absent. Sweep, no off-schedule conceptions on this turn."
P11,10,Two machines M-1 and M-2 produce balls. Machine M-1 produces 40 percent and M-2 60 percent of balls. 5 percent of the balls produced by M-1 and 1 percent of those produced by M-2 are defective. We take a ball at random and it is defective. What is the probability that the ball was produced by machine M-1? Explain how you arrived at your answer.,"Okay, so 40% come from M1 and 60% come from M2. The probability of a defect given M1 is 5%, the probability of a defect given M2 is 1%. So the total proportion of defects contributed by M1 is 2%, so 2% of all balls are defective, and that's the contribution from M1. And the contribution from M2 is 0.6%. That would come from multiplying the probability M2 by probability of defect given M2 and probability M1 by probability of defect given M1. And then get the proportion or the probability that M1 is given that it's defective. So we know now that there is a total chance that it's defective of 2.6%, and the probability of that defect coming from M1 is the 2%. over the 2.6%, and that gives us 10 over 13.",kc1_sample_space;kc2_conditioning;kc3_joint_chain;kc4_total_probability;kc5_bayes_update,kc1_sample_space;kc2_conditioning;kc3_joint_chain;kc4_total_probability;kc5_bayes_update,correct,correct,correct,correct,correct,correct,NA,NA,NA,quiet,quiet,"Answer 10 over 13, correct, the contributions named as products of share and rate, 2 over 2.6. All sound. Flags, base_rate_neglect quiet and denominator_neglect quiet, the prior entering the machinery and the evidence assembled from both weighted branches, or the failure living elsewhere, both conceptions affirmatively absent. Sweep, no off-schedule conceptions on this turn."
P12,10,Two machines M-1 and M-2 produce balls. Machine M-1 produces 40 percent and M-2 60 percent of balls. 5 percent of the balls produced by M-1 and 1 percent of those produced by M-2 are defective. We take a ball at random and it is defective. What is the probability that the ball was produced by machine M-1? Explain how you arrived at your answer.,"Okay, so the answer is 0.769 and I arrived at the answer by considering by using Bayes' theorem, of course and I consider the conditional probability that machine 1 given defect and this equals to the probability of machine 1 intersected with defect divided by the probability of defect. And to calculate the probability of defect we can compute this as the probability of defect intersection machine 1 and we add to that the probability of defect intersection machine M2. And then the probability of an intersection is equal to the probability to the conditional probability times the probability of the prior. And using that we arrive at the answer and similarly we arrive at the value of probability of M1 intersection D.",kc1_sample_space;kc2_conditioning;kc3_joint_chain;kc4_total_probability;kc5_bayes_update,kc1_sample_space;kc2_conditioning;kc3_joint_chain;kc4_total_probability;kc5_bayes_update,correct,correct,correct,correct,correct,correct,NA,NA,NA,quiet,quiet,"Answer 0.769, correct, Bayes with the chain rule stated abstractly and applied, intersections as conditional times prior. All sound. Flags, base_rate_neglect quiet and denominator_neglect quiet, the prior entering the machinery and the evidence assembled from both weighted branches, or the failure living elsewhere, both conceptions affirmatively absent. Sweep, no off-schedule conceptions on this turn."
P13,10,Two machines M-1 and M-2 produce balls. Machine M-1 produces 40 percent and M-2 60 percent of balls. 5 percent of the balls produced by M-1 and 1 percent of those produced by M-2 are defective. We take a ball at random and it is defective. What is the probability that the ball was produced by machine M-1? Explain how you arrived at your answer.,"I think the probability that the ball is produced by machine M1 is about 10 out of 13. The reason why is that if you find a ball is defective, there are two probabilities. The first probability comes from this ball is produced by M1. And another probability that this ball is produced by M2. For M1, the probability will be 40% x 5% is about 2%. And for the second probability that 60% x 1% is about 0.6%. And given that we are talking about the defective things. So the total probability... The total probability will be 2% add the 0.6%. And we use the probability of M1 to divide it by the total probability will be 2% divided by 2.6%. And the result will be 10 by 13.",kc1_sample_space;kc2_conditioning;kc3_joint_chain;kc4_total_probability;kc5_bayes_update,kc1_sample_space;kc2_conditioning;kc3_joint_chain;kc4_total_probability;kc5_bayes_update,correct,correct,correct,correct,correct,correct,NA,NA,NA,quiet,quiet,"Answer 10 by 13, correct, both contributions computed, the total formed, the ratio taken, with numbers at every step. All sound. Flags, base_rate_neglect quiet and denominator_neglect quiet, the prior entering the machinery and the evidence assembled from both weighted branches, or the failure living elsewhere, both conceptions affirmatively absent. Sweep, no off-schedule conceptions on this turn."
P14,10,Two machines M-1 and M-2 produce balls. Machine M-1 produces 40 percent and M-2 60 percent of balls. 5 percent of the balls produced by M-1 and 1 percent of those produced by M-2 are defective. We take a ball at random and it is defective. What is the probability that the ball was produced by machine M-1? Explain how you arrived at your answer.,"Let's imagine a thousand balls produced by these two machines. Machine M1 would produce 400 balls, of which 5%, or 20, are defective. Machine M2 would produce 600 balls, of which 1%, or 6, are defective. So out of these thousand balls, there would be 20 plus 6, or 26, defective balls, of which 20 were produced by M1. So if you take a ball at random and it is defective, the probability that it is produced by M1 is 20 out of 26, or about 77%.",kc1_sample_space;kc2_conditioning;kc3_joint_chain;kc4_total_probability;kc5_bayes_update,kc1_sample_space;kc2_conditioning;kc3_joint_chain;kc4_total_probability;kc5_bayes_update,correct,correct,correct,correct,correct,correct,NA,NA,NA,quiet,quiet,"Answer 20 out of 26, correct, the thousand-ball frame, 20 and 6 defective, 26 total. All sound. Flags, base_rate_neglect quiet and denominator_neglect quiet, the prior entering the machinery and the evidence assembled from both weighted branches, or the failure living elsewhere, both conceptions affirmatively absent. Sweep, no off-schedule conceptions on this turn."
P15,10,Two machines M-1 and M-2 produce balls. Machine M-1 produces 40 percent and M-2 60 percent of balls. 5 percent of the balls produced by M-1 and 1 percent of those produced by M-2 are defective. We take a ball at random and it is defective. What is the probability that the ball was produced by machine M-1? Explain how you arrived at your answer.,"So for the convenience, let's assume we have 100 balls in total, so M1 produces 60 balls, and M2 produces, oh sorry, M1 produces 40 balls, and M2 produces 60 balls. So 5% of balls produced by M1 are defective, which means we have 2 balls out of 100 produced by M1 that are defective, and 1% of balls produced by M2 are defective, which means it's going to be 0.6 balls out of 100 that are produced by M1, and they are defective. So if we have it at random, we only have... We can only get either these 2 balls from M1 or these 0.6 balls from M2. So we say it's 2 divided by 100 multiplied by 0.6 divided by 100, and we get 1.2 multiplied by 10 to the degree minus 4.",kc1_sample_space;kc2_conditioning;kc3_joint_chain;kc4_total_probability;kc5_bayes_update,kc1_sample_space;kc2_conditioning;kc3_joint_chain;kc4_total_probability,wrong,correct,correct,correct,wrong,NA,NA,NA,NA,NA,quiet,"Answer 1.2 times ten to the minus four, wrong. Both counts are built correctly and weighted, 2 of the hundred from M1 and 0.6 from M2, kc3 correct, and then the two exclusive branches are multiplied, their fourth consecutive multiply-instead-of-combine, kc4 wrong, with no separate updating act to grade, kc5 not engaged. Flags, base_rate_neglect quiet and denominator_neglect quiet, the prior entering the machinery and the evidence assembled from both weighted branches, or the failure living elsewhere, both conceptions affirmatively absent. Sweep, no off-schedule conceptions on this turn. Review, denominator_neglect not-applicable on the pool-unformed ground, both weighted branch-joints built and labeled but no total ever formed, the negation incomplete, the composition-awareness preserved here and credited at kc3, the P13-Q8 gradient's consistent line, base_rate_neglect quiet standing on the load-bearing scaffold."
P16,10,Two machines M-1 and M-2 produce balls. Machine M-1 produces 40 percent and M-2 60 percent of balls. 5 percent of the balls produced by M-1 and 1 percent of those produced by M-2 are defective. We take a ball at random and it is defective. What is the probability that the ball was produced by machine M-1? Explain how you arrived at your answer.,The probability that this ball is produced by machine M1 is 40%. I arrived to this answer based on the probability of the numbers that achieved that balls are produced by machine M1.,kc1_sample_space;kc2_conditioning;kc3_joint_chain;kc4_total_probability;kc5_bayes_update,kc5_bayes_update,wrong,NA,NA,NA,NA,wrong,NA,NA,NA,NA,NA,"Answer 40 percent, wrong, the prior reported as the posterior, the defect evidence never entering, no evaluation of the evidence anywhere, the update act absent within a determinate attempt, kc5 wrong, and the single read of the 40 is the atomic read, below threshold, kc1 not engaged. Flags, base_rate_neglect quiet and denominator_neglect quiet, the prior entering the machinery and the evidence assembled from both weighted branches, or the failure living elsewhere, both conceptions affirmatively absent. Sweep, no off-schedule conceptions, with the flag logic stated for the record, their answer is the prior itself, which is the base-rate conception's exact opposite, the prior maximally present and the evidence inert, and the design's pre-registered position from the disease item's key applies, a prior-only answer is conservatism, wrong with no flag, evidence-neglect deliberately unflagged in this taxonomy, the failure carried at kc5. Review, both flags not-applicable, the bare prior-read never acknowledges the defective condition, no update faced, the P23 contrast recorded, their articulated hold kept the conservatism quiet, their bare read closes the habitat."
P17,10,Two machines M-1 and M-2 produce balls. Machine M-1 produces 40 percent and M-2 60 percent of balls. 5 percent of the balls produced by M-1 and 1 percent of those produced by M-2 are defective. We take a ball at random and it is defective. What is the probability that the ball was produced by machine M-1? Explain how you arrived at your answer.,"So, the answer is 10 over 13. Let's assume we have 1000 balls. So, M1 will produce 400 of them and M2 600 of them. Since M1 has 5% defect rate, it will produce 20 defective balls. And M2 has 1%, so 1% of 600 would be 6 defective balls. In total, we have 26, of which 20 will be produced by machine M1. So, if we take a defective ball, there's a 20 over 26 chance it is produced by M1. Or simplify it to 10 over 13.",kc1_sample_space;kc2_conditioning;kc3_joint_chain;kc4_total_probability;kc5_bayes_update,kc1_sample_space;kc2_conditioning;kc3_joint_chain;kc4_total_probability;kc5_bayes_update,correct,correct,correct,correct,correct,correct,NA,NA,NA,quiet,quiet,"Answer 10 over 13, correct, the thousand-ball frame, 20 and 6, 26. All sound. Flags, base_rate_neglect quiet and denominator_neglect quiet, the prior entering the machinery and the evidence assembled from both weighted branches, or the failure living elsewhere, both conceptions affirmatively absent. Sweep, no off-schedule conceptions on this turn."
P18,10,Two machines M-1 and M-2 produce balls. Machine M-1 produces 40 percent and M-2 60 percent of balls. 5 percent of the balls produced by M-1 and 1 percent of those produced by M-2 are defective. We take a ball at random and it is defective. What is the probability that the ball was produced by machine M-1? Explain how you arrived at your answer.,"So we're looking for the probability that it is produced by M1, given that it is defective. So first we look for the overall probability that the ball is defective. So in the case of machine 1, that would be 0.01 times 0.6. And in the case of machine 2, that would be 0.05 times 0.4. And in both cases, that's just a probability it's defective times the probability that that machine produces the ball. So overall, for the probability of getting a defective ball, we have 2.6%. And then out of that 2.6% of the time that we have a defective ball, how much of the time is it produced by machine 1? So we've got to divide the probability that it... It is defective and from machine 1 over the total probability that it is defective. And if we do that division, we get 7.69% of the time that it is produced by machine 1, given that the ball is defective.",kc1_sample_space;kc2_conditioning;kc3_joint_chain;kc4_total_probability;kc5_bayes_update,kc1_sample_space;kc2_conditioning;kc3_joint_chain;kc4_total_probability;kc5_bayes_update,wrong,correct,correct,correct,correct,correct,NA,NA,NA,quiet,quiet,"Answer stated as 7.69 percent, wrong by a factor of ten against their own machinery, which is sound throughout, the labels swapped in narration read as fluency, the totals right, the division described correctly, the readout slipping a decimal, traceable, all concepts correct, the failure priced at question level, a bridge tally. Flags, base_rate_neglect quiet and denominator_neglect quiet, the prior entering the machinery and the evidence assembled from both weighted branches, or the failure living elsewhere, both conceptions affirmatively absent. Sweep, no off-schedule conceptions on this turn."
P19,10,Two machines M-1 and M-2 produce balls. Machine M-1 produces 40 percent and M-2 60 percent of balls. 5 percent of the balls produced by M-1 and 1 percent of those produced by M-2 are defective. We take a ball at random and it is defective. What is the probability that the ball was produced by machine M-1? Explain how you arrived at your answer.,So we are asked to calculate what is the probability that a defective ball comes from M1 essentially. So probability that it comes from M1 given that it's defective. So in this scenario we can use Bayes' theorem. So first we need to look at what is the probability that a ball is defective given that it comes from machine M1 and we know from the question that five percent of balls produced by M1 are defective. So this translates to 0.05 times by the probability that the ball overall comes from M1 which from the question we know to be 40 percent or 0.4 divided by the probability that the ball is defective overall regardless of which machine it comes from. And to calculate this we can do 0.05 times 0.4 which will be the proportion of balls that are defective from M1 plus 0.6 times 0.01 which will be the proportion of balls that come from M2 which are defective. So let's calculate that 0.05 times 0.4 plus 0.6 times 0.01 which gives us 0.026 so let's put everything together. So let's do 0.05 times 0.4 divided by 0.026 which gives us an answer rounded up about 0.77.,kc1_sample_space;kc2_conditioning;kc3_joint_chain;kc4_total_probability;kc5_bayes_update,kc1_sample_space;kc2_conditioning;kc3_joint_chain;kc4_total_probability;kc5_bayes_update,correct,correct,correct,correct,correct,correct,NA,NA,NA,quiet,quiet,"Answer 0.77, correct, full Bayes narrated with both branch proportions and the division. All sound. Flags, base_rate_neglect quiet and denominator_neglect quiet, the prior entering the machinery and the evidence assembled from both weighted branches, or the failure living elsewhere, both conceptions affirmatively absent. Sweep, no off-schedule conceptions on this turn."
P20,10,Two machines M-1 and M-2 produce balls. Machine M-1 produces 40 percent and M-2 60 percent of balls. 5 percent of the balls produced by M-1 and 1 percent of those produced by M-2 are defective. We take a ball at random and it is defective. What is the probability that the ball was produced by machine M-1? Explain how you arrived at your answer.,"My answer is 10 over 13. So the whole calculation process is like we have known like M1 produced 40% and 5% of the balls M1 produced is defective. So the product of 40% and 5% is 2%, right. And we can calculate the defective rate for machine M2 in the same way. So it's like 60%, the product of 60% and 1% is 0.6%. So we can see the total amount, the total probability that we get a defective ball is like 2% plus 0.6% is like 2.6%. That's the total probability. And now the question is what is the probability that the ball was produced by machine M1. The defective ball was produced by machine M1. So we can use, so it's 2%, right. So we can calculate 2% over 2.6%. So it's equal to 10 over 13.",kc1_sample_space;kc2_conditioning;kc3_joint_chain;kc4_total_probability;kc5_bayes_update,kc1_sample_space;kc2_conditioning;kc3_joint_chain;kc4_total_probability;kc5_bayes_update,correct,correct,correct,correct,correct,correct,NA,NA,NA,quiet,quiet,"Answer 10 over 13, correct, the products, the total, the ratio. All sound. Flags, base_rate_neglect quiet and denominator_neglect quiet, the prior entering the machinery and the evidence assembled from both weighted branches, or the failure living elsewhere, both conceptions affirmatively absent. Sweep, no off-schedule conceptions on this turn."
P21,10,Two machines M-1 and M-2 produce balls. Machine M-1 produces 40 percent and M-2 60 percent of balls. 5 percent of the balls produced by M-1 and 1 percent of those produced by M-2 are defective. We take a ball at random and it is defective. What is the probability that the ball was produced by machine M-1? Explain how you arrived at your answer.,"Okay, again we have a tree. At first level, the first branch is machine one, the second branch is machine, second machine. 40% is the probability to go in the branch of the first machine and 60% to go through the branch of second machine. When you go to the branch of first machine, 5% is the probability for defective one and 95% for not defective one. Okay, if we go to the second branch, means the second machine, the total probability is 60 and defective, the second level, the defective one is 1% and not defective one is 99%. So, if we... If we take defective one, the total actually probability is from the first machine or second machine. The first machine is 40% to go to the first branch multiplied by 5% that it becomes defective. Plus 2, 60% goes to the second machine and 1% becomes defective. So, at the bottom, we have these numbers. At the top, we have... We want to calculate the first machine. So, the first machine going to the first branch is 40 and then defective one is 5%. So, 5% multiplied by 40%. So, at the top, we have 5 multiplied by 4. At the bottom, we have 5 multiplied by 4. Plus 1 multiplied by 6. So, at the end, we have 20 out of 26. And the end result is 0.77.",kc1_sample_space;kc2_conditioning;kc3_joint_chain;kc4_total_probability;kc5_bayes_update,kc1_sample_space;kc2_conditioning;kc3_joint_chain;kc4_total_probability;kc5_bayes_update,correct,correct,correct,correct,correct,correct,NA,NA,NA,quiet,quiet,"Answer 0.77, correct, the full tree, both branches at both levels, 20 out of 26. All sound. Flags, base_rate_neglect quiet and denominator_neglect quiet, the prior entering the machinery and the evidence assembled from both weighted branches, or the failure living elsewhere, both conceptions affirmatively absent. Sweep, no off-schedule conceptions on this turn."
P22,10,Two machines M-1 and M-2 produce balls. Machine M-1 produces 40 percent and M-2 60 percent of balls. 5 percent of the balls produced by M-1 and 1 percent of those produced by M-2 are defective. We take a ball at random and it is defective. What is the probability that the ball was produced by machine M-1? Explain how you arrived at your answer.,"so the question asks us about the probability of um so we pick a ball we find that it's defective uh so given given that knowledge uh what's the probability that it was made by machine one. uh and we're given the uh probability of um a general ball being made by machine one machine two. machine one is forty percent machine two is sixty percent. and uh given that they're made by each um machine what's the probability that it's defective so the probability of machine of the ball being defective given machine one is five percent. the probability of a ball being defective given machine two is one percent. um so we can use this rule uh to compute that value so in the numerator we're gonna have the uh probability of um a ball being defective and made by machine one over the probability uh of of a ball being effective in general uh so given that it's made by machine one or made by machine two. um so let's just complete the first term or the numerator which is uh the probability of d given m1 d here meaning defective times the probability of uh a ball made being made by machine one, so that's just 0.05 it's five percent times um 0.4 which is forty percent that gives us two percent so we'll just keep that in the numerator. and then the denominator which is the probability of a ball being effective in general is going to be the sum of two disjoint uh events which is uh a ball being defective and made by machine one uh and then the other event is a ball being defective and made by machine two uh and again we can compute that using the um conditional probability loss of the probability of evolving defective given that it's made by machine one times the probability of a ball being made by machine one plus the probability of a ball being defective uh given that it's made by machine two times the probability that it's made by machine two. um so that's just going to be uh two percent plus and then the second term is going to be uh one percent times 0.6 which is going to be uh 0.6 percent so 0.6. uh so the denominator is just going to be 2.6 percent. so two over so two percent over 2.6 percent that's just 76.9%.",kc1_sample_space;kc2_conditioning;kc3_joint_chain;kc4_total_probability;kc5_bayes_update,kc1_sample_space;kc2_conditioning;kc3_joint_chain;kc4_total_probability;kc5_bayes_update,correct,correct,correct,correct,correct,correct,NA,NA,NA,quiet,quiet,"Answer 76.9 percent, correct, the item's exemplar, the disjoint events named, the denominator assembled as their sum, the ratio taken. All sound. Flags, base_rate_neglect quiet and denominator_neglect quiet, the prior entering the machinery and the evidence assembled from both weighted branches, or the failure living elsewhere, both conceptions affirmatively absent. Sweep, no off-schedule conceptions on this turn."
P23,10,Two machines M-1 and M-2 produce balls. Machine M-1 produces 40 percent and M-2 60 percent of balls. 5 percent of the balls produced by M-1 and 1 percent of those produced by M-2 are defective. We take a ball at random and it is defective. What is the probability that the ball was produced by machine M-1? Explain how you arrived at your answer.,"So, it means that if we consider everything in terms of 100, there are 35, sorry, there are 5, sorry, yeah, there are 5 defective balls produced by M1, and there is only 1 defective ball produced by M2. If the ball is defective, the probability of that is 6 over 100, yes. So, the probability of a ball being defective is 6%, but the probability that this is produced by M1, so it is 5 over 6, because in total there are 6 defective balls. Half of them are defective. Half of them are produced by M1, so which means that it is 5%.",kc1_sample_space;kc2_conditioning;kc3_joint_chain;kc4_total_probability;kc5_bayes_update,kc1_sample_space;kc2_conditioning;kc3_joint_chain;kc5_bayes_update,wrong,correct,correct,wrong,NA,correct,NA,NA,NA,quiet,NA,"Answer 5 over 6, wrong, the same construal as P03, the conditional rates read as joint counts, five and one per hundred, kc3 wrong per the demarcation, with the flat sum and ratio sound on their construed counts, kc5 correct, kc4 not engaged in-world, the data identified, kc1 correct, kc2 correct for the conditioning frame. Flags, both quiet, the construal bypass, the shares never dismissed, merely absent from a construed world that had no place for them. Sweep, no off-schedule conceptions on this turn. Review, base_rate_neglect not-applicable, the scope-drop construal deleted the machine shares entirely, no prior ever in their world, the denominator quiet standing on the in-world pool, five plus one."
P24,10,Two machines M-1 and M-2 produce balls. Machine M-1 produces 40 percent and M-2 60 percent of balls. 5 percent of the balls produced by M-1 and 1 percent of those produced by M-2 are defective. We take a ball at random and it is defective. What is the probability that the ball was produced by machine M-1? Explain how you arrived at your answer.,"The result for this question is around 77%. The way I've calculated it is, in the numerator, the percentage of defected balls related to machine M1, and in the denominator, the percentage of defected balls from both machines. So, in the numerator, 40% of 5%, and in the denominator, in brackets, 40% of 5%, plus 60% of 1%. The first one being related to machine 1, and the second one being related to machine 2.",kc1_sample_space;kc2_conditioning;kc3_joint_chain;kc4_total_probability;kc5_bayes_update,kc1_sample_space;kc2_conditioning;kc3_joint_chain;kc4_total_probability;kc5_bayes_update,correct,correct,correct,correct,correct,correct,NA,NA,NA,quiet,quiet,"Answer 77 percent, correct, the formula stated with the meanings of numerator and denominator. All sound. Flags, base_rate_neglect quiet and denominator_neglect quiet, the prior entering the machinery and the evidence assembled from both weighted branches, or the failure living elsewhere, both conceptions affirmatively absent. Sweep, no off-schedule conceptions on this turn."
P25,10,Two machines M-1 and M-2 produce balls. Machine M-1 produces 40 percent and M-2 60 percent of balls. 5 percent of the balls produced by M-1 and 1 percent of those produced by M-2 are defective. We take a ball at random and it is defective. What is the probability that the ball was produced by machine M-1? Explain how you arrived at your answer.,"The answer to that is 76.9% and this is the way I solved this question. So, we know that we need to find the probability that the ball was produced by M1 given that it was defective. Now, let us look at what the total probability is here. The total probability is the ball being defective given that it was from M1 plus the ball being defective given that it was from M2. And that is, so for M1, that is 5% of 40% and for M2, that is 1% of 60%, right. And some of those form the denominator. What are we calculating here? The thing that we are calculating here is, I am sorry. The numerator then becomes the probability that the ball is defective given that it is from M1 into the probability of the ball being from M1, which is 5% of 40%. And when you simplify that, you get 20 by 26, which simplifies to 76.9%.",kc1_sample_space;kc2_conditioning;kc3_joint_chain;kc4_total_probability;kc5_bayes_update,kc1_sample_space;kc2_conditioning;kc3_joint_chain;kc4_total_probability;kc5_bayes_update,correct,correct,correct,correct,correct,correct,NA,NA,NA,quiet,quiet,"Answer 76.9 percent, correct, the full narration, 20 by 26. All sound. Flags, base_rate_neglect quiet and denominator_neglect quiet, the prior entering the machinery and the evidence assembled from both weighted branches, or the failure living elsewhere, both conceptions affirmatively absent. Sweep, no off-schedule conceptions on this turn."
P26,10,Two machines M-1 and M-2 produce balls. Machine M-1 produces 40 percent and M-2 60 percent of balls. 5 percent of the balls produced by M-1 and 1 percent of those produced by M-2 are defective. We take a ball at random and it is defective. What is the probability that the ball was produced by machine M-1? Explain how you arrived at your answer.,"as the probability would be around 0.77 around the significant figure so applying this theorem we first need to find the probability of getting a defect given it is from machine one given that is produced by machine one so that would be equal to five percent so 0.05 and then the probability of getting some balls produced by machine one is 0.4 and then divided by the probability of getting a defective which would be the probability of getting a defective product from machine one plus a probability of getting defective model plus from machine two so that would be equal to 0.026 so it is 0.4 multiplied by 0.05 plus 0.6 multiplied by 0.01 and this would lead to 0.026. So, 0.05 multiplied by 0.4 divided by 0.026 gives 0.772 rounded to the nearest, rounded to two significant figures.",kc1_sample_space;kc2_conditioning;kc3_joint_chain;kc4_total_probability;kc5_bayes_update,kc1_sample_space;kc2_conditioning;kc3_joint_chain;kc4_total_probability;kc5_bayes_update,correct,correct,correct,correct,correct,correct,NA,NA,NA,quiet,quiet,"Answer 0.77, correct, the formula complete, 0.026 assembled. All sound. Flags, base_rate_neglect quiet and denominator_neglect quiet, the prior entering the machinery and the evidence assembled from both weighted branches, or the failure living elsewhere, both conceptions affirmatively absent. Sweep, no off-schedule conceptions on this turn."
P01,11,"A witness sees a crime involving a taxi in a city. The witness says that the taxi is blue. It is known from previous research that witnesses are correct 80 percent of the time when making such statements. The police also know that 15 percent of the taxis in the city are blue, the other 85 percent being green. What is the probability that a blue taxi was involved in the crime? Explain how you arrived at your answer.",So I decided to use Bayes' theorem to solve this question. So it would be probability of the taxi being blue given that the person is correct. And I decided to solve this by multiplying the probability of someone being correct given that the taxi was indeed blue by the probability of the taxi being blue and I divided this by the probability of them being correct. And I used 15% divided by 80% and I got 0.1875 which is the probability that the blue taxi was indeed involved in the crime.,kc1_sample_space;kc2_conditioning;kc3_joint_chain;kc4_total_probability;kc5_bayes_update,kc1_sample_space;kc2_conditioning;kc3_joint_chain;kc5_bayes_update,wrong,correct,wrong,wrong,NA,wrong,NA,NA,NA,NA,NA,"Answer 0.1875, wrong in every available frame, against the key's 41, against the natural retained-report reading of their construal, where correctness about the blue claim entails blue, one hundred percent, and against their own displayed marginalised-report world, whose announced formula outputs 0.15. The world is sound, referents right, kc1 correct. The posed conditional is misidentified in words, the given installed as the person being correct where the stem poses the witness saying blue, kc2's identification register, kc2 wrong. The announced chain product, correct-given-blue times blue, is never performed, their executed value containing no product, the likelihood discarded, an announced act failing as an attempt under the two-condition test, raw givens never computed into anything, kc3 wrong. In their construed world the evidence is the given 0.8, no assembly demanded, kc4 not engaged. The executed division is prior-over-evidence read as the posterior, roles wrong-in-kind on their face, the division act itself the failure, kc5 wrong. Flags, base_rate_neglect quiet, the prior sits load-bearing in their numerator, the machinery moves with it, denominator_neglect quiet, no pool-free construction built or defended, the evidence slot a legitimate given in their world, conception, not incompetence. Sweep, no off-schedule conceptions. Habitat rule applied, both trap cells not-applicable, the collapsed pipeline never constituted a faced updating judgment and their construed world hands the evidence over as a given, the prior an ingredient in wreckage, not a weighed quantity, no opportunity, no evidence."
P02,11,"A witness sees a crime involving a taxi in a city. The witness says that the taxi is blue. It is known from previous research that witnesses are correct 80 percent of the time when making such statements. The police also know that 15 percent of the taxis in the city are blue, the other 85 percent being green. What is the probability that a blue taxi was involved in the crime? Explain how you arrived at your answer.",I think in this case the probability is simply 0.8 multiplied by 0.15 so it is basically saying that the probability that the taxi is blue and the witness is reliable which is 15% out of the out of 80 and that is that is 12%,kc1_sample_space;kc2_conditioning;kc3_joint_chain;kc4_total_probability;kc5_bayes_update,kc1_sample_space;kc3_joint_chain,wrong,correct,NA,wrong,NA,NA,NA,NA,NA,NA,NA,"Answer 12 percent, wrong. The referents are identified and named, the 0.15 as the blue share, the 0.8 as reliability, kc1 correct, one garbled phrase a fluency stumble beside an unambiguous product. The decisive act is the restatement, it is basically saying the probability that the taxi is blue and the witness is reliable, the posed conditional translated into a conjunction before computation, the kind-boundary lost at identification, kc3 wrong, threshold-exempt, the construal-solved mind, stage one broken, stage two flawless. Under their construed joint no pool and no division are demanded, kc4 and kc5 not engaged, the bypass, and no restriction or direction act appears, kc2 not engaged. Flags, both quiet, the prior inside their product doing work, no pool principle stated, the pool's absence their construal's artifact. Sweep, no off-schedule conceptions. Review, both flags not-applicable, the construed joint completes their task, no update faced, no pool demanded, the construal bypass."
P03,11,"A witness sees a crime involving a taxi in a city. The witness says that the taxi is blue. It is known from previous research that witnesses are correct 80 percent of the time when making such statements. The police also know that 15 percent of the taxis in the city are blue, the other 85 percent being green. What is the probability that a blue taxi was involved in the crime? Explain how you arrived at your answer.","I think it's just going to be 80% because the question is asking us what's the probability that a blue taxi was involved in a crime and it doesn't really matter how many taxis, blue taxis are in the city. I think it depends on what the witness has said and whether they're true or not because whether there's 15% of blue taxis in the city doesn't really matter in this case. What matters is what the witness has seen and whether that's true, whether that's correct. This might be wrong, but I think since they're correct 80% of the time, there's an 80% of probability that a blue taxi was involved in a crime because the two percentiles are independent from each other. Yeah, so I guess my answer is 80% probability that a blue taxi was involved in a crime because there's an 80% chance that the witness is correct.",kc1_sample_space;kc2_conditioning;kc3_joint_chain;kc4_total_probability;kc5_bayes_update,kc1_sample_space;kc4_total_probability;kc5_bayes_update,wrong,correct,NA,NA,wrong,wrong,NA,NA,NA,NA,fired,"Answer 80 percent, wrong, the articulated prior-dismissal, it doesn't really matter how many blue taxis are in the city, what matters is what the witness has seen, the two percentiles independent. Both quantities identified before one is dismissed, kc1 correct. No conditional structure of any kind appears, kc2 not engaged, no products, kc3 not engaged. The held-target world demands the says-blue pool and none is conceived, required-but-absent within a determinate attempt, kc4 wrong. A given rate offered as the posterior with the prior dismissed in words, the normalisation-recognition failure in judgment dress, kc5 wrong. Flags, base_rate_neglect fired, the conception as a stated principle, the prior identified, weighed, and declared irrelevant to the individual case, sitting beside kc5 wrong in the typical pairing, denominator_neglect quiet, no pool-free construction built or defended, the pool question never arising inside their evidence-only route, the absence priced at kc4. Sweep, nothing further. Review, denominator_neglect not-applicable, the evidence-only route never demands a pool, the base-rate fire standing on the articulated dismissal."
P04,11,"A witness sees a crime involving a taxi in a city. The witness says that the taxi is blue. It is known from previous research that witnesses are correct 80 percent of the time when making such statements. The police also know that 15 percent of the taxis in the city are blue, the other 85 percent being green. What is the probability that a blue taxi was involved in the crime? Explain how you arrived at your answer.","So, let's define the events as B, the taxi involved being blue. G, the taxi involved being green. and C, the witness being correct So, P c given B and P c given G both are 0.8 So, the quantity that we are after is P b given C by Bayes' theorem which will be equal to P c given B times P b over P c which will give 0.8 times 0.15 over 0.8 times 0.15 plus 0.8 times 0.85 or in probability space probability symbols like P c given B times P b in the numerator and denominator P c in the denominator will be P c which P c can also be written as P c given B times P b plus P c given G times P G. So, the final answer for P b given C and the answer to the question will be 0.15.",kc1_sample_space;kc2_conditioning;kc3_joint_chain;kc4_total_probability;kc5_bayes_update,kc1_sample_space;kc2_conditioning;kc3_joint_chain;kc4_total_probability;kc5_bayes_update,wrong,correct,wrong,correct,correct,correct,NA,NA,NA,quiet,quiet,"Answer 0.15, wrong against the key, exact within their construed problem. The world is sound and faithful, shares and symmetric accuracy attached to their owners, kc1 correct. The failure is the selection of which conditional the question poses, the given installed as the witness being correct where the stem poses the witness saying blue, a displayed identification act with a wrong output, kc2 wrong, and the substantive cost is real, conditioning on colour-symmetric correctness discards the report's information, the posterior collapsing to the prior, which their machinery then faithfully reveals. The chain products are built with dependence respected, kc3 correct, the evidence assembled as the full branch-weighted total, self-verifying against the given 0.8, kc4 correct, the division performed with sound roles and exact output in-world, kc5 correct, flawless machinery on a misidentified target, one failure, one home. Flags, both quiet, the prior load-bearing twice, the two-branch pool the conception's negation. Sweep, nothing further, with the P01 contrast noted, same construed world, one solved it, one collapsed. Review note, both quiets stand under the habitat semantics, their construal does not close the habitats because their construed task still demands the full apparatus and they supplies it, the pool assembled and valued, the prior weighed with the collapse to the prior faithfully revealed, construal-with-full-machinery keeping the habitats open, the contrast with the collapsed-pipeline cases recorded."
P05,11,"A witness sees a crime involving a taxi in a city. The witness says that the taxi is blue. It is known from previous research that witnesses are correct 80 percent of the time when making such statements. The police also know that 15 percent of the taxis in the city are blue, the other 85 percent being green. What is the probability that a blue taxi was involved in the crime? Explain how you arrived at your answer.","So I got the answer as 0.29. I did 0.8 times 0.15, which is the probability of getting right and being a green taxi, plus 0.2 times 0.85, which is the probability of getting it wrong, and then saying it's a green taxi. So I got 0.29 as the answer.",kc1_sample_space;kc2_conditioning;kc3_joint_chain;kc4_total_probability;kc5_bayes_update,kc1_sample_space;kc2_conditioning;kc3_joint_chain;kc4_total_probability,wrong,correct,wrong,correct,correct,NA,NA,NA,NA,NA,NA,"Answer 29 percent, wrong. The world and referents are sound, and the branch labels garble while the values compute the right routes, fluency, kc1 correct. The posed conditional is never identified as the target, the report's marginal solved in its place, and the construction itself testifies, the green-and-mistaken branch only belongs in a says-blue quantity, the in-world coherence test, kc2 wrong, the what-to-solve register. Both chain products exact, kc3 correct, the pool assembled and weighted to 0.29 perfectly, kc4 correct, and in their construed task the marginal completes the work, no division demanded, kc5 not engaged, the bypass. Flags, both quiet, the prior load-bearing in both branches, the pool built being the denominator conception's exact negation, with the irony recorded, they built the denominator and mistook it for the answer. Sweep, nothing further. Review, both flags not-applicable, their construed task is the marginal itself, the pool as deliverable, no update anywhere in their world, the habitats closed by construal, the contrast with P04's update-preserving construal recorded, the pool they builds credited at kc4."
P06,11,"A witness sees a crime involving a taxi in a city. The witness says that the taxi is blue. It is known from previous research that witnesses are correct 80 percent of the time when making such statements. The police also know that 15 percent of the taxis in the city are blue, the other 85 percent being green. What is the probability that a blue taxi was involved in the crime? Explain how you arrived at your answer.","I believe the response is 3 divided by 25, because the witness claims the taxi was blue, and we know for a fact that 15% of taxis are actually blue. But now we know that actually 20% of the times the witness is wrong about this, so only in 80%, wait, let me reconsider that, yeah, no, essentially, so like only in, so generally there's 15% blue taxis that could have been like involved in the crime overall. And now the witness claims that it was blue, but we know they only ride 80% of times. So we multiply the 0.15 with 0.8 to arrive at 3 over 25.",kc1_sample_space;kc2_conditioning;kc3_joint_chain;kc4_total_probability;kc5_bayes_update,kc1_sample_space;kc3_joint_chain,wrong,correct,NA,wrong,NA,NA,NA,NA,NA,NA,NA,"Answer 12 percent, wrong. The two givens are named for what they are, kc1 correct. No restatement into a conjunction appears, and no held conditional target is articulated either, the reconsideration abandoned mid-sentence, so no identification act exists to grade, kc2 not engaged, and the bare two-factor product sits below threshold, kc3 not engaged. The posed problem's demands stand unrewritten, and within their determinate attempt the pool is never conceived and no normalisation appears, required-but-absent, kc4 wrong, kc5 wrong, the machinery-absent ground rather than a displayed held-target act. Flags, both quiet, the prior half their product and load-bearing, the discount even running the right direction, no pool principle stated. Sweep, nothing further. Review, denominator_neglect not-applicable, the discount-multiply demands no pool, and base_rate_neglect held quiet on the applied reading, the multiply being prior-times-likelihood, an update-shaped act with the prior discounted inside it, the applied class, the contrast with their own Q12 articulation recorded. Review sweep, base_rate_neglect re-keyed to not-applicable under the articulation carve-out, the discount-multiply is a joint product facing no prior-versus-evidence judgment, and no posterior-direction claim appears, motive-ish framing without the reasoned pull, the habitat closed for the silent multiplier. Review re-key on ruling, the joint construal read, anchored by their own articulated instances, Q5's meet-the-conditions-set restatement and Q6's the-chances-that-both-are-an-ace, the conditional parsed as the joint in their own words on both machinery-demanding items, the handed Q9 division weak counter-evidence precisely because it never tests the parse under load, kc3 wrong for the construal, kc4 and kc5 re-keyed to not-applicable, the construal deleting the posed update's demands, the flags standing at not-applicable, the Q8 and Q12 fires untouched."
P07,11,"A witness sees a crime involving a taxi in a city. The witness says that the taxi is blue. It is known from previous research that witnesses are correct 80 percent of the time when making such statements. The police also know that 15 percent of the taxis in the city are blue, the other 85 percent being green. What is the probability that a blue taxi was involved in the crime? Explain how you arrived at your answer.","So in this problem, we have to calculate the probability of a blue taxi that was involved in the cram. So according to Bayes' theorem, we can write it down like probability of blue given in cram is equal to p of cram given blue multiplied with p of blue. And the denominator will be p of cram given blue multiplied with p of blue plus p of cram given green multiplied with p of green. And the final number, and we can plug in the number. So the probability of a blue taxi is 15%. And the probability of the cram, which is blue, is 80%. And the probability of green taxis will be 55%. And the probability of the cram that is green is 20%. So we can calculate when we plug in the number into the equation. And the final number, and we can plug in the number into the equation. And the final number, and we can plug in the number into the equation. And teh final result will be 12 divided by 29 and it's approximately 41.38%.",kc1_sample_space;kc2_conditioning;kc3_joint_chain;kc4_total_probability;kc5_bayes_update,kc1_sample_space;kc2_conditioning;kc3_joint_chain;kc4_total_probability;kc5_bayes_update,correct,correct,correct,correct,correct,correct,NA,NA,NA,quiet,quiet,"Answer 12 over 29, roughly 41.38 percent, correct and exact. The posed conditional is named in full at the outset, target and given, honoured by everything downstream, kc2 correct, the world sound with one misspoken 55 adjudicated by the execution test, their computed 0.17 requires 0.85, kc1 correct. Both chain products built with dependence respected, kc3 correct, the evidence assembled from both routes to 0.29, kc4 correct, the division performed with sound roles to the exact posterior, kc5 correct. Flags, both quiet affirmatively, the prior load-bearing, the pool built, weighted, and divided by. Sweep, nothing further."
P08,11,"A witness sees a crime involving a taxi in a city. The witness says that the taxi is blue. It is known from previous research that witnesses are correct 80 percent of the time when making such statements. The police also know that 15 percent of the taxis in the city are blue, the other 85 percent being green. What is the probability that a blue taxi was involved in the crime? Explain how you arrived at your answer.",I'm struggling to remember Bayes rule but I think I would say it is a we know that I think witnesses being correct 80% of the time is going to be reduced by the prior information but only 15% of the taxis in the city are blue. so given we know the overall probability is going to reduce it would suggest that it is 80 times point so 80% times 15% which is 12% chance that the witness is correct that it is a blue taxi so my answer is 12%.,kc1_sample_space;kc2_conditioning;kc3_joint_chain;kc4_total_probability;kc5_bayes_update,kc1_sample_space;kc4_total_probability;kc5_bayes_update,wrong,correct,NA,NA,wrong,wrong,NA,NA,NA,NA,quiet,"Answer 12 percent, wrong, the flat family's most explicit exhibit. The referents named, kc1 correct. The opening holds the posed target unambiguously, the chance it is actually blue should be lower than 80 because blue is rare, and the closing label loosely renames the same held target, no second target computed, fluency, kc2 not engaged, the bare product below threshold, kc3 not engaged. The held-target world demands the pool, never conceived, kc4 wrong, and the delivered object is the unnormalised joint committed as that held conditional's answer, the direction of adjustment reasoned and the schema absent, the purest joint-as-posterior exhibit, kc5 wrong. Flags, base_rate_neglect quiet in the strongest form, the prior's epistemic role articulated, rarity pulls the estimate down, the conception's negation stated as principle, denominator_neglect quiet, the absence priced at kc4, no pool principle stated. Sweep, nothing further. Review, denominator_neglect not-applicable, the discount-multiply demands no pool, and base_rate_neglect held quiet on the articulation carve-out, the posterior-direction judgment made in words, lower than 80 because blue is rare, reduced by the prior, the conception's negation reasoned aloud."
P09,11,"A witness sees a crime involving a taxi in a city. The witness says that the taxi is blue. It is known from previous research that witnesses are correct 80 percent of the time when making such statements. The police also know that 15 percent of the taxis in the city are blue, the other 85 percent being green. What is the probability that a blue taxi was involved in the crime? Explain how you arrived at your answer.","The probability will be roughly 41%, that is because the total case that the witnesses state the text is blue is the probability of the text is actually blue while they are reporting accurately, which leads to 0.15 times 0.8, which is 0.12, plus the probability of the witness is actually reporting a green taxi, but they are reporting it not correctly, which is 0.85 times 0.2, which leads to 0.17. The denominator is 0.12 plus 0.17 leads to 0.29, so the total probability will lead to 0.12 out of 0.29, which is roughly 41%.",kc1_sample_space;kc2_conditioning;kc3_joint_chain;kc4_total_probability;kc5_bayes_update,kc1_sample_space;kc2_conditioning;kc3_joint_chain;kc4_total_probability;kc5_bayes_update,correct,correct,correct,correct,correct,correct,NA,NA,NA,quiet,quiet,"Answer 41 percent, correct. Both joints labelled correctly, the accurate-blue and the mistaken-green routes, summed to 0.29, the ratio taken, 0.12 out of 0.29. All five concepts displayed and sound, kc1 through kc5 correct. Flags, both quiet affirmatively. Sweep, nothing further."
P10,11,"A witness sees a crime involving a taxi in a city. The witness says that the taxi is blue. It is known from previous research that witnesses are correct 80 percent of the time when making such statements. The police also know that 15 percent of the taxis in the city are blue, the other 85 percent being green. What is the probability that a blue taxi was involved in the crime? Explain how you arrived at your answer.",so,kc1_sample_space;kc2_conditioning;kc3_joint_chain;kc4_total_probability;kc5_bayes_update,,wrong,NA,NA,NA,NA,NA,NA,NA,NA,NA,NA,"The transcript is the word so, two characters, nothing else recorded. Wrong on the answer channel, the final state containing no answer, the schema's single licensed NA on that column being the warm-up. No act of any concept's content exists, below every bar simultaneously, and no required-but-absent charge can attach with no determinate attempt, all KC cells not engaged. Both trap verdicts are owed and withheld, base_rate_neglect unreadable, denominator_neglect unreadable, the dataset's third and fourth measurement-silence entries, deleted before the models see them. Data-quality note, a two-character transcript mid-session from an otherwise substantive participant is likelier a recording failure than a refusal, the audio worth checking before the dataset freezes, the row re-opening under the amendment log if a real response exists. Review, the unreadable tokens retired, both cells re-keyed to not-applicable with the void noted, the two-character transcript withholding everything, measurement voids for the exclusion log, the audio-check escalation standing. Audio verification performed, the source recording ends at the two-character turn, the participant prematurely ended the recording, the void participant-side, not a capture failure, the row final as annotated, the escalation closed."
P11,11,"A witness sees a crime involving a taxi in a city. The witness says that the taxi is blue. It is known from previous research that witnesses are correct 80 percent of the time when making such statements. The police also know that 15 percent of the taxis in the city are blue, the other 85 percent being green. What is the probability that a blue taxi was involved in the crime? Explain how you arrived at your answer.","Okay, the witness says that the taxi is blue. 80% of the time, the witness is correct. So that's, we're starting with 80%. Now the 20% of the time, I'm assuming that the witness is incorrect in that they randomly assigned the detail. Which means in this scenario, in the 20% scenario, it's a random choice between blue and green. Um, now given that 15% of the taxis are blue and 85% are green. So 25% of the time, when it's a random choice, the 15% that it's blue, um, would be correct. So then we have 20% times 15%, we get 3%. So we now have a combined 83%. The chance, the probability that the blue taxi was involved in the crime is 83%.",kc1_sample_space;kc2_conditioning;kc3_joint_chain;kc4_total_probability;kc5_bayes_update,kc1_sample_space;kc2_conditioning;kc4_total_probability;kc5_bayes_update,wrong,wrong,correct,NA,wrong,wrong,NA,NA,NA,NA,quiet,"Answer 83 percent, wrong. The given is registered first, the witness said blue, and the posed target is named last, the probability the taxi was blue, identification displayed and sound at both ends, never restated, never swapped, kc2 correct. The declared random-choice mode contradicts the stem's entailed structure, in a two-colour world incorrect means says-the-other, and their twenty percent incorrect cases can be luckily right, the partition dissolving, total correctness running near 95 against the stated 80, the world charge, kc1 wrong. Their displayed construction lives inside the blue-taxi world alone, truthful blues plus lucky-random blues, 0.8 plus 0.2 times 0.15, and the green taxis' random-mode blue-reports are never conceived, no pool, no division, the branch quantity stamped with the target's name, so within their determinate target-holding attempt the demanded machinery is absent, kc4 wrong, kc5 wrong, with the performed mechanics unbankable for credit inside a contradicting world, kc3 not engaged. The coincidence that full in-world Bayes also yields 0.83 is noted and not credited, nothing on the page displays it. Flags, both quiet, the prior load-bearing in their random branch, no pool construction displayed to fire on, the absence priced at kc4. Sweep, likelihood-flavoured quantities and mislabels throughout, no identity asserted, the inverse stays not-applicable, the demarcation holding. Review, denominator_neglect not-applicable, their blue-world construction demands no pool, the green route's absence charged at kc4, and base_rate_neglect held quiet, the target held at both ends, the construction update-shaped, a case-weighted sum, the prior applied inside the random branch."
P12,11,"A witness sees a crime involving a taxi in a city. The witness says that the taxi is blue. It is known from previous research that witnesses are correct 80 percent of the time when making such statements. The police also know that 15 percent of the taxis in the city are blue, the other 85 percent being green. What is the probability that a blue taxi was involved in the crime? Explain how you arrived at your answer.","So, the answer is 80%, and this question seems very unintuitive to me, so I just reframed this question as a question about disease detection, and I thought about the witness statement as the prediction of a diagnostic test, which can either predict positive or negative, or which can say yes or no. And I also thought about the true colour of the taxi involved in the crime as the ground truth of the disease being present or absent. And I map blue as yes, or in other words, disease present, I map green as no, or in other words, disease absent, and yes, so I label the event as follows, prediction says yes - it's labelled as A, ground truth says yes - It's labelled as B, ground truth says no - it's labelled as C. And in the question we are given that the probability of B conditioned on A is 0.8, and the question also asks about the probability of B given A, so it's 80%.",kc1_sample_space;kc2_conditioning;kc3_joint_chain;kc4_total_probability;kc5_bayes_update,kc1_sample_space;kc2_conditioning,wrong,correct,wrong,NA,NA,NA,NA,NA,NA,NA,NA,"Answer 80 percent, wrong, committed in the transcript's first four words before any apparatus exists, with the tension registered, very unintuitive, and the reframe built behind the pre-committed answer. The disease mapping itself is sound and elegant, faithful referents, a clean world, kc1 correct. The contested act is assigning the stem's accuracy the identity of truth-given-statement, the convenient direction, against an architecture that only exists under the per-observation reading, their parse rendering the base rate decoration and the question a lookup, the answer-first order marking the parse as post-hoc, and the cross-item fact sharpening it, the Q8 marginal-builder mapping the taxi onto their own machine and declining to run it, kc2 wrong, with the honest counter-case carried, the sentence genuinely parses both ways and a second mind took the same reading. Under their construed lookup no joint, pool, or division is demanded, kc3, kc4, kc5 not engaged, the bypass. Flags, base_rate_neglect quiet, the ruling's ground being that they fundamentally misunderstood what was asked rather than ignoring the base rate, the construal deletes the updating task itself, so the prior's absence is downstream of a comprehension failure, not a judgment against it, the sole-production precedent refined accordingly, fires only where the posed task survives the construal, denominator_neglect quiet, no pool construction anywhere. Sweep, nothing further. Review, both flags re-keyed to not-applicable under the habitat semantics, the token updated while the ruling's substance is preserved exactly, the construal deletes the updating task so the prior's absence is downstream of a comprehension failure, the habitat-closure condition verbatim, no pool in a lookup."
P13,11,"A witness sees a crime involving a taxi in a city. The witness says that the taxi is blue. It is known from previous research that witnesses are correct 80 percent of the time when making such statements. The police also know that 15 percent of the taxis in the city are blue, the other 85 percent being green. What is the probability that a blue taxi was involved in the crime? Explain how you arrived at your answer.","I think the probability that a blue taxi was involved in this crime is about 83%. The reason why that... Well, I just used... I just calculated the problem that what if the witness just make a mistake. For example, it is not a blue taxi getting involved in the crime. What if it was a green one, and the witness got a mistake. She made the green taxi wrongly into the blue one. So I just calculated this kind of probability and I used the 1 to minus this kind of wrong probability to get the probability of crime recognized of a blue taxi. And for the wrongly probability, I think it should be 85%, that would be the percent of the green taxi in the host cities. 85% multiplies 1 minus 80%. 80% would be the probability that the witness makes the correct decisions. But it could be wrong sometimes. So it should be 20%. So we use 85% to multiply 20%. The result will be 17%. And this kind of 17% represents what if the witness made the wrong decisions and accidentally the... She just recognized the green taxi into the blue taxi. So if we would like to confirm the probability that the blue taxi indeed got involved in the crime, we use the probability 100% to minus this kind of 17% and get the result of 83%.",kc1_sample_space;kc2_conditioning;kc3_joint_chain;kc4_total_probability;kc5_bayes_update,kc1_sample_space;kc3_joint_chain;kc4_total_probability;kc5_bayes_update,wrong,correct,NA,correct,wrong,wrong,NA,NA,NA,NA,quiet,"Answer 83 percent, wrong. Their closing sentence holds the posed target, the probability that the blue taxi indeed got involved, blue given the claim, which makes their route a valid complement strategy exactly one step short, blue-given-the-claim equals one minus wrong-given-the-claim, a sound identity, and their 0.17, green's share times the error rate, is precisely the right numerator for that subtrahend, the says-blue-and-wrong joint. The world and the strategy are sound, kc1 correct, the component joint exact, kc3 correct. The single missing act is the normalisation, wrong-given-the-claim is 0.17 over the says-blue pool, about 0.586, whose complement is 0.414, the key exactly, their own route completing to the answer with one inserted division. The pool their own strategy demanded is never conceived, kc4 wrong, and the unnormalised joint is consumed as the conditional, the normalisation-recognition failure with the target held, kc5 wrong, the machinery-absent family's most sophisticated member. No conditional is built or mis-selected, kc2 not engaged. Flags, base_rate_neglect quiet, the prior load-bearing through its complement, the 0.85 inside their joint, the machinery moving with the base rate, denominator_neglect quiet, no pool-free construction built or defended, the absence priced at kc4. Sweep, no off-schedule conceptions, the complement running in the right space on the wrong kind of operand. Review, denominator_neglect not-applicable, the complement route demands no pool, base_rate_neglect quiet standing, the prior load-bearing through its complement in a target-held construction."
P14,11,"A witness sees a crime involving a taxi in a city. The witness says that the taxi is blue. It is known from previous research that witnesses are correct 80 percent of the time when making such statements. The police also know that 15 percent of the taxis in the city are blue, the other 85 percent being green. What is the probability that a blue taxi was involved in the crime? Explain how you arrived at your answer.","Let's say that there are 100 taxis in the city. Of those, 15 are blue. And 12 of those would be identified as blue by the witness, given that they are correct 80% of the time, since 12 is 80% of 15. On the other hand, a witness is incorrect 20% of the time, so they would identify 17 of the 85 green taxis as being blue. Thus, if a taxi is identified as blue, the probability that it is actually blue is 12 divided by 12 plus 17, or 12 out of 29, or about 41%. Okay.",kc1_sample_space;kc2_conditioning;kc3_joint_chain;kc4_total_probability;kc5_bayes_update,kc1_sample_space;kc2_conditioning;kc3_joint_chain;kc4_total_probability;kc5_bayes_update,correct,correct,correct,correct,correct,correct,NA,NA,NA,quiet,quiet,"Answer 12 out of 29, about 41 percent, correct, the hundred-taxi natural-frequency exemplar. Fifteen blue and eighty-five green, the witness right for 12 of the blues and wrongly blue for 17 of the greens, the says-blue pool 29, the ratio taken. All five concepts displayed and sound, the frame faithful, both conditionals scoped per colour-world, both count-products with dependence respected, the pool assembled from both routes, the ratio read as the posed posterior. Flags, both quiet affirmatively, the prior load-bearing in both counts, the pool built, weighted, and divided by. Sweep, no off-schedule conceptions."
P15,11,"A witness sees a crime involving a taxi in a city. The witness says that the taxi is blue. It is known from previous research that witnesses are correct 80 percent of the time when making such statements. The police also know that 15 percent of the taxis in the city are blue, the other 85 percent being green. What is the probability that a blue taxi was involved in the crime? Explain how you arrived at your answer.",okay i'm not sure here but let's assume this is two independent random things. and we have like 15 percent or 0.15 that taxi is blue 0.85 that its green. and i don't know let's just say that we multiply 0.8 which is our correct guess by 0.15 and divided by 0.85. and we get something like 14 percent  that the taxi blue taxi was involved in the crime.,kc1_sample_space;kc2_conditioning;kc3_joint_chain;kc4_total_probability;kc5_bayes_update,kc1_sample_space;kc4_total_probability;kc5_bayes_update,wrong,correct,NA,NA,wrong,wrong,NA,NA,NA,NA,NA,"Answer 14 percent, wrong, them 0.8 times 0.15 divided by 0.85 executed exactly to 0.141. The referents are sound, shares and accuracy named for what they are, kc1 correct, with the opening independent-random-things a hedge-frame never used by their own construction, carrying no weight either way. The posed target is held in the closing label, the blue taxi involved in the crime, and nothing else of identification is displayed, kc2 not engaged. The multiply is unlabeled, no meaning stated for the product or the divisor, and without established roles the quotient is arbitrary arithmetic offered as the posterior, the fabricated-posterior register, them Q8 shape returning, kc5 wrong, with the unlabeled two-factor product below threshold, kc3 not engaged. The says-blue pool them held-target attempt demanded is never conceived, the division built around a slot filled with the green share, required-but-absent in displayed form, kc4 wrong. Flags, base_rate_neglect quiet, the prior load-bearing in their multiply, denominator_neglect quiet, ruling four's founding exemplar, I don't know, let's just say, a wrong given grabbed amid displayed ignorance, machinery failure charged at the cells, no pool principle stated, conception, not incompetence. Sweep, no off-schedule conceptions. Review, both flags not-applicable, the grabbed division with roles never established, I don't know let's just say, no habitat entered."
P16,11,"A witness sees a crime involving a taxi in a city. The witness says that the taxi is blue. It is known from previous research that witnesses are correct 80 percent of the time when making such statements. The police also know that 15 percent of the taxis in the city are blue, the other 85 percent being green. What is the probability that a blue taxi was involved in the crime? Explain how you arrived at your answer.","Okay, so the case is that in 15% of the cars in this city, the taxis are blue and 85% are green and in 80% they say they are correct. So the number of the probability that the witness is correct is 15 multiplied by 80% multiplied by 80% which is correct. So in 12 cases. And if we want to have the number of cases which witness has mistake is 85, which is percentage of being green, multiplied by 20%, which we would come to number 17, 17 cases that witness might have a mistake. So when we add them together, 12 and 17 is 29 cases. So when we add them together, 12 and 17 is 29 cases. And based on the base theorem, the probability of being blue taxi over the probability of the witness is correct is 12 over 29.",kc1_sample_space;kc2_conditioning;kc3_joint_chain;kc4_total_probability;kc5_bayes_update,kc1_sample_space;kc2_conditioning;kc3_joint_chain;kc4_total_probability;kc5_bayes_update,correct,correct,correct,correct,correct,correct,NA,NA,NA,quiet,quiet,"Answer 12 over 29, correct, them first fully correct chain item. Fifteen of a hundred blue, 12 correctly identified, 85 green with 17 misidentified as blue, added together for 29, the ratio taken. kc1 through kc5 all correct, the counts built with the removal of nothing needed, the products in count form, the pool summed, the division performed. Two fluency notes carried, the doubled eighty in one utterance is a stutter, the result 12 consistent with one multiplication, and the final sentence labels the denominator the probability the witness is correct, a wrong name on the right object, their construction unambiguous, 12 plus 17 is the says-blue count, the value and operation governing over the narrated label, the P22 contrast recorded, they built the 29 and reported it as the answer, they built the 29 and divided by it. Flags, both quiet affirmatively. Sweep, nothing further."
P17,11,"A witness sees a crime involving a taxi in a city. The witness says that the taxi is blue. It is known from previous research that witnesses are correct 80 percent of the time when making such statements. The police also know that 15 percent of the taxis in the city are blue, the other 85 percent being green. What is the probability that a blue taxi was involved in the crime? Explain how you arrived at your answer.","i think the answer is 12 over 29 let's okay um let's assume there are 100 taxis. of those 100, 15 would be blue and 85 would be green. if if there are 15 taxes involved in a crime and the witnesses would be like 80 percent of the time they would be correct and which means like 12 times witnesses will say it was a blue taxi. and in other case if there's like 85 green taxes will be involved in a case then maybe there's a 20 percent chance the witnesses would say it was blue instead of green which means like 20% of 85 being 17 times the witnesses might incorrectly say blue. so  in total out of 100 cases the witnesses might say 29 times taxes taxes were blue of which only 12 times it would be a  blue. so the probability that the blue taxi was involved in a crime is 12 or 29",kc1_sample_space;kc2_conditioning;kc3_joint_chain;kc4_total_probability;kc5_bayes_update,kc1_sample_space;kc2_conditioning;kc3_joint_chain;kc4_total_probability;kc5_bayes_update,correct,correct,correct,correct,correct,correct,NA,NA,NA,quiet,quiet,"Answer 12 of 29, correct, natural frequencies with an each-taxi-a-case framing, 15 blue cases yielding 12 blue-reports, 85 green cases yielding 17, 29 blue-reports total, the framing odd in wording and exact in machinery. All five concepts sound. Flags, both quiet affirmatively. Sweep, nothing further."
P18,11,"A witness sees a crime involving a taxi in a city. The witness says that the taxi is blue. It is known from previous research that witnesses are correct 80 percent of the time when making such statements. The police also know that 15 percent of the taxis in the city are blue, the other 85 percent being green. What is the probability that a blue taxi was involved in the crime? Explain how you arrived at your answer.","So, the probability that a blue taxi was involved in the crime, given that a witness says a blue taxi was involved, is the proportion of the time that the witness is correct about seeing a blue taxi to the number of times a witness says the taxi is blue. Now, if the witness says the taxi is blue, there are two cases. They say it's blue, and it was blue, or they say it's blue, and they're wrong, meaning it was a green taxi. So, if they're correct, that probability would be the probability the witness says it's blue, given it's blue, a.k.a. the chance that they're correct, multiplied by the probability of there being a blue taxi, which is 0.8 times 0.15. In the case that they're incorrect, the probability, a.k.a. the probability of them saying blue taxi, given it was a green taxi. So, they're incorrect, so that's 0.2, 1 minus 0.8, times the probability of there being a green taxi, that's 0.85. So, if you add those together, that's 0.29, 29% of the time a witness will say it's a blue taxi. And if we divide that by the proportion of the time they say it's a blue taxi and they're correct, that... will be 41.38%.",kc1_sample_space;kc2_conditioning;kc3_joint_chain;kc4_total_probability;kc5_bayes_update,kc1_sample_space;kc2_conditioning;kc3_joint_chain;kc4_total_probability;kc5_bayes_update,correct,correct,correct,correct,correct,correct,NA,NA,NA,quiet,quiet,"Answer 41.38 percent, correct, both cases named as cases, the witness right about a blue taxi at 0.12 and wrong about a green one at 0.17, the says-blue total 0.29, the proportion taken. All five concepts sound. Flags, both quiet affirmatively. Sweep, nothing further."
P19,11,"A witness sees a crime involving a taxi in a city. The witness says that the taxi is blue. It is known from previous research that witnesses are correct 80 percent of the time when making such statements. The police also know that 15 percent of the taxis in the city are blue, the other 85 percent being green. What is the probability that a blue taxi was involved in the crime? Explain how you arrived at your answer.","So the question is asking us, what is the probability that a blue taxi was involved in the crime? So essentially asking us, what is the probability that the taxi was blue, given that the witness said that it was blue? So again, let's use Bayes' theorem. So let's look at what is the probability that the witness says the taxi was blue, given that the taxi was actually blue. And we know that witnesses are correct 80% of the time. So this would be 0.8 times by the probability that the taxi was actually blue, which would be 0.15. Divided by the probability that... Divided by the probability that the witness says that the taxi is blue. So the probability that the taxi, the witness says that the taxi is blue would be 0.8 times 0.15. Plus, let's say that the... Witness... So what is the probability that a blue taxi was involved in the crime? So we did 0.8 times 0.15, which means that the witness was actually correct. Times by the... Maybe the witness got it wrong. So let's say 0.2, which is the odds of them getting it wrong, times by 0.85, which would be the probability of the witness saying a blue taxi when the taxi was blue. Actually green. So if the witness was wrong. So let's do 0.8 times 0.15, divided by 0.8 times 0.15, plus 0.2 times 0.85. And our final answer would be somewhere around 0.41, or 41%.",kc1_sample_space;kc2_conditioning;kc3_joint_chain;kc4_total_probability;kc5_bayes_update,kc1_sample_space;kc2_conditioning;kc3_joint_chain;kc4_total_probability;kc5_bayes_update,correct,correct,correct,correct,correct,correct,NA,NA,NA,quiet,quiet,"Answer 41 percent, correct, full Bayes with self-corrected wobbles, a times spoken where plus belonged and a colour swap, both corrected before the final assembly, which is exact, 0.8 times 0.15 plus 0.2 times 0.85 in the denominator, the division performed. All five concepts sound. Flags, both quiet affirmatively. Sweep, nothing further."
P20,11,"A witness sees a crime involving a taxi in a city. The witness says that the taxi is blue. It is known from previous research that witnesses are correct 80 percent of the time when making such statements. The police also know that 15 percent of the taxis in the city are blue, the other 85 percent being green. What is the probability that a blue taxi was involved in the crime? Explain how you arrived at your answer.","My answer is 80%. I feel like it's no matter how many taxis are blue in the whole city, because the witness has already said the taxi is blue. So for this statement, there are 80% of probability that it is right. So the blue taxi was involved in the crime. The probability of that is also 80%.",kc1_sample_space;kc2_conditioning;kc3_joint_chain;kc4_total_probability;kc5_bayes_update,kc1_sample_space;kc4_total_probability;kc5_bayes_update,wrong,correct,NA,NA,wrong,wrong,NA,NA,NA,NA,fired,"Answer 80 percent, wrong, the articulated prior-dismissal, no matter how many taxis are blue in the city, the witness has already said it is blue, so 80. Both quantities identified before one is rejected, kc1 correct. No conditional structure appears, kc2 not engaged, no products, kc3 not engaged. The held-target world demands the says-blue pool, never conceived, required-but-absent, kc4 wrong, and a given rate is offered as the posterior with the prior dismissed in words, the normalisation-recognition failure in judgment dress, kc5 wrong. Flags, base_rate_neglect fired, the conception as a stated principle, the base rate declared irrelevant once the witness has spoken, their second articulated dismissal of the session after the disease item's group-level argument, sitting beside kc5 wrong in the typical pairing, denominator_neglect quiet, no pool-free construction built or defended, the absence priced at kc4. Sweep, nothing further. Review, denominator_neglect not-applicable, the evidence-only route demands no pool, the base-rate fire standing on the articulated dismissal."
P21,11,"A witness sees a crime involving a taxi in a city. The witness says that the taxi is blue. It is known from previous research that witnesses are correct 80 percent of the time when making such statements. The police also know that 15 percent of the taxis in the city are blue, the other 85 percent being green. What is the probability that a blue taxi was involved in the crime? Explain how you arrived at your answer.","Okay, the probability that the taxi is blue as opposed to some crime happens is equal to probability that, based on the, actually, Bayes' theory, the probability that crime happens as  suppose the taxi is blue, multiplied by the probability that the taxi is blue, divided by probability of crime happens, actually. The probability that crime happens is, based on the police, is 0.80, and in the top part, we have probability of crime as suppose blue taxi is equal, it's 80%. And the probability of the blue taxi is 0.15. So, the probability that... the crimes happens based on the witness is equal for blue or green taxi. So, our total number is 0.8 multiplied by 0.15, divided by 0.8. So, our final result is 0.15.",kc1_sample_space;kc2_conditioning;kc3_joint_chain;kc4_total_probability;kc5_bayes_update,kc1_sample_space;kc2_conditioning;kc3_joint_chain;kc5_bayes_update,wrong,correct,wrong,correct,NA,correct,NA,NA,NA,quiet,quiet,"Answer 0.15, wrong against the key, exact within their construed problem. Under the adopted parse, crime happens is their garbled label for the witness being correct, anchored by the values, based on the police naming the accuracy stat's source, so their construction is Bayes for blue-given-correct, the likelihood 0.8 times the prior 0.15 over the correctness marginal 0.8, and they becomes P04's twin, the same misidentified conditioning event, the same flawless machinery, the same uninformative-conditioning collapse to the prior. The referents are right beneath the garble, kc1 correct, fluency. The conditioning-event selection is the charge, correct installed where says-blue is posed, the correctness-fixation family's third member, kc2 wrong. The product is meaning-labeled by their own Bayes narration, likelihood times prior, kc3 correct. The evidence is reached by the symmetry argument, equal for blue or green, which is a true claim about the pool's structure under colour-symmetric accuracy, no assembly demanded, kc4 not engaged, the argument also settling the flag definitively, the opposite of pool-blindness. The division's roles are established by their explicit Bayes framing and executed exactly, kc5 correct. Flags, both quiet on solid ground, the prior load-bearing, the evidence value earned by a correct structural argument, with the historical note that their denominator cell was ruling four's confirmed quiet under a worse parse and remains quiet under a better one. Sweep, no off-schedule conceptions."
P22,11,"A witness sees a crime involving a taxi in a city. The witness says that the taxi is blue. It is known from previous research that witnesses are correct 80 percent of the time when making such statements. The police also know that 15 percent of the taxis in the city are blue, the other 85 percent being green. What is the probability that a blue taxi was involved in the crime? Explain how you arrived at your answer.","So, we want to get the probability that a blue taxi was actually involved. So, this is equivalent to saying the witness is correct about saying that a blue car was involved in the crime. A blue taxi was involved. So, we want to find, let's label that as, let's label the event that the witness is correct about the statement that the taxi was blue when he witnessed the crime. Let's label that as W. And we want to find the probability of W. So, we are given the population of the blue taxis in general. And the probability of this ... uh  the statement that the witness makes being correct. Given that the taxi is blue. And we can, I guess, infer from that the probability of, I'm not sure if this is missing information or not. But let's just assume that, I can try justifying this at the end,  but let's say that the probability. The probability of the witness being correct given that the car is not blue is 20%. So, yeah, if we have the probability of the witness being correct given that the taxi was actually blue. We can multiply that by the probability that the taxi, the population of blue taxis. But the probability that randomly picked taxi is actually blue, sorry, That's the probability of B. If you multiply that by the probability that the taxi was actually blue. If we multiply these two together, we get the joint probability of the witness being correct and the taxi being blue. And then, so that's the first term. The second term is going to be the probability of the witness being correct. Given that the taxi was green or was not blue. Times the probability of randomly picking taxi. And it happens to be not blue. Which is 85%. Which we are given in the equation. So, we just compute these two values and we sum them up. The probability of W given B times the probability of B plus the probability of given not B times the probability of not B. So, that's going to be 80% times 15%. 0.8 times 0.15, which is 0.12. Plus 20%, which I think I can justify in a bit. Times the probability of not B, which is 85%. Which we are given in the equation. So, that just gives us 0.29, which is 29%. So, that's the probability that a blue taxi was actually involved in the crime. And, okay, so. Why is the probability of... The witness being correct, given that it's not blue? Why is that 20%? I think in this specific case, because there are only two cases. Of a car being either blue or green. This is the same as the probability of the witness not being correct, given that the car was actually blue. Which we can infer as 1 minus 80%. Which is just going to be equal to 20%. That is all I can say.",kc1_sample_space;kc2_conditioning;kc3_joint_chain;kc4_total_probability;kc5_bayes_update,kc1_sample_space;kc2_conditioning;kc3_joint_chain;kc4_total_probability,wrong,correct,wrong,correct,correct,NA,NA,NA,NA,NA,NA,"Answer 29 percent, wrong, the item's richest wrong transcript, four layers. The opening equivalence is sound conditioned on the given, blue-involved and witness-correct are the same event once the statement is made. The pivot unconditionalizes it, let's find the probability of W, and from there the posed conditional is gone, the what-to-solve register, kc2 wrong, with the cross-world complement at the end, correct-given-not-blue equated to not-correct-given-blue, recorded as a second unsound act of kc2's content, a false identity that happens to land the right value, 0.2 being says-blue-given-green. The assembly then computes the says-blue marginal exactly, every value the marginal's, both branches weighted and summed to 0.29, kc4 correct, the joint meaning-labeled in their own words, the joint probability of the witness being correct and the taxi being blue, kc3 correct, the world and referents sound beneath wobbling labels, kc1 correct, and in their construed unconditional task the marginal completes the work, no division demanded, kc5 not engaged, the bypass, P05's twin at higher sophistication, same 0.29, same delivery. Flags, both quiet, the prior load-bearing in both branches, the pool built perfectly and mistaken for the answer, the conception's negation. Sweep, nothing further. Review, both flags not-applicable, the P05 marginal template, their construed task is the marginal itself, the pool as deliverable, no update in their world, the built 0.29 credited at kc4, the symmetry justification for the twenty percent noted."
P23,11,"A witness sees a crime involving a taxi in a city. The witness says that the taxi is blue. It is known from previous research that witnesses are correct 80 percent of the time when making such statements. The police also know that 15 percent of the taxis in the city are blue, the other 85 percent being green. What is the probability that a blue taxi was involved in the crime? Explain how you arrived at your answer.","So, first of all, the probability of this touch to be blue is 15%, but also witness is not always correct, so it is 80%, so 15% times 80%, so it is basically 12%, yeah, it is 12%. Thank you.",kc1_sample_space;kc2_conditioning;kc3_joint_chain;kc4_total_probability;kc5_bayes_update,kc1_sample_space;kc3_joint_chain,wrong,correct,NA,wrong,NA,NA,NA,NA,NA,NA,NA,"Answer 12 percent, wrong. The referents are named for what they are, the blue-probability fifteen and the witness's correctness eighty, kc1 correct, and that is where the display ends, no restatement into a conjunction and no held target either, their only target-flavoured sentence naming the prior, the but-also carrying a discount motive without stating what the twelve answers. The P06 placement, kc2 not engaged, no identification act displayed, kc3 not engaged, the bare unlabeled product below threshold, and the required-but-absent pair over a determinate attempt, the pool never conceived, kc4 wrong, no normalisation recognised, kc5 wrong. Flags, both quiet, the prior load-bearing in their product, no pool principle stated. Sweep, nothing further. Review, both flags not-applicable, the silent flat joint, the carve-out. Review re-key on ruling, the joint construal read, anchored by their own Q9 declaration, this is 2 events, the articulated parse instance, the bare product enacting the same two-things-conjoined reading, kc3 wrong at the kind register, kc4 and kc5 re-keyed to not-applicable, the construal deleting the posed update's demands, the flags standing at not-applicable."
P24,11,"A witness sees a crime involving a taxi in a city. The witness says that the taxi is blue. It is known from previous research that witnesses are correct 80 percent of the time when making such statements. The police also know that 15 percent of the taxis in the city are blue, the other 85 percent being green. What is the probability that a blue taxi was involved in the crime? Explain how you arrived at your answer.","If previous research says that witnesses say the truth or are correct 80% of the time when they speak, I believe that the probability that a blue taxi was involved in the crime, which is what the witness claims, is 80%. In my opinion, the percentage of blue and green taxis in the city is irrelevant to get to the final answer. So I would say that the probability that a blue taxi was involved in the crime is 80%.",kc1_sample_space;kc2_conditioning;kc3_joint_chain;kc4_total_probability;kc5_bayes_update,kc1_sample_space;kc4_total_probability;kc5_bayes_update,wrong,correct,NA,NA,wrong,wrong,NA,NA,NA,NA,fired,"Answer 80 percent, wrong, the third articulated prior-dismissal, in my opinion the percentage of blue and green taxis in the city is irrelevant to get to the final answer. The target is held in their own words, the probability that a blue taxi was involved, which is what the witness claims, the task surviving intact, so the boundary with the comprehension-failure quiet cuts toward fire, the prior weighed and declared irrelevant to a held updating task. Both quantities identified before one is dismissed, kc1 correct, no conditional structure or products displayed, kc2 and kc3 not engaged, the pool never conceived, required-but-absent, kc4 wrong, the given rate offered as the posterior with the prior dismissed in words, the normalisation-recognition failure in judgment dress, kc5 wrong. Flags, base_rate_neglect fired, the conception as a stated principle, their second fire of the session after the aces item's identity, sitting beside kc5 wrong in the typical pairing, denominator_neglect quiet, no pool-free construction built or defended, the absence priced at kc4. Sweep, nothing further. Review, denominator_neglect not-applicable, the evidence-only route demands no pool, the base-rate fire standing verbatim on the articulated irrelevance claim."
P25,11,"A witness sees a crime involving a taxi in a city. The witness says that the taxi is blue. It is known from previous research that witnesses are correct 80 percent of the time when making such statements. The police also know that 15 percent of the taxis in the city are blue, the other 85 percent being green. What is the probability that a blue taxi was involved in the crime? Explain how you arrived at your answer.","The answer to this is 12% and the way I arrived at this answer is that we know that when the witness is right, if the witness is right, that means the taxi is blue and the probability of the taxi being blue in general is 15% because 15% of the taxis in the city are blue. So basically, we want two events to happen at once. We want the witness to be right and the taxi to be blue. So that means you just need to multiply the probability of the witness being right and the probability of the taxi being blue, which is 80% into 15%, which gives us 12%.",kc1_sample_space;kc2_conditioning;kc3_joint_chain;kc4_total_probability;kc5_bayes_update,kc1_sample_space;kc3_joint_chain,wrong,correct,NA,wrong,NA,NA,NA,NA,NA,NA,NA,"Answer 12 percent, wrong, the third restated construal of them session, we want two events to happen at once, the witness to be right and the taxi to be blue, so you just multiply. The restatement is the operative act, the posed conditional traded for a conjunction before computation begins, the kind-boundary lost at identification, kc3 wrong, threshold-exempt, with the nuance recorded that them opening inference, if the witness is right that means the taxi is blue, is sound under the stem's given, the same equivalence P22 opened with, making them pivot to the conjunction the precise moment the boundary is lost. Referents named, kc1 correct, no restriction or direction act displayed, kc2 not engaged, and under their construed joint no pool or division is demanded, kc4 and kc5 not engaged, the bypass. Flags, both quiet, the prior inside their product doing work, the pool's absence their construal's artifact. Sweep, nothing further. Review, both flags not-applicable, the joint construal at its most explicit, two events at once, closing both habitats."
P26,11,"A witness sees a crime involving a taxi in a city. The witness says that the taxi is blue. It is known from previous research that witnesses are correct 80 percent of the time when making such statements. The police also know that 15 percent of the taxis in the city are blue, the other 85 percent being green. What is the probability that a blue taxi was involved in the crime? Explain how you arrived at your answer.","I think the answer is just 12%, so it would just be 0.8 multiplied by 0.15, which is 0.12, which is just 12%.",kc1_sample_space;kc2_conditioning;kc3_joint_chain;kc4_total_probability;kc5_bayes_update,kc3_joint_chain,wrong,NA,NA,wrong,NA,NA,NA,NA,NA,NA,NA,"Answer 12 percent, wrong, one hundred nine characters, the word just twice as the entire reasoning, the answer presented as self-evident with no machinery felt missing, the recognition failure at its most compressed. The referents are never named, two bare numbers multiplied, silent reading below the display bar, kc1 not engaged, no restatement and no target articulated, kc2 not engaged, the bare product below threshold, kc3 not engaged, and the committed answer with its displayed computation constituting a determinate attempt, so the required-but-absent pair attaches, the pool never conceived, kc4 wrong, no normalisation recognised, kc5 wrong, distinguished from the empty transcript precisely by having attempted. Flags, both quiet, the prior load-bearing in the product, nothing else displayed. Sweep, nothing further. Review, both flags not-applicable, the cohort's tersest silent joint, the carve-out. Review re-key on ruling, the joint construal read, anchored by their own Q9 articulation, essentially a different phrasing, the conditional-question parsed as the joint-statement in their stated words two items earlier, the bare product enacting the same parse, kc3 wrong for the construal, kc4 and kc5 re-keyed to not-applicable, the construal deleting the posed update's demands, the P25-Q11 template, the flags standing at not-applicable under the closure, and the line recorded, participant-level construal reads require an articulated parse instance, which P23's record lacks, their Q11 unaffected."
P01,12,"In a routine screening programme, 3 percent of the people screened have a certain disease. If a person has the disease, the probability is 75 percent that the screening test will be positive. If a person does not have the disease, the probability is 5 percent that the test will still be positive. A person from this programme has just tested positive. What is the probability that this person actually has the disease? Explain how you arrived at your answer.","So, to get the result, I had to derive the probability of disease given positive tests. And this, using Bayes' theorem, would be probability of positive tests given disease times probability of disease divided by the probability of having a positive test. And to get this, I used 75% times 3%, and I divided it by 5% plus 75%, which is 80%, and I got 0.028125, which is the probability that a person actually has the disease.",kc1_sample_space;kc2_conditioning;kc3_joint_chain;kc4_total_probability;kc5_bayes_update,kc1_sample_space;kc2_conditioning;kc3_joint_chain;kc4_total_probability;kc5_bayes_update,wrong,correct,correct,correct,wrong,correct,NA,NA,NA,fired,quiet,"Answer 0.028125, wrong. Bayes is named and the target stated, the numerator built and meaning-labeled, 75 percent times 3 percent, and the evidence slot then filled with the two conditional rates summed, 5 plus 75 as 80, the unweighted rate-sum with the group sizes playing no role, their fifth evidence-slot failure of the schedule, the Q11 entry softened to a construal on the reread, kc4 wrong, with the division performed faithfully on their slots, right-in-kind roles, kc5 correct, the referents, target, and conditionals all sound, kc1, kc2, kc3 correct. Flags, denominator_neglect fired, ruling four's built condition met, the pool-free construction displayed, the rates summed into an evidence that no world sizes, base_rate_neglect quiet, the prior load-bearing in their numerator. Sweep, nothing further. Review revert under the applied-beats-ingredient ground, base_rate_neglect quiet, the 3 percent genuinely scales their numerator inside the broken machinery, the prior applied, not dismissed, the denominator fire standing on the built construction."
P02,12,"In a routine screening programme, 3 percent of the people screened have a certain disease. If a person has the disease, the probability is 75 percent that the screening test will be positive. If a person does not have the disease, the probability is 5 percent that the test will still be positive. A person from this programme has just tested positive. What is the probability that this person actually has the disease? Explain how you arrived at your answer.","Okay, so in order to answer this question, the quantity that we want to calculate is the probability of the disease given that the result is positive. This can be calculated using Bayes' theorem, which says that in this case, this quantity is equal to the probability of a positive result given the disease, multiplied by the probability of the disease itself, and then divided by the probability of a positive result in general. Let's take the last quantity first. So the probability of a positive result can be calculated by knowing that 75% of people who have the disease will test positive. That is 75%. That is 75% multiplied by 0.03, in addition to the 5% probability of a healthy person having a positive result, which is 0.05 multiplied by 0.97. So in order to summarize, we have the probability of a positive result is equal to 0.75 multiplied by 0.03, plus 0.05 multiplied by 0.97, which is basically 0.071. This quantity is essentially the probability of a positive result, given that a sick person tested positive, plus the probability of a positive result being that of a healthy person. This quantity is essentially the probability of a positive result, given that a sick person tested positive, plus the probability of a positive result being that of a healthy person. Then, the final quantity that we want to arrive at, which was the probability of a disease given positive, is the probability of a positive result given a disease, which is 0.75 multiplied by the probability of a disease, which is stated as 0.03, divided by our quantity that we just calculated, which is 0.07. This gives us a final probability of disease based on a positive result that is 31.69%.",kc1_sample_space;kc2_conditioning;kc3_joint_chain;kc4_total_probability;kc5_bayes_update,kc1_sample_space;kc2_conditioning;kc3_joint_chain;kc4_total_probability;kc5_bayes_update,correct,correct,correct,correct,correct,correct,NA,NA,NA,quiet,quiet,"Answer 31.69 percent, correct, full Bayes with every quantity named, the marginal assembled from both weighted branches to 0.071 and the division performed. All five concepts sound. Flags, both quiet affirmatively. Sweep, nothing further."
P03,12,"In a routine screening programme, 3 percent of the people screened have a certain disease. If a person has the disease, the probability is 75 percent that the screening test will be positive. If a person does not have the disease, the probability is 5 percent that the test will still be positive. A person from this programme has just tested positive. What is the probability that this person actually has the disease? Explain how you arrived at your answer.","Okay, so I'm once again approaching this from, like, the oversimplification way, like, from 100. So, if there is 100 people in this study, three of them actually have the disease. Up to people screened out. Yeah, they have the disease, and 79 don't have the disease. Out of the three people, 75% of people test positive. So, like, simplifying that, that's two people who test positive and one person who tests not positive. And then, out of the rest, the 97 who actually don't have the disease, 5% have false positives. So, that's five people who have false positives. And 92 who test negative, and that's a true negative. But we're looking to see if the person actually has the disease, and that's whether or not that's a false positive, whatever. We have five false positives, which is wrong. We just want to look at 2 plus 1. So, that's a probability of 3 actually has the disease. And if they've tested positive, that's 5 plus 2. That's 7. So, I think it's 3 out of 7? Or is it... I'm unsure if it's 2 out of 7. And we're just looking at the ones that have actually tested positive. Or if it's 3 out of 7, because there's also one person who has tested a false negative, and they actually have it. So, my answer would be between 2 divided by 7 and 3 divided by 7. And that's my justification. That's my explanation.",kc1_sample_space;kc2_conditioning;kc3_joint_chain;kc4_total_probability;kc5_bayes_update,kc1_sample_space;kc2_conditioning;kc3_joint_chain;kc4_total_probability;kc5_bayes_update,wrong,correct,wrong,correct,correct,correct,NA,NA,NA,quiet,quiet,"Answer uncommitted between 2-of-7 and 3-of-7, wrong on the uncommitted rule, two live values at the close. The hundred-person world is built faithfully with honest integer rounding, 2.25 and 4.85 compressed to 2 and 5, all four cells conceived, kc1 correct, both branch counts as labeled products, kc3 correct, the positive pool assembled from both routes, kc4 correct, and the ratio act displayed twice with sound roles, kc5 correct. The failure is the target's identification, they is building to Bayes intuitively and cannot resolve whether the numerator serves the posed conditional or the unconditional, them 2-of-7 the correct posterior, them 3-of-7 pulling the full disease count into the positive-conditioned fraction, the two quantities superimposed and named in their own wavering, kc2 wrong, the what-to-solve register, the family's most self-aware member, the only participant to surface both candidate targets and them uncertainty between them. Flags, both quiet, the prior them scaffold, the pool built from both branches. Sweep, nothing further. Review note on the quiet's ground, them prior-dismissals on the disease and taxi items both arose inside rate-verbal reasoning, and here they deploys them counting scaffold, once again from 100, the same frame as them smokers solve, and the natural-frequency representation forces the prior in mechanically, the 3-of-100 split being the table's first cut, the format-gating of the conception at the individual level, the Gigerenzer effect in one participant, logged for the discussion."
P04,12,"In a routine screening programme, 3 percent of the people screened have a certain disease. If a person has the disease, the probability is 75 percent that the screening test will be positive. If a person does not have the disease, the probability is 5 percent that the test will still be positive. A person from this programme has just tested positive. What is the probability that this person actually has the disease? Explain how you arrived at your answer.","So let's define the events as D, capital D being the probability that a screened person has a disease. plus being the event that a person tests positive. So p D will be 0.03, p plus given D will be 0.75, p plus given not D will be 0.05. The quantity asked by the question will be, is p D given plus, so through Bayes' theorem we can write p D given plus equals p plus given D times p D over p plus. And that can... That... p plus can be written as p plus given D times p D plus, like add that p plus given D times p D, and you add to that p plus given not D times p not D. So all of this equates to 0.317, so the final answer, which is p D given plus is 0.317.",kc1_sample_space;kc2_conditioning;kc3_joint_chain;kc4_total_probability;kc5_bayes_update,kc1_sample_space;kc2_conditioning;kc3_joint_chain;kc4_total_probability;kc5_bayes_update,correct,correct,correct,correct,correct,correct,NA,NA,NA,quiet,quiet,"Answer 0.317, correct, events defined, all three givens labeled, Bayes written and the total-probability denominator expanded and evaluated. All five sound. Flags, both quiet affirmatively. Sweep, nothing further."
P05,12,"In a routine screening programme, 3 percent of the people screened have a certain disease. If a person has the disease, the probability is 75 percent that the screening test will be positive. If a person does not have the disease, the probability is 5 percent that the test will still be positive. A person from this programme has just tested positive. What is the probability that this person actually has the disease? Explain how you arrived at your answer.","So my answer is 0.317, so what I did was 3% times 75%, so 3% is the people screened getting a certain disease and then 75% is the probability of someone testing positive given they have the disease and all over the probability that they will test positive which I got as 3% times 75% plus 95% plus 5% so together we get 3% times 75% over 710% which I got as 0.317",kc1_sample_space;kc2_conditioning;kc3_joint_chain;kc4_total_probability;kc5_bayes_update,kc1_sample_space;kc2_conditioning;kc3_joint_chain;kc4_total_probability;kc5_bayes_update,correct,correct,correct,correct,correct,correct,NA,NA,NA,quiet,quiet,"Answer 0.317, correct and exact beneath heavy narration garble, the spoken 95-plus-5 and the 710-percent both anchored by the executed values, 0.0225 over 0.071, the execution test governing, values over tokens. All five sound, fluency notes carried. Flags, both quiet. Sweep, nothing further."
P06,12,"In a routine screening programme, 3 percent of the people screened have a certain disease. If a person has the disease, the probability is 75 percent that the screening test will be positive. If a person does not have the disease, the probability is 5 percent that the test will still be positive. A person from this programme has just tested positive. What is the probability that this person actually has the disease? Explain how you arrived at your answer.","I believe the answer is 15 divided by 16. I might be misremembering Bayes' theorem, but I think in this case, we actually don't care about the 3% of people screened that have a certain disease, because we start with the fact that the person has a positive test. And what we know is that the people who have positive tests, they will essentially split into true positives, 75%, false positives, 5%, and then 20% true negatives and false negatives, which we do not care about. But we already know they're in the 80% bucket that have a positive test. And now the share of these within this bucket of having a positive test is essentially 75 over 80. They actually have the disease, whereas 5 over 80 will not have the disease. So it's 75 divided by 80, which is 15 over 16.",kc1_sample_space;kc2_conditioning;kc3_joint_chain;kc4_total_probability;kc5_bayes_update,kc1_sample_space;kc2_conditioning;kc4_total_probability;kc5_bayes_update,wrong,correct,correct,NA,wrong,wrong,NA,NA,NA,quiet,fired,"Answer 15 over 16, wrong, the pre-registered 93.75 signature realized. The referents are identified before one is dismissed, kc1 correct, and the restriction insight is genuinely displayed and valued, start from the positive test, the share within this bucket, kc2 correct. The failure is two-fold, the bucket built as 75 plus 5 with the group sizes playing no role, the unweighted combination, kc4 wrong, and the prior weighed and excluded from a held updating task, we do not care about the 3 percent because the positive has arrived, the update run on evidence-quality alone, kc5 wrong, no products anywhere, kc3 not engaged. Flags, base_rate_neglect fired, the conception as a stated principle over a held task, the dismissal grounded in the evidence's arrival, the textbook logic, their first fire on this flag, with the population-partition counter-reading recorded honestly, their 20-percent completion line supporting it, the stated because-clause outranking the reconstruction, denominator_neglect quiet per the conservative ruling, the mis-built pool charged at kc4 as machinery, their Q11 and Q12 flag records thereby coherent. Metacognitive note, the opening hedge, might be misremembering Bayes, the schema's absence felt. Sweep, nothing further."
P07,12,"In a routine screening programme, 3 percent of the people screened have a certain disease. If a person has the disease, the probability is 75 percent that the screening test will be positive. If a person does not have the disease, the probability is 5 percent that the test will still be positive. A person from this programme has just tested positive. What is the probability that this person actually has the disease? Explain how you arrived at your answer.","So, in this problem, we have to calculate the probability that a person actually has a disease given that it has a positive test result. So, according to Bayes' theorem, we can calculate like P of disease given positive result. And this is equal to P of positive given disease multiplied with P of disease, and the denominator will be P of positive given disease multiplied with P of disease plus P of positive given not disease and multiplied with P of not disease. And according to the data, we have... The P of positive that positive result that actually have the disease is 75%. And the probability of disease will be 3%. So, P D is equal to 3%. And the probability of positive result but not have disease is 5%.. And the probability of not disease is 97%. So, plug the number in, we have the numerator will be 75% multiplied with 3% divided by 75% multiplied with 3% plus 5% multiplied with 97%. And the final number will be approximately 31.69%. That's the final probability that we need.",kc1_sample_space;kc2_conditioning;kc3_joint_chain;kc4_total_probability;kc5_bayes_update,kc1_sample_space;kc2_conditioning;kc3_joint_chain;kc4_total_probability;kc5_bayes_update,correct,correct,correct,correct,correct,correct,NA,NA,NA,quiet,quiet,"Answer 31.69 percent, correct, full Bayes, every term valued, both branches in the denominator. All five sound. Flags, both quiet. Sweep, nothing further."
P08,12,"In a routine screening programme, 3 percent of the people screened have a certain disease. If a person has the disease, the probability is 75 percent that the screening test will be positive. If a person does not have the disease, the probability is 5 percent that the test will still be positive. A person from this programme has just tested positive. What is the probability that this person actually has the disease? Explain how you arrived at your answer.","So my answer is 31.7% and my reasoning is this, so of 100 people that are screened we know 3% of them will have the disease and 97% won't. So looking at the ones of the 3% that do have the disease we know that 75% of those will have a positive test, so we know that 2.25% of people that are screened will have a positive test and have the disease and the other of the 97% screened will not have the disease and of them, 5% of them will have a positive test so these 4.85% of people in that category will have a positive test. So those two categories of people having a positive test the total is 2.25% plus 4.85% and so and then if you do 2.25 divided by 2.25 plus 4.85, you get 31.7%.",kc1_sample_space;kc2_conditioning;kc3_joint_chain;kc4_total_probability;kc5_bayes_update,kc1_sample_space;kc2_conditioning;kc3_joint_chain;kc4_total_probability;kc5_bayes_update,correct,correct,correct,correct,correct,correct,NA,NA,NA,quiet,quiet,"Answer 31.7 percent, correct, the natural-percentage exemplar, 2.25 and 4.85 built with meanings, summed, and the ratio taken. All five sound. Flags, both quiet affirmatively. Sweep, nothing further."
P09,12,"In a routine screening programme, 3 percent of the people screened have a certain disease. If a person has the disease, the probability is 75 percent that the screening test will be positive. If a person does not have the disease, the probability is 5 percent that the test will still be positive. A person from this programme has just tested positive. What is the probability that this person actually has the disease? Explain how you arrived at your answer.","The probability is 8%. so for a person who has a certain disease which has been tested positive, the probability of the operation will be a certain person who actually has the disease and have the positive test accurately, which is 3% times 75%, which leads to 0.0225. Out of 0.0225 plus the probability of a person who is not having the disease and have the false positive, which is 97% times 25%, which leads to 0.2425. and the probability of that is 0.0225 out of 0.0225 plus 0.2425, and that is 0.0225 out of 0.265, which leads to 0.2425. So the probability of a person who has a different disease, that was a positive test for them, is 8.3%.",kc1_sample_space;kc2_conditioning;kc3_joint_chain;kc4_total_probability;kc5_bayes_update,kc1_sample_space;kc2_conditioning;kc3_joint_chain;kc4_total_probability;kc5_bayes_update,wrong,correct,correct,correct,correct,correct,NA,NA,NA,quiet,quiet,"Answer 8.3 percent, wrong by a misread, the false-positive rate absorbed as 25 where the stem says 5, the session's third number-mishearing after the two Q9 threes, all in audio-presented percentages. The structure is complete and sound in the misread world, both conditionals scoped, both joints labeled, the pool assembled from both weighted branches, the division right-in-kind on their inputs, all five concepts correct under within-world grading, the misread priced at the answer, the closing different-disease garble read as fluency. Flags, both quiet, the prior load-bearing in both branches. Sweep, nothing further."
P10,12,"In a routine screening programme, 3 percent of the people screened have a certain disease. If a person has the disease, the probability is 75 percent that the screening test will be positive. If a person does not have the disease, the probability is 5 percent that the test will still be positive. A person from this programme has just tested positive. What is the probability that this person actually has the disease? Explain how you arrived at your answer.","So again, we need to expand the probability of being positive given that you have the disease times the probability of the disease. So the probability of being positive given that you have the disease is 0.75, and the probability of having the disease is 0.03. So if we do the calculation, we have 0.75 times 0.03 gives 0.025. And then that equals the probability of having the disease given that you're positive times the probability of being positive. And if we expand the probability of being positive with the probability of being positive given that you have the disease, which is 0.75, plus the probability of being positive given that you don't have the disease, 0.05, and then we do the calculation.",kc1_sample_space;kc2_conditioning;kc3_joint_chain;kc4_total_probability;kc5_bayes_update,kc1_sample_space;kc2_conditioning;kc3_joint_chain,wrong,correct,correct,correct,NA,NA,NA,NA,NA,quiet,quiet,"No answer, wrong on the answer channel, the recording ending at the announcement of the final calculation, their second truncation in consecutive items, the data-quality note escalated, the source audio for their session worth checking end to end before the freeze, both rows re-opening under the amendment log if real content exists. What exists displays sound and even sophisticated structure, the joint executed with a traceable slip, 0.025 for 0.0225, kc3 correct, the symmetry of the joint written in both directions, kc2 correct, referents valued, kc1 correct, and the assembly announced with both branches named but never valued, announced-only, kc4 not engaged, the division never reached, kc5 not engaged. Flags, both quiet, unlike their two-character Q11 this reasoning is legible, the prior load-bearing in the executed joint, both branches of the pool named in the announced expansion, the conceptions affirmatively absent from what is displayed. Sweep, nothing further."
P11,12,"In a routine screening programme, 3 percent of the people screened have a certain disease. If a person has the disease, the probability is 75 percent that the screening test will be positive. If a person does not have the disease, the probability is 5 percent that the test will still be positive. A person from this programme has just tested positive. What is the probability that this person actually has the disease? Explain how you arrived at your answer.","Okay, so the total number of people that would test positive would be 75% of the 3% who have the disease and 5% of the 97% who don't have the disease. So that is our denominator, that is the probability that you test positive. Now, numerator would be the probability that you test positive and have the disease, which would be 75% of the 3%. They tested positive and they have the disease. So that is 3% of 75% divided by 3% of 75% plus 97% of 3%. Okay. And that number gives us 45 over 142. There's a 45 over 142 chance that the person for the program has just tested positive and actually has the disease.",kc1_sample_space;kc2_conditioning;kc3_joint_chain;kc4_total_probability;kc5_bayes_update,kc1_sample_space;kc2_conditioning;kc3_joint_chain;kc4_total_probability;kc5_bayes_update,correct,correct,correct,correct,correct,correct,NA,NA,NA,quiet,quiet,"Answer 45 over 142, correct and exact, 31.69 percent. The opening narration is right, 75 percent of the 3 who have it and 5 percent of the 97 who do not, the restatement garbles to 97-of-3, and the executed 0.071 requires the correct values, the execution test governing, fluency noted. All five sound. Flags, both quiet. Sweep, nothing further."
P12,12,"In a routine screening programme, 3 percent of the people screened have a certain disease. If a person has the disease, the probability is 75 percent that the screening test will be positive. If a person does not have the disease, the probability is 5 percent that the test will still be positive. A person from this programme has just tested positive. What is the probability that this person actually has the disease? Explain how you arrived at your answer.","Okay, so with three significant digits, the answer is 0.317. And I arrived at this answer by drawing a confusion matrix, and I labeled three events using letters A, B, C. A is labeled as ground truth says yes. B is labeled as prediction says yes. C is labeled as ground truth says no. And then I compute. I am given that the probability of A is 3%, the probability of B given A is 75%, the probability of B given C is 5%, and the probability of A given B using Bayes' theorem is equal to the probability of the intersection of A and B divided by the probability of B. And we know that A and C sum to 1, which means that the probability of C is 97%. Then we compute the probability of the intersection of A and B, and this is given by the probability of B conditioned on A times the probability of A. We know both of these numbers, so it's fine. We then also compute the probability the probability of A intersected with C, and we compute this as the probability... Sorry. The last expression that I meant was not the probability of A intersection C, but the probability of B intersection C, and we compute this by... by having the probability of B conditioned on C times the probability of C. We know both of these numbers, so it's fine. And then we can also quite easily compute the probability of B, because this is the sum of the probability of A intersection B and the intersection of B and C. Okay, and that's how we get to the final answer.",kc1_sample_space;kc2_conditioning;kc3_joint_chain;kc4_total_probability;kc5_bayes_update,kc1_sample_space;kc2_conditioning;kc3_joint_chain;kc4_total_probability;kc5_bayes_update,correct,correct,correct,correct,correct,correct,NA,NA,NA,quiet,quiet,"Answer 0.317, correct, the confusion matrix drawn, the three events labeled, the complement derived, the intersection over the marginal. All five sound. Flags, both quiet. Sweep, nothing further."
P13,12,"In a routine screening programme, 3 percent of the people screened have a certain disease. If a person has the disease, the probability is 75 percent that the screening test will be positive. If a person does not have the disease, the probability is 5 percent that the test will still be positive. A person from this programme has just tested positive. What is the probability that this person actually has the disease? Explain how you arrived at your answer.","I think the probability that this person actually has the disease is 95%. I tried to use the Bayesian system to calculate the result, but actually I don't know how to find out the correct value. But based on my analysis, I think if you would like to find out the probability that this person actually has the disease, given that you have the positive result, I think we can just use the probability 100% to minus the event that what if you got the positive result, but actually you don't have any diseases. I think from the description that the 5% that the test will still be positive if the person does not have the disease. So I just use 1 to minus this kind of 5% to get the result of 95%.",kc1_sample_space;kc2_conditioning;kc3_joint_chain;kc4_total_probability;kc5_bayes_update,kc1_sample_space;kc4_total_probability;kc5_bayes_update,wrong,correct,NA,NA,wrong,wrong,NA,NA,NA,NA,NA,"Answer 95 percent, wrong, the complement-of-the-false-positive-rate route, one minus the 5. The referent is right, the 5 identified precisely as the positive-if-no-disease rate, kc1 correct, and the posed target is stated in full and held, disease given the positive result, kc2 not engaged, no products, kc3 not engaged. The positive pool their stated target demanded is never conceived, kc4 wrong, and the complement of a healthy-world rate is delivered as the positive-world posterior, the unnormalised object as the answer, the normalisation-recognition failure in complement dress, with the complement additionally taken across the wrong conditioning, kc5 wrong, the Bayesian system named by them as the thing they cannot operate. Flags, base_rate_neglect fired, the sole-production precedent, their own Q8 fire's twin, the only value-machinery produced is prior-absent, the task surviving in their own target sentence, hedged again, the dataset's cleanest persistence observation, two computational triggers, two sole-productions, denominator_neglect quiet, nothing built or defended, the absence priced at kc4. Sweep, nothing further. Review, both fires dissolved on the Q8 solution mirrored, no prior ever faced, the complement route demanding no pool, the kc4 and kc5 wrongs standing, and the persistence-pair note retired, the freeze roster updating at close-out."
P14,12,"In a routine screening programme, 3 percent of the people screened have a certain disease. If a person has the disease, the probability is 75 percent that the screening test will be positive. If a person does not have the disease, the probability is 5 percent that the test will still be positive. A person from this programme has just tested positive. What is the probability that this person actually has the disease? Explain how you arrived at your answer.","Let a be the probability that the person has the disease, and b be the problem. Sorry, let A be the event that the person has the disease and B be the event that they test positive. by Bayes theorem P of A given B is P of B given A times P of A over P of B, and P of B will be P of B given A times P of A plus P of B given not A times P of not A. Putting in each of those we have P of B given a Stated as 75%, 75% likely that the test will be positive if the person has the disease. Athe probability that they  have the disease is the is three percent. So P of B given A times A will be seventy-five percent times three percent. And P of B given not A is listed as five percent. So P of B will be 75% times 3% plus 5% times 97%. Overall, p is 75% times 3% over 75% times 3% plus 5% times 97%, which comes out to around 32%. So the probability that the person actually has the disease, given that they have tested positive, is around 32%.",kc1_sample_space;kc2_conditioning;kc3_joint_chain;kc4_total_probability;kc5_bayes_update,kc1_sample_space;kc2_conditioning;kc3_joint_chain;kc4_total_probability;kc5_bayes_update,correct,correct,correct,correct,correct,correct,NA,NA,NA,quiet,quiet,"Answer around 32 percent, correct, full Bayes with events lettered, the denominator expanded and valued. All five sound. Flags, both quiet. Sweep, nothing further."
P15,12,"In a routine screening programme, 3 percent of the people screened have a certain disease. If a person has the disease, the probability is 75 percent that the screening test will be positive. If a person does not have the disease, the probability is 5 percent that the test will still be positive. A person from this programme has just tested positive. What is the probability that this person actually has the disease? Explain how you arrived at your answer.","Okay, so let's assume we have 100 people tested in total, so three of them, they have a certain disease. and if that person has the disease, the probability is 75%, the screen test will be positive, that gives us probability 2.25 divided by 100, that this person is tested positive and has a disease. People who don't have a disease, that we're left with, is 97, the test can be, the person doesn't have a disease, but the test will be positive as 5%, which gives us 4.85 divided by 100, so the probability that the test is positive, but there is no disease. So, given that it is a trend, we multiply these two between each other, so  2.25 divided by 100, we multiply 4.85 divided by 100, and we get 1.09125 multiplied by 10 to the degree minus 3, something like that.",kc1_sample_space;kc2_conditioning;kc3_joint_chain;kc4_total_probability;kc5_bayes_update,kc1_sample_space;kc3_joint_chain;kc4_total_probability,wrong,correct,NA,correct,wrong,NA,NA,NA,NA,NA,quiet,"Answer 1.09 times ten to the minus three, wrong, them fifth multiply-instead-of-combine, Q7, Q8, Q9, Q10, Q12, the dataset's most stable individual signature. Both joints are built perfectly and meaning-labeled, tested-positive-and-has-it at 2.25 per hundred, positive-without-it at 4.85, the exact masses the correct answer needs, kc3 correct, the frame faithful, kc1 correct, and the two exclusive branches are then multiplied where the pool demanded their sum, the named unsound combination, kc4 wrong, with no distinct updating act beyond it, kc5 not engaged, one failure, one home, the garbled pivot phrase noted. Flags, both quiet, both branches conceived and weighted, the denominator conception's negation, the prior load-bearing. Sweep, nothing further. Review, denominator_neglect not-applicable on the pool-unformed ground, the two exact masses built and multiplied where their sum was demanded, no total ever existing, the negation incomplete, composition-awareness preserved and credited at kc3, base_rate_neglect quiet standing on the woven prior."
P16,12,"In a routine screening programme, 3 percent of the people screened have a certain disease. If a person has the disease, the probability is 75 percent that the screening test will be positive. If a person does not have the disease, the probability is 5 percent that the test will still be positive. A person from this programme has just tested positive. What is the probability that this person actually has the disease? Explain how you arrived at your answer.","So I think the probability of a person having this disease is 3%. So 97% are healthy. And among those 3% which have that certain disease, 75% of them have a screen testing and their test is positive. So 75% of the 3 is equal to 9 by 4. And 25% which their test is negative, still they might have the disease by 5%. So 25% of that 3 is 3 by 4 and multiplied by 5% is equal to 3 by  80. and when I divide it all together is 9 by 4 over 12 by 4. And at the end I arrive to this number which is 9 over 12.",kc1_sample_space;kc2_conditioning;kc3_joint_chain;kc4_total_probability;kc5_bayes_update,kc1_sample_space;kc2_conditioning;kc3_joint_chain;kc4_total_probability;kc5_bayes_update,wrong,correct,wrong,correct,correct,correct,NA,NA,NA,quiet,quiet,"Answer 9 over 12, 75 percent, wrong, and the construction is the sensitivity exactly, P of positive given disease, 2.25 sick-positives over all 3 sick, delivered under the posterior's name, the conditioning event swapped end to end, disease installed where the stem poses positive, kc2 wrong, the what-to-solve register, the inverse structure produced by construal, no identity asserted, no fire, the demarcation holding. Within their construed disease-world the machinery is sound, the sick partition weighted correctly at 75 and 25 of the three, kc4 correct, the products meaning-labeled, kc3 correct, the ratio read as a conditional and exact in-world, kc5 correct, the referents of the final construction sound, kc1 correct, with the abandoned side-term noted, the false-positive rate briefly misattached to sick-negatives, computed as 3-over-80 and dropped, the override rule leaving it a slip. Flags, both quiet, the prior them entire scaffold, the positive-pool's absence their construal's artifact. Sweep, the sensitivity-as-posterior noted as construal, not conception. Sweep, nothing further."
P17,12,"In a routine screening programme, 3 percent of the people screened have a certain disease. If a person has the disease, the probability is 75 percent that the screening test will be positive. If a person does not have the disease, the probability is 5 percent that the test will still be positive. A person from this programme has just tested positive. What is the probability that this person actually has the disease? Explain how you arrived at your answer.","i think the answer is around 30 percent. so if we assume there are 10,000 people the three percent of the people has a disease so which is around 300 people. and the test probability is 75 percent, so out of those 300 people only 225 will test positive. for other 99 700 people who does not have a disease there's a five percent false probability chance which is around 485 false positive test. so in total after 10 000 people there will be around 710 people will test positively only 225 have a disease. So the answer for the probability that the person actually has the disease is 225 divided by 710 which is around 30 percent.",kc1_sample_space;kc2_conditioning;kc3_joint_chain;kc4_total_probability;kc5_bayes_update,kc1_sample_space;kc2_conditioning;kc3_joint_chain;kc4_total_probability;kc5_bayes_update,correct,correct,correct,correct,correct,correct,NA,NA,NA,quiet,quiet,"Answer 225 over 710, correct, the ten-thousand frame, 300 sick yielding 225 true positives, the 9,700 healthy yielding 485 false positives, the spoken 99,700 a transcription garble anchored by the executed 485, the pool 710, the ratio exact. All five sound. Flags, both quiet. Sweep, nothing further."
P18,12,"In a routine screening programme, 3 percent of the people screened have a certain disease. If a person has the disease, the probability is 75 percent that the screening test will be positive. If a person does not have the disease, the probability is 5 percent that the test will still be positive. A person from this programme has just tested positive. What is the probability that this person actually has the disease? Explain how you arrived at your answer.","okay so to find out the probability that a person has the disease given that they have a positive test like before we look into the event that we have a positive test and we look for the proportion of the time in that event that the person has the disease. so first we have to find the probability of getting a positive test um and so there are two cases you get a positive test and you have the disease or you get a positive test and you don't have the disease so again we multiply the probabilities in each case so first case you have the disease that's 0.03 percent and the probability of getting a positive test in that case is 75 percent multiply those together and the second case it's the complement of that so 0.97 chance you don't have the disease multiplied by the chance of getting a positive test if you don't have the disease which was given um five percent. And then we add those two together and we get that the total probability of getting a positive test is 7.1 um now that we have that so how many times out of that does a person have a disease within that 7.1 percent. so in that case we have the 75 percent of the time that they have a positive test while having the disease times the probability that they do have the disease um three percent as before, we divide that event by 7.1 percent that we found. And in the end you have 31.7 percent chance that the problem that the person has the disease given a positive test.",kc1_sample_space;kc2_conditioning;kc3_joint_chain;kc4_total_probability;kc5_bayes_update,kc1_sample_space;kc2_conditioning;kc3_joint_chain;kc4_total_probability;kc5_bayes_update,correct,correct,correct,correct,correct,correct,NA,NA,NA,quiet,quiet,"Answer 31.7 percent, correct, both cases named as cases, the complements derived aloud, 7.1 assembled, the proportion-within stated as the method and executed. All five sound. Flags, both quiet affirmatively. Sweep, nothing further."
P19,12,"In a routine screening programme, 3 percent of the people screened have a certain disease. If a person has the disease, the probability is 75 percent that the screening test will be positive. If a person does not have the disease, the probability is 5 percent that the test will still be positive. A person from this programme has just tested positive. What is the probability that this person actually has the disease? Explain how you arrived at your answer.","Okay, so we're asked to find the probability that a person has a disease given that they test positive. So again, let's use Bayes' theorem. So first, let's look at the probability that a person tests positive given that they have the disease, which we know from the question is 75%, so 0.75, times by the probability that a person actually has a disease. And we know that this is 3% of the people screened, so 0.03, divided by the probability that a person tests positive, irregardless of whether they have the disease or not. So again, this will be 0.75 times 0.03, which is the probability that they test positive given that they have the disease, plus, let's look at the false positive rate. So the probability that they test positive, even if they don't have the disease, is 0.05, times by the amount of people that are not diseased,  so this would be 0.97, or 97% of the population. And then when we bring all of that together, we get an answer of around about 0.32, so around 32%.",kc1_sample_space;kc2_conditioning;kc3_joint_chain;kc4_total_probability;kc5_bayes_update,kc1_sample_space;kc2_conditioning;kc3_joint_chain;kc4_total_probability;kc5_bayes_update,correct,correct,correct,correct,correct,correct,NA,NA,NA,quiet,quiet,"Answer around 32 percent, correct, full Bayes narrated with the false-positive branch weighted by the 97, the assembly and division performed. All five sound. Flags, both quiet. Sweep, nothing further."
P20,12,"In a routine screening programme, 3 percent of the people screened have a certain disease. If a person has the disease, the probability is 75 percent that the screening test will be positive. If a person does not have the disease, the probability is 5 percent that the test will still be positive. A person from this programme has just tested positive. What is the probability that this person actually has the disease? Explain how you arrived at your answer.","Okay, so my answer is like 45 over 146. So let's go through the whole calculation process. First, we need to calculate the total probability of one person in this program who will be tested positive, right.  So we can separately calculate it first for those who actually have a certain disease. So 3% of the program's population will have, and 75% of them, their test will be positive. So the product of 3% and 75% is like 0.0225, yeah. And the second part, we need to calculate those people who does not have the certain disease, but their test is also be positive. So the product of 97%. By the way, the 97% is come from 1 minus 3%. So 97% is the probability of one people who have not got the certain disease in this program. So the product of 97% and 5% is, as you said, the probability is 5% that those who have not got the disease, their test will still be positive. So the result is, so the product is like 0.0485. So the total probability of whose test will be positive, including who actually have the certain disease, and those people who have not got the certain disease, is like 7.3%, right? Okay. So the question is like the probability that this... This person actually have the disease. So this person actually have the disease, the probability is like 2.25%. So we can calculate 2.25 over 7.3. It's like 45 over 146. Yes.",kc1_sample_space;kc2_conditioning;kc3_joint_chain;kc4_total_probability;kc5_bayes_update,kc1_sample_space;kc2_conditioning;kc3_joint_chain;kc4_total_probability;kc5_bayes_update,wrong,correct,correct,correct,correct,correct,NA,NA,NA,quiet,quiet,"Answer 45 over 146, 30.8 percent, wrong by a mis-addition, their branches exact at 0.0225 and 0.0485 and their sum spoken as 7.3 where it is 7.1, the division then faithful on their total, the two-condition test passing, roles sound, the value traceable through one slipped sum, a bridge tally beside the item's misread rows. All five concepts correct, the complement of the prior derived aloud, both joints labeled, the pool conceived from both weighted branches, the ratio right-in-kind. Flags, both quiet, both conceptions' negations displayed. Sweep, nothing further."
P21,12,"In a routine screening programme, 3 percent of the people screened have a certain disease. If a person has the disease, the probability is 75 percent that the screening test will be positive. If a person does not have the disease, the probability is 5 percent that the test will still be positive. A person from this programme has just tested positive. What is the probability that this person actually has the disease? Explain how you arrived at your answer.","okay the probability the total probability of having disease is three percent. so the probability of not having disease is 97 percent. the probability that we see the positive when a person has disease is 75 percent and the probability that the actually the false positive one is when we see the positive test supposed to a person not actually have any disease it's five percent. so based on the bayes theorem, probability of the seeing ... the probability that the person has disease based on we are seeing a positive test is equal to probability of the positive test they are suppose have having disease multiplied by probability of having disease divided by by the same things plus probability of the positive test supposed to not having disease multiplied by probability of not having disease. if we just put the numbers through this formula we got to these 75 multiplied by 3 divided by 75 multiplied by 3 plus 5 multiply 97 and totally we have 225 divided by 710 and the final answer is 0.32.",kc1_sample_space;kc2_conditioning;kc3_joint_chain;kc4_total_probability;kc5_bayes_update,kc1_sample_space;kc2_conditioning;kc3_joint_chain;kc4_total_probability;kc5_bayes_update,correct,correct,correct,correct,correct,correct,NA,NA,NA,quiet,quiet,"Answer 0.32, correct, full Bayes narrated through heavy fluency, every term placed, 225 over 710. All five sound. Flags, both quiet. Sweep, nothing further."
P22,12,"In a routine screening programme, 3 percent of the people screened have a certain disease. If a person has the disease, the probability is 75 percent that the screening test will be positive. If a person does not have the disease, the probability is 5 percent that the test will still be positive. A person from this programme has just tested positive. What is the probability that this person actually has the disease? Explain how you arrived at your answer.","So, we want to find the probability of someone having a disease, given that they tested positive. So, in our population of people who have screened, in general, 3% actually have the disease, and the probability of the test giving a positive result, given that they actually do have the disease, is 75%, while the probability of the test giving a positive result, given that they don't actually have the disease, is 5%. So, we can use the Bayes' theorem to calculate the answer. So, on the numerator, we're going to have the probability of the testing positive, given that they actually have the disease, times the probability of a random person having a disease in the population, and that is going to be 75% times 3, which is, oh sorry, times 3%, so 75% times 3%, that's 2.25%. And the term in the denominator, that's the probability of a positive result in general, from the whole population, out of all the people who have screened. And that can be split up into two terms. Again, this is disjoint events, where the test is positive, and they actually have the disease, and the other event is that the test is positive, but they actually don't have the disease. So, let's just do the first term. The first term is going to be the same term as the numerator, which is going to be 2.25%. And the second term is going to be the probability of a person testing positive, given that they don't have the disease, times the probability of a random person not having the disease in the population, which you can infer from the probability. So, it's going to be 1 minus 3%, which is 97%. And the probability of a person testing positive, given that they don't have the disease, is 5%. That's given to us from the question. So, 5% times 97%, that is 4.85%. So, we sum them up, 4.85 plus 2.25, that gives us... Oops, I think I did a mistake here. Oh, sorry, no. That gives us 7.1%. That's the probability of a positive result in general. Oh, yeah, actually, yeah. So, yeah, that's the denominator. So, the numerator, like we said, is 2.25%. So, 2.25% over 7.1%. That gives us 31.69%. Let me just quickly check my answer, in case I didn't do any arithmetic mistakes. Yeah, correct. Yes.",kc1_sample_space;kc2_conditioning;kc3_joint_chain;kc4_total_probability;kc5_bayes_update,kc1_sample_space;kc2_conditioning;kc3_joint_chain;kc4_total_probability;kc5_bayes_update,correct,correct,correct,correct,correct,correct,NA,NA,NA,quiet,quiet,"Answer 31.69 percent, correct, the item's most explicit solve, disjoint events named as the method, both terms built with meanings, the mid-stream self-doubt checked and resolved, the answer verified aloud. All five sound. Flags, both quiet affirmatively. Sweep, nothing further."
P23,12,"In a routine screening programme, 3 percent of the people screened have a certain disease. If a person has the disease, the probability is 75 percent that the screening test will be positive. If a person does not have the disease, the probability is 5 percent that the test will still be positive. A person from this programme has just tested positive. What is the probability that this person actually has the disease? Explain how you arrived at your answer.","So since the person has tested positive, so the probability of that is 3%, yes, so I would say it is 3% regardless of the other variables in this question because it directly asks the probability of the person has actually disease. I would say 3%.",kc1_sample_space;kc2_conditioning;kc3_joint_chain;kc4_total_probability;kc5_bayes_update,kc1_sample_space;kc5_bayes_update,wrong,correct,NA,NA,NA,wrong,NA,NA,NA,NA,quiet,"Answer 3 percent, wrong, the prior as the posterior with the equation articulated. The condition is held, their own opening acknowledging the given, since the person has tested positive, and the prior is then delivered as that held question's answer, P of disease given positive equated to P of disease, the null update, the evidence dismissed unweighed, regardless of the other variables, with their stated ground, the question directly asks the probability the person has the disease, kc5 wrong, the judgment face's revision-refusal, P16-Q10's articulated twin, the dataset's conservatism family complete at two members. The 3 identified correctly, kc1 correct, no selection or restriction failure displayed, kc2 not engaged, nothing built, kc3 and kc4 not engaged, a refused update never reaching the pool. Flags, base_rate_neglect quiet, the conception's opposite pole, the prior maximally present, conservatism deliberately unflagged per the design, denominator_neglect quiet, nothing arises. Sweep, the null update is the independence-flavoured equation, not the transpose, no inverse fire. Sweep, nothing further. Review, denominator_neglect not-applicable, no pool in a refused update, the base-rate quiet standing on the articulated hold, the conservatism pole."
P24,12,"In a routine screening programme, 3 percent of the people screened have a certain disease. If a person has the disease, the probability is 75 percent that the screening test will be positive. If a person does not have the disease, the probability is 5 percent that the test will still be positive. A person from this programme has just tested positive. What is the probability that this person actually has the disease? Explain how you arrived at your answer.","So to solve this question I decided to write a confusion matrix which the columns show if an age if a patient is sick or healthy and the rows shows if a test is positive or negative. So if a patient is sick so and the percentages are represented related to the whole population so if a test is positive and the person is sick that corresponds to 2.25 percent of the population because it's 75 percent of the three percent who are actually sick. and then if you're sick the probability of you get a negative test then it's three percent of the of the people who are actually sick... who are actually sick, multiplied by the remaining 75% of sick people that test negative. So that gives a value of 0.75%. As for the healthy column, the probability that you get a positive test by being healthy is 5%. So the value in the positive healthy element is 5% of 97% of the people who are actually healthy, which gives a result of 4.85%. And the remaining percentage is put in the negative healthy element, which equals 92.15%. Therefore, the probability... The probability that one person who tests positive is actually sick is the percentage of people who are sick and positive in the numerator and the percentage of people who are just positive in the denominator. So 2.25% divided by the sum of 2.25% plus 4.85%. The first term, sorry, 2.25% relating to the number of sick positives and 4.85% corresponding to the number of healthy positives. This gives a value, a final probability of around 31.7% that if a person has just tested positive, is actually sick.",kc1_sample_space;kc2_conditioning;kc3_joint_chain;kc4_total_probability;kc5_bayes_update,kc1_sample_space;kc2_conditioning;kc3_joint_chain;kc4_total_probability;kc5_bayes_update,correct,correct,correct,correct,correct,correct,NA,NA,NA,quiet,quiet,"Answer 31.7 percent, correct, the full confusion matrix with all four cells valued, 2.25, 0.75, 4.85, 92.15, the numerator and denominator meanings stated, the sick-negative narration garbled and the value exact, execution governing. All five sound. Flags, both quiet affirmatively. Sweep, nothing further."
P25,12,"In a routine screening programme, 3 percent of the people screened have a certain disease. If a person has the disease, the probability is 75 percent that the screening test will be positive. If a person does not have the disease, the probability is 5 percent that the test will still be positive. A person from this programme has just tested positive. What is the probability that this person actually has the disease? Explain how you arrived at your answer.","So, the answer to this question is 31.69% and the way I've calculated it is basically what we need to find is the probability that the person has the disease given that the test is positive. And, that is basically, if you use the Bayes formula, you get the probability that the person gets a positive result given that he has the disease into the probability of having the disease divided by the probability of testing positive. So, if you plug in the values in the numerator, you get 75% of 3% and the denominator. You again add two possibilities. The first possibility is that you have the disease and you get tested positive, which is basically 75% into 3%. And then the second possibility is that you don't have the disease and then you get tested positive, which is basically 5% into 97%. And you add those two together to the denominator. And when you simplify this, you get 225 by 710, which is basically 31.69%.",kc1_sample_space;kc2_conditioning;kc3_joint_chain;kc4_total_probability;kc5_bayes_update,kc1_sample_space;kc2_conditioning;kc3_joint_chain;kc4_total_probability;kc5_bayes_update,correct,correct,correct,correct,correct,correct,NA,NA,NA,quiet,quiet,"Answer 31.69 percent, correct, Bayes stated, both possibilities of the denominator named and valued, 225 by 710. All five sound. Flags, both quiet. Sweep, nothing further."
P26,12,"In a routine screening programme, 3 percent of the people screened have a certain disease. If a person has the disease, the probability is 75 percent that the screening test will be positive. If a person does not have the disease, the probability is 5 percent that the test will still be positive. A person from this programme has just tested positive. What is the probability that this person actually has the disease? Explain how you arrived at your answer.","The answer for that would be around 0.32, two significant figures, so this can be solved by a base rule. So it is trying to find the probability of having the disease given a positive result. So first you find the probability of a positive result given the person has a disease which is 0.75 and the probability of a person having the disease is 0.03. and the probability of being positive would be the probability of a person getting a positive result but having the disease and plus the probability of a person getting a probability getting a positive result but doesn't have the disease, so that would be 0.75 multiplied by 0.03 plus 0.05 multiplied by 0.97, so that would be 0.071. so if you substitute all the values back it just becomes 0.32 rounded to two significant figures.",kc1_sample_space;kc2_conditioning;kc3_joint_chain;kc4_total_probability;kc5_bayes_update,kc1_sample_space;kc2_conditioning;kc3_joint_chain;kc4_total_probability;kc5_bayes_update,correct,correct,correct,correct,correct,correct,NA,NA,NA,quiet,quiet,"Answer 0.32, correct, the rule named, both terms of the marginal built, 0.071, the substitution completed. All five sound. Flags, both quiet. Sweep, nothing further."
